[2025-07-06T00:38:05.798+0000] {processor.py:186} INFO - Started process (PID=838) to work on /opt/airflow/dags/driven_data_pipeline.py
[2025-07-06T00:38:05.799+0000] {processor.py:914} INFO - Processing file /opt/airflow/dags/driven_data_pipeline.py for tasks to queue
[2025-07-06T00:38:05.807+0000] {logging_mixin.py:190} INFO - [2025-07-06T00:38:05.806+0000] {dagbag.py:588} INFO - Filling up the DagBag from /opt/airflow/dags/driven_data_pipeline.py
[2025-07-06T00:38:06.550+0000] {processor.py:925} INFO - DAG(s) 'extract_raw_data_pipeline' retrieved from /opt/airflow/dags/driven_data_pipeline.py
[2025-07-06T00:38:06.778+0000] {logging_mixin.py:190} INFO - [2025-07-06T00:38:06.777+0000] {override.py:1900} INFO - Created Permission View: can edit on DAG:extract_raw_data_pipeline
[2025-07-06T00:38:06.788+0000] {logging_mixin.py:190} INFO - [2025-07-06T00:38:06.787+0000] {override.py:1900} INFO - Created Permission View: can read on DAG:extract_raw_data_pipeline
[2025-07-06T00:38:06.795+0000] {logging_mixin.py:190} INFO - [2025-07-06T00:38:06.794+0000] {override.py:1900} INFO - Created Permission View: can delete on DAG:extract_raw_data_pipeline
[2025-07-06T00:38:06.804+0000] {logging_mixin.py:190} INFO - [2025-07-06T00:38:06.804+0000] {override.py:1900} INFO - Created Permission View: can delete on DAG Run:extract_raw_data_pipeline
[2025-07-06T00:38:06.811+0000] {logging_mixin.py:190} INFO - [2025-07-06T00:38:06.811+0000] {override.py:1900} INFO - Created Permission View: can create on DAG Run:extract_raw_data_pipeline
[2025-07-06T00:38:06.818+0000] {logging_mixin.py:190} INFO - [2025-07-06T00:38:06.818+0000] {override.py:1900} INFO - Created Permission View: can read on DAG Run:extract_raw_data_pipeline
[2025-07-06T00:38:06.826+0000] {logging_mixin.py:190} INFO - [2025-07-06T00:38:06.825+0000] {override.py:1900} INFO - Created Permission View: menu access on DAG Run:extract_raw_data_pipeline
[2025-07-06T00:38:06.826+0000] {logging_mixin.py:190} INFO - [2025-07-06T00:38:06.826+0000] {dag.py:3239} INFO - Sync 1 DAGs
[2025-07-06T00:38:06.837+0000] {logging_mixin.py:190} INFO - [2025-07-06T00:38:06.836+0000] {dag.py:3262} INFO - Creating ORM DAG for extract_raw_data_pipeline
[2025-07-06T00:38:06.844+0000] {logging_mixin.py:190} INFO - [2025-07-06T00:38:06.844+0000] {dag.py:4180} INFO - Setting next_dagrun for extract_raw_data_pipeline to 2025-07-05 07:58:00+00:00, run_after=2025-07-05 07:59:00+00:00
[2025-07-06T00:38:06.860+0000] {processor.py:208} INFO - Processing /opt/airflow/dags/driven_data_pipeline.py took 1.075 seconds
[2025-07-06T00:38:36.997+0000] {processor.py:186} INFO - Started process (PID=846) to work on /opt/airflow/dags/driven_data_pipeline.py
[2025-07-06T00:38:36.998+0000] {processor.py:914} INFO - Processing file /opt/airflow/dags/driven_data_pipeline.py for tasks to queue
[2025-07-06T00:38:37.001+0000] {logging_mixin.py:190} INFO - [2025-07-06T00:38:37.000+0000] {dagbag.py:588} INFO - Filling up the DagBag from /opt/airflow/dags/driven_data_pipeline.py
[2025-07-06T00:38:37.332+0000] {processor.py:925} INFO - DAG(s) 'extract_raw_data_pipeline' retrieved from /opt/airflow/dags/driven_data_pipeline.py
[2025-07-06T00:38:37.353+0000] {logging_mixin.py:190} INFO - [2025-07-06T00:38:37.353+0000] {dag.py:3239} INFO - Sync 1 DAGs
[2025-07-06T00:38:37.371+0000] {logging_mixin.py:190} INFO - [2025-07-06T00:38:37.371+0000] {dag.py:4180} INFO - Setting next_dagrun for extract_raw_data_pipeline to 2025-07-05 07:58:00+00:00, run_after=2025-07-05 07:59:00+00:00
[2025-07-06T00:38:37.387+0000] {processor.py:208} INFO - Processing /opt/airflow/dags/driven_data_pipeline.py took 0.397 seconds
[2025-07-06T00:39:07.606+0000] {processor.py:186} INFO - Started process (PID=862) to work on /opt/airflow/dags/driven_data_pipeline.py
[2025-07-06T00:39:07.607+0000] {processor.py:914} INFO - Processing file /opt/airflow/dags/driven_data_pipeline.py for tasks to queue
[2025-07-06T00:39:07.610+0000] {logging_mixin.py:190} INFO - [2025-07-06T00:39:07.609+0000] {dagbag.py:588} INFO - Filling up the DagBag from /opt/airflow/dags/driven_data_pipeline.py
[2025-07-06T00:39:07.935+0000] {processor.py:925} INFO - DAG(s) 'extract_raw_data_pipeline' retrieved from /opt/airflow/dags/driven_data_pipeline.py
[2025-07-06T00:39:07.956+0000] {logging_mixin.py:190} INFO - [2025-07-06T00:39:07.956+0000] {dag.py:3239} INFO - Sync 1 DAGs
[2025-07-06T00:39:07.975+0000] {logging_mixin.py:190} INFO - [2025-07-06T00:39:07.975+0000] {dag.py:4180} INFO - Setting next_dagrun for extract_raw_data_pipeline to 2025-07-05 07:59:00+00:00, run_after=2025-07-06 07:00:00+00:00
[2025-07-06T00:39:07.991+0000] {processor.py:208} INFO - Processing /opt/airflow/dags/driven_data_pipeline.py took 0.392 seconds
[2025-07-06T00:39:38.439+0000] {processor.py:186} INFO - Started process (PID=870) to work on /opt/airflow/dags/driven_data_pipeline.py
[2025-07-06T00:39:38.441+0000] {processor.py:914} INFO - Processing file /opt/airflow/dags/driven_data_pipeline.py for tasks to queue
[2025-07-06T00:39:38.444+0000] {logging_mixin.py:190} INFO - [2025-07-06T00:39:38.443+0000] {dagbag.py:588} INFO - Filling up the DagBag from /opt/airflow/dags/driven_data_pipeline.py
[2025-07-06T00:39:38.620+0000] {processor.py:925} INFO - DAG(s) 'extract_raw_data_pipeline' retrieved from /opt/airflow/dags/driven_data_pipeline.py
[2025-07-06T00:39:38.647+0000] {logging_mixin.py:190} INFO - [2025-07-06T00:39:38.646+0000] {dag.py:3239} INFO - Sync 1 DAGs
[2025-07-06T00:39:38.668+0000] {logging_mixin.py:190} INFO - [2025-07-06T00:39:38.667+0000] {dag.py:4180} INFO - Setting next_dagrun for extract_raw_data_pipeline to 2025-07-05 07:59:00+00:00, run_after=2025-07-06 07:00:00+00:00
[2025-07-06T00:39:38.686+0000] {processor.py:208} INFO - Processing /opt/airflow/dags/driven_data_pipeline.py took 0.253 seconds
[2025-07-06T00:40:08.892+0000] {processor.py:186} INFO - Started process (PID=878) to work on /opt/airflow/dags/driven_data_pipeline.py
[2025-07-06T00:40:08.893+0000] {processor.py:914} INFO - Processing file /opt/airflow/dags/driven_data_pipeline.py for tasks to queue
[2025-07-06T00:40:08.897+0000] {logging_mixin.py:190} INFO - [2025-07-06T00:40:08.896+0000] {dagbag.py:588} INFO - Filling up the DagBag from /opt/airflow/dags/driven_data_pipeline.py
[2025-07-06T00:40:09.106+0000] {processor.py:925} INFO - DAG(s) 'extract_raw_data_pipeline' retrieved from /opt/airflow/dags/driven_data_pipeline.py
[2025-07-06T00:40:09.138+0000] {logging_mixin.py:190} INFO - [2025-07-06T00:40:09.138+0000] {dag.py:3239} INFO - Sync 1 DAGs
[2025-07-06T00:40:09.162+0000] {logging_mixin.py:190} INFO - [2025-07-06T00:40:09.162+0000] {dag.py:4180} INFO - Setting next_dagrun for extract_raw_data_pipeline to 2025-07-05 07:59:00+00:00, run_after=2025-07-06 07:00:00+00:00
[2025-07-06T00:40:09.183+0000] {processor.py:208} INFO - Processing /opt/airflow/dags/driven_data_pipeline.py took 0.300 seconds
[2025-07-06T00:40:39.381+0000] {processor.py:186} INFO - Started process (PID=886) to work on /opt/airflow/dags/driven_data_pipeline.py
[2025-07-06T00:40:39.383+0000] {processor.py:914} INFO - Processing file /opt/airflow/dags/driven_data_pipeline.py for tasks to queue
[2025-07-06T00:40:39.386+0000] {logging_mixin.py:190} INFO - [2025-07-06T00:40:39.385+0000] {dagbag.py:588} INFO - Filling up the DagBag from /opt/airflow/dags/driven_data_pipeline.py
[2025-07-06T00:40:39.569+0000] {processor.py:925} INFO - DAG(s) 'extract_raw_data_pipeline' retrieved from /opt/airflow/dags/driven_data_pipeline.py
[2025-07-06T00:40:39.596+0000] {logging_mixin.py:190} INFO - [2025-07-06T00:40:39.596+0000] {dag.py:3239} INFO - Sync 1 DAGs
[2025-07-06T00:40:39.620+0000] {logging_mixin.py:190} INFO - [2025-07-06T00:40:39.620+0000] {dag.py:4180} INFO - Setting next_dagrun for extract_raw_data_pipeline to 2025-07-05 07:59:00+00:00, run_after=2025-07-06 07:00:00+00:00
[2025-07-06T00:40:39.646+0000] {processor.py:208} INFO - Processing /opt/airflow/dags/driven_data_pipeline.py took 0.272 seconds
[2025-07-06T00:41:09.856+0000] {processor.py:186} INFO - Started process (PID=894) to work on /opt/airflow/dags/driven_data_pipeline.py
[2025-07-06T00:41:09.857+0000] {processor.py:914} INFO - Processing file /opt/airflow/dags/driven_data_pipeline.py for tasks to queue
[2025-07-06T00:41:09.861+0000] {logging_mixin.py:190} INFO - [2025-07-06T00:41:09.861+0000] {dagbag.py:588} INFO - Filling up the DagBag from /opt/airflow/dags/driven_data_pipeline.py
[2025-07-06T00:41:10.073+0000] {processor.py:925} INFO - DAG(s) 'extract_raw_data_pipeline' retrieved from /opt/airflow/dags/driven_data_pipeline.py
[2025-07-06T00:41:10.114+0000] {logging_mixin.py:190} INFO - [2025-07-06T00:41:10.114+0000] {dag.py:3239} INFO - Sync 1 DAGs
[2025-07-06T00:41:10.151+0000] {logging_mixin.py:190} INFO - [2025-07-06T00:41:10.150+0000] {dag.py:4180} INFO - Setting next_dagrun for extract_raw_data_pipeline to 2025-07-05 07:59:00+00:00, run_after=2025-07-06 07:00:00+00:00
[2025-07-06T00:41:10.178+0000] {processor.py:208} INFO - Processing /opt/airflow/dags/driven_data_pipeline.py took 0.332 seconds
[2025-07-06T00:41:40.401+0000] {processor.py:186} INFO - Started process (PID=902) to work on /opt/airflow/dags/driven_data_pipeline.py
[2025-07-06T00:41:40.403+0000] {processor.py:914} INFO - Processing file /opt/airflow/dags/driven_data_pipeline.py for tasks to queue
[2025-07-06T00:41:40.406+0000] {logging_mixin.py:190} INFO - [2025-07-06T00:41:40.405+0000] {dagbag.py:588} INFO - Filling up the DagBag from /opt/airflow/dags/driven_data_pipeline.py
[2025-07-06T00:41:40.629+0000] {processor.py:925} INFO - DAG(s) 'extract_raw_data_pipeline' retrieved from /opt/airflow/dags/driven_data_pipeline.py
[2025-07-06T00:41:40.661+0000] {logging_mixin.py:190} INFO - [2025-07-06T00:41:40.661+0000] {dag.py:3239} INFO - Sync 1 DAGs
[2025-07-06T00:41:40.686+0000] {logging_mixin.py:190} INFO - [2025-07-06T00:41:40.686+0000] {dag.py:4180} INFO - Setting next_dagrun for extract_raw_data_pipeline to 2025-07-05 07:59:00+00:00, run_after=2025-07-06 07:00:00+00:00
[2025-07-06T00:41:40.706+0000] {processor.py:208} INFO - Processing /opt/airflow/dags/driven_data_pipeline.py took 0.314 seconds
[2025-07-06T00:42:10.920+0000] {processor.py:186} INFO - Started process (PID=910) to work on /opt/airflow/dags/driven_data_pipeline.py
[2025-07-06T00:42:10.921+0000] {processor.py:914} INFO - Processing file /opt/airflow/dags/driven_data_pipeline.py for tasks to queue
[2025-07-06T00:42:10.924+0000] {logging_mixin.py:190} INFO - [2025-07-06T00:42:10.924+0000] {dagbag.py:588} INFO - Filling up the DagBag from /opt/airflow/dags/driven_data_pipeline.py
[2025-07-06T00:42:11.103+0000] {processor.py:925} INFO - DAG(s) 'extract_raw_data_pipeline' retrieved from /opt/airflow/dags/driven_data_pipeline.py
[2025-07-06T00:42:11.129+0000] {logging_mixin.py:190} INFO - [2025-07-06T00:42:11.129+0000] {dag.py:3239} INFO - Sync 1 DAGs
[2025-07-06T00:42:11.152+0000] {logging_mixin.py:190} INFO - [2025-07-06T00:42:11.152+0000] {dag.py:4180} INFO - Setting next_dagrun for extract_raw_data_pipeline to 2025-07-05 07:59:00+00:00, run_after=2025-07-06 07:00:00+00:00
[2025-07-06T00:42:11.170+0000] {processor.py:208} INFO - Processing /opt/airflow/dags/driven_data_pipeline.py took 0.257 seconds
[2025-07-06T00:42:41.371+0000] {processor.py:186} INFO - Started process (PID=918) to work on /opt/airflow/dags/driven_data_pipeline.py
[2025-07-06T00:42:41.372+0000] {processor.py:914} INFO - Processing file /opt/airflow/dags/driven_data_pipeline.py for tasks to queue
[2025-07-06T00:42:41.375+0000] {logging_mixin.py:190} INFO - [2025-07-06T00:42:41.375+0000] {dagbag.py:588} INFO - Filling up the DagBag from /opt/airflow/dags/driven_data_pipeline.py
[2025-07-06T00:42:41.552+0000] {processor.py:925} INFO - DAG(s) 'extract_raw_data_pipeline' retrieved from /opt/airflow/dags/driven_data_pipeline.py
[2025-07-06T00:42:41.577+0000] {logging_mixin.py:190} INFO - [2025-07-06T00:42:41.577+0000] {dag.py:3239} INFO - Sync 1 DAGs
[2025-07-06T00:42:41.598+0000] {logging_mixin.py:190} INFO - [2025-07-06T00:42:41.598+0000] {dag.py:4180} INFO - Setting next_dagrun for extract_raw_data_pipeline to 2025-07-05 07:59:00+00:00, run_after=2025-07-06 07:00:00+00:00
[2025-07-06T00:42:41.615+0000] {processor.py:208} INFO - Processing /opt/airflow/dags/driven_data_pipeline.py took 0.251 seconds
[2025-07-06T00:43:11.845+0000] {processor.py:186} INFO - Started process (PID=926) to work on /opt/airflow/dags/driven_data_pipeline.py
[2025-07-06T00:43:11.846+0000] {processor.py:914} INFO - Processing file /opt/airflow/dags/driven_data_pipeline.py for tasks to queue
[2025-07-06T00:43:11.848+0000] {logging_mixin.py:190} INFO - [2025-07-06T00:43:11.848+0000] {dagbag.py:588} INFO - Filling up the DagBag from /opt/airflow/dags/driven_data_pipeline.py
[2025-07-06T00:43:12.029+0000] {processor.py:925} INFO - DAG(s) 'extract_raw_data_pipeline' retrieved from /opt/airflow/dags/driven_data_pipeline.py
[2025-07-06T00:43:12.055+0000] {logging_mixin.py:190} INFO - [2025-07-06T00:43:12.054+0000] {dag.py:3239} INFO - Sync 1 DAGs
[2025-07-06T00:43:12.077+0000] {logging_mixin.py:190} INFO - [2025-07-06T00:43:12.076+0000] {dag.py:4180} INFO - Setting next_dagrun for extract_raw_data_pipeline to 2025-07-05 07:59:00+00:00, run_after=2025-07-06 07:00:00+00:00
[2025-07-06T00:43:12.094+0000] {processor.py:208} INFO - Processing /opt/airflow/dags/driven_data_pipeline.py took 0.257 seconds
[2025-07-06T00:43:42.296+0000] {processor.py:186} INFO - Started process (PID=938) to work on /opt/airflow/dags/driven_data_pipeline.py
[2025-07-06T00:43:42.297+0000] {processor.py:914} INFO - Processing file /opt/airflow/dags/driven_data_pipeline.py for tasks to queue
[2025-07-06T00:43:42.300+0000] {logging_mixin.py:190} INFO - [2025-07-06T00:43:42.300+0000] {dagbag.py:588} INFO - Filling up the DagBag from /opt/airflow/dags/driven_data_pipeline.py
[2025-07-06T00:43:42.489+0000] {processor.py:925} INFO - DAG(s) 'extract_raw_data_pipeline' retrieved from /opt/airflow/dags/driven_data_pipeline.py
[2025-07-06T00:43:42.523+0000] {logging_mixin.py:190} INFO - [2025-07-06T00:43:42.523+0000] {dag.py:3239} INFO - Sync 1 DAGs
[2025-07-06T00:43:42.547+0000] {logging_mixin.py:190} INFO - [2025-07-06T00:43:42.547+0000] {dag.py:4180} INFO - Setting next_dagrun for extract_raw_data_pipeline to 2025-07-05 07:59:00+00:00, run_after=2025-07-06 07:00:00+00:00
[2025-07-06T00:43:42.566+0000] {processor.py:208} INFO - Processing /opt/airflow/dags/driven_data_pipeline.py took 0.278 seconds
[2025-07-06T00:44:12.776+0000] {processor.py:186} INFO - Started process (PID=946) to work on /opt/airflow/dags/driven_data_pipeline.py
[2025-07-06T00:44:12.777+0000] {processor.py:914} INFO - Processing file /opt/airflow/dags/driven_data_pipeline.py for tasks to queue
[2025-07-06T00:44:12.780+0000] {logging_mixin.py:190} INFO - [2025-07-06T00:44:12.779+0000] {dagbag.py:588} INFO - Filling up the DagBag from /opt/airflow/dags/driven_data_pipeline.py
[2025-07-06T00:44:12.953+0000] {processor.py:925} INFO - DAG(s) 'extract_raw_data_pipeline' retrieved from /opt/airflow/dags/driven_data_pipeline.py
[2025-07-06T00:44:12.978+0000] {logging_mixin.py:190} INFO - [2025-07-06T00:44:12.978+0000] {dag.py:3239} INFO - Sync 1 DAGs
[2025-07-06T00:44:12.998+0000] {logging_mixin.py:190} INFO - [2025-07-06T00:44:12.998+0000] {dag.py:4180} INFO - Setting next_dagrun for extract_raw_data_pipeline to 2025-07-05 07:59:00+00:00, run_after=2025-07-06 07:00:00+00:00
[2025-07-06T00:44:13.017+0000] {processor.py:208} INFO - Processing /opt/airflow/dags/driven_data_pipeline.py took 0.248 seconds
[2025-07-06T00:44:43.219+0000] {processor.py:186} INFO - Started process (PID=954) to work on /opt/airflow/dags/driven_data_pipeline.py
[2025-07-06T00:44:43.220+0000] {processor.py:914} INFO - Processing file /opt/airflow/dags/driven_data_pipeline.py for tasks to queue
[2025-07-06T00:44:43.222+0000] {logging_mixin.py:190} INFO - [2025-07-06T00:44:43.222+0000] {dagbag.py:588} INFO - Filling up the DagBag from /opt/airflow/dags/driven_data_pipeline.py
[2025-07-06T00:44:43.398+0000] {processor.py:925} INFO - DAG(s) 'extract_raw_data_pipeline' retrieved from /opt/airflow/dags/driven_data_pipeline.py
[2025-07-06T00:44:43.423+0000] {logging_mixin.py:190} INFO - [2025-07-06T00:44:43.423+0000] {dag.py:3239} INFO - Sync 1 DAGs
[2025-07-06T00:44:43.444+0000] {logging_mixin.py:190} INFO - [2025-07-06T00:44:43.444+0000] {dag.py:4180} INFO - Setting next_dagrun for extract_raw_data_pipeline to 2025-07-05 07:59:00+00:00, run_after=2025-07-06 07:00:00+00:00
[2025-07-06T00:44:43.461+0000] {processor.py:208} INFO - Processing /opt/airflow/dags/driven_data_pipeline.py took 0.249 seconds
[2025-07-06T00:45:13.682+0000] {processor.py:186} INFO - Started process (PID=963) to work on /opt/airflow/dags/driven_data_pipeline.py
[2025-07-06T00:45:13.683+0000] {processor.py:914} INFO - Processing file /opt/airflow/dags/driven_data_pipeline.py for tasks to queue
[2025-07-06T00:45:13.686+0000] {logging_mixin.py:190} INFO - [2025-07-06T00:45:13.685+0000] {dagbag.py:588} INFO - Filling up the DagBag from /opt/airflow/dags/driven_data_pipeline.py
[2025-07-06T00:45:13.868+0000] {processor.py:925} INFO - DAG(s) 'extract_raw_data_pipeline' retrieved from /opt/airflow/dags/driven_data_pipeline.py
[2025-07-06T00:45:13.894+0000] {logging_mixin.py:190} INFO - [2025-07-06T00:45:13.893+0000] {dag.py:3239} INFO - Sync 1 DAGs
[2025-07-06T00:45:13.914+0000] {logging_mixin.py:190} INFO - [2025-07-06T00:45:13.914+0000] {dag.py:4180} INFO - Setting next_dagrun for extract_raw_data_pipeline to 2025-07-05 07:59:00+00:00, run_after=2025-07-06 07:00:00+00:00
[2025-07-06T00:45:13.933+0000] {processor.py:208} INFO - Processing /opt/airflow/dags/driven_data_pipeline.py took 0.259 seconds
[2025-07-06T00:45:44.133+0000] {processor.py:186} INFO - Started process (PID=971) to work on /opt/airflow/dags/driven_data_pipeline.py
[2025-07-06T00:45:44.135+0000] {processor.py:914} INFO - Processing file /opt/airflow/dags/driven_data_pipeline.py for tasks to queue
[2025-07-06T00:45:44.138+0000] {logging_mixin.py:190} INFO - [2025-07-06T00:45:44.137+0000] {dagbag.py:588} INFO - Filling up the DagBag from /opt/airflow/dags/driven_data_pipeline.py
[2025-07-06T00:45:44.315+0000] {processor.py:925} INFO - DAG(s) 'extract_raw_data_pipeline' retrieved from /opt/airflow/dags/driven_data_pipeline.py
[2025-07-06T00:45:44.341+0000] {logging_mixin.py:190} INFO - [2025-07-06T00:45:44.340+0000] {dag.py:3239} INFO - Sync 1 DAGs
[2025-07-06T00:45:44.362+0000] {logging_mixin.py:190} INFO - [2025-07-06T00:45:44.361+0000] {dag.py:4180} INFO - Setting next_dagrun for extract_raw_data_pipeline to 2025-07-05 07:59:00+00:00, run_after=2025-07-06 07:00:00+00:00
[2025-07-06T00:45:44.389+0000] {processor.py:208} INFO - Processing /opt/airflow/dags/driven_data_pipeline.py took 0.263 seconds
[2025-07-06T00:46:14.589+0000] {processor.py:186} INFO - Started process (PID=979) to work on /opt/airflow/dags/driven_data_pipeline.py
[2025-07-06T00:46:14.590+0000] {processor.py:914} INFO - Processing file /opt/airflow/dags/driven_data_pipeline.py for tasks to queue
[2025-07-06T00:46:14.593+0000] {logging_mixin.py:190} INFO - [2025-07-06T00:46:14.592+0000] {dagbag.py:588} INFO - Filling up the DagBag from /opt/airflow/dags/driven_data_pipeline.py
[2025-07-06T00:46:14.777+0000] {processor.py:925} INFO - DAG(s) 'extract_raw_data_pipeline' retrieved from /opt/airflow/dags/driven_data_pipeline.py
[2025-07-06T00:46:14.804+0000] {logging_mixin.py:190} INFO - [2025-07-06T00:46:14.804+0000] {dag.py:3239} INFO - Sync 1 DAGs
[2025-07-06T00:46:14.826+0000] {logging_mixin.py:190} INFO - [2025-07-06T00:46:14.825+0000] {dag.py:4180} INFO - Setting next_dagrun for extract_raw_data_pipeline to 2025-07-05 07:59:00+00:00, run_after=2025-07-06 07:00:00+00:00
[2025-07-06T00:46:14.845+0000] {processor.py:208} INFO - Processing /opt/airflow/dags/driven_data_pipeline.py took 0.264 seconds
[2025-07-06T00:46:44.789+0000] {processor.py:186} INFO - Started process (PID=988) to work on /opt/airflow/dags/driven_data_pipeline.py
[2025-07-06T00:46:44.791+0000] {processor.py:914} INFO - Processing file /opt/airflow/dags/driven_data_pipeline.py for tasks to queue
[2025-07-06T00:46:44.794+0000] {logging_mixin.py:190} INFO - [2025-07-06T00:46:44.794+0000] {dagbag.py:588} INFO - Filling up the DagBag from /opt/airflow/dags/driven_data_pipeline.py
[2025-07-06T00:46:45.016+0000] {processor.py:925} INFO - DAG(s) 'extract_raw_data_pipeline' retrieved from /opt/airflow/dags/driven_data_pipeline.py
[2025-07-06T00:46:45.044+0000] {logging_mixin.py:190} INFO - [2025-07-06T00:46:45.044+0000] {dag.py:3239} INFO - Sync 1 DAGs
[2025-07-06T00:46:45.068+0000] {logging_mixin.py:190} INFO - [2025-07-06T00:46:45.068+0000] {dag.py:4180} INFO - Setting next_dagrun for extract_raw_data_pipeline to 2025-07-05 07:59:00+00:00, run_after=2025-07-06 07:00:00+00:00
[2025-07-06T00:46:45.091+0000] {processor.py:208} INFO - Processing /opt/airflow/dags/driven_data_pipeline.py took 0.310 seconds
[2025-07-06T00:47:09.196+0000] {processor.py:186} INFO - Started process (PID=996) to work on /opt/airflow/dags/driven_data_pipeline.py
[2025-07-06T00:47:09.197+0000] {processor.py:914} INFO - Processing file /opt/airflow/dags/driven_data_pipeline.py for tasks to queue
[2025-07-06T00:47:09.201+0000] {logging_mixin.py:190} INFO - [2025-07-06T00:47:09.200+0000] {dagbag.py:588} INFO - Filling up the DagBag from /opt/airflow/dags/driven_data_pipeline.py
[2025-07-06T00:47:09.404+0000] {processor.py:925} INFO - DAG(s) 'extract_raw_data_pipeline' retrieved from /opt/airflow/dags/driven_data_pipeline.py
[2025-07-06T00:47:09.431+0000] {logging_mixin.py:190} INFO - [2025-07-06T00:47:09.430+0000] {dag.py:3239} INFO - Sync 1 DAGs
[2025-07-06T00:47:09.455+0000] {logging_mixin.py:190} INFO - [2025-07-06T00:47:09.455+0000] {dag.py:4180} INFO - Setting next_dagrun for extract_raw_data_pipeline to 2025-07-05 07:59:00+00:00, run_after=2025-07-06 07:00:00+00:00
[2025-07-06T00:47:09.479+0000] {processor.py:208} INFO - Processing /opt/airflow/dags/driven_data_pipeline.py took 0.290 seconds
[2025-07-06T00:47:39.685+0000] {processor.py:186} INFO - Started process (PID=1008) to work on /opt/airflow/dags/driven_data_pipeline.py
[2025-07-06T00:47:39.686+0000] {processor.py:914} INFO - Processing file /opt/airflow/dags/driven_data_pipeline.py for tasks to queue
[2025-07-06T00:47:39.689+0000] {logging_mixin.py:190} INFO - [2025-07-06T00:47:39.689+0000] {dagbag.py:588} INFO - Filling up the DagBag from /opt/airflow/dags/driven_data_pipeline.py
[2025-07-06T00:47:39.904+0000] {processor.py:925} INFO - DAG(s) 'extract_raw_data_pipeline' retrieved from /opt/airflow/dags/driven_data_pipeline.py
[2025-07-06T00:47:39.944+0000] {logging_mixin.py:190} INFO - [2025-07-06T00:47:39.944+0000] {dag.py:3239} INFO - Sync 1 DAGs
[2025-07-06T00:47:39.974+0000] {logging_mixin.py:190} INFO - [2025-07-06T00:47:39.974+0000] {dag.py:4180} INFO - Setting next_dagrun for extract_raw_data_pipeline to 2025-07-05 07:59:00+00:00, run_after=2025-07-06 07:00:00+00:00
[2025-07-06T00:47:40.000+0000] {processor.py:208} INFO - Processing /opt/airflow/dags/driven_data_pipeline.py took 0.323 seconds
[2025-07-06T00:48:10.212+0000] {processor.py:186} INFO - Started process (PID=1016) to work on /opt/airflow/dags/driven_data_pipeline.py
[2025-07-06T00:48:10.213+0000] {processor.py:914} INFO - Processing file /opt/airflow/dags/driven_data_pipeline.py for tasks to queue
[2025-07-06T00:48:10.215+0000] {logging_mixin.py:190} INFO - [2025-07-06T00:48:10.215+0000] {dagbag.py:588} INFO - Filling up the DagBag from /opt/airflow/dags/driven_data_pipeline.py
[2025-07-06T00:48:10.391+0000] {processor.py:925} INFO - DAG(s) 'extract_raw_data_pipeline' retrieved from /opt/airflow/dags/driven_data_pipeline.py
[2025-07-06T00:48:10.417+0000] {logging_mixin.py:190} INFO - [2025-07-06T00:48:10.417+0000] {dag.py:3239} INFO - Sync 1 DAGs
[2025-07-06T00:48:10.437+0000] {logging_mixin.py:190} INFO - [2025-07-06T00:48:10.437+0000] {dag.py:4180} INFO - Setting next_dagrun for extract_raw_data_pipeline to 2025-07-05 07:59:00+00:00, run_after=2025-07-06 07:00:00+00:00
[2025-07-06T00:48:10.455+0000] {processor.py:208} INFO - Processing /opt/airflow/dags/driven_data_pipeline.py took 0.251 seconds
[2025-07-06T00:48:40.666+0000] {processor.py:186} INFO - Started process (PID=1024) to work on /opt/airflow/dags/driven_data_pipeline.py
[2025-07-06T00:48:40.668+0000] {processor.py:914} INFO - Processing file /opt/airflow/dags/driven_data_pipeline.py for tasks to queue
[2025-07-06T00:48:40.671+0000] {logging_mixin.py:190} INFO - [2025-07-06T00:48:40.671+0000] {dagbag.py:588} INFO - Filling up the DagBag from /opt/airflow/dags/driven_data_pipeline.py
[2025-07-06T00:48:40.883+0000] {processor.py:925} INFO - DAG(s) 'extract_raw_data_pipeline' retrieved from /opt/airflow/dags/driven_data_pipeline.py
[2025-07-06T00:48:40.912+0000] {logging_mixin.py:190} INFO - [2025-07-06T00:48:40.912+0000] {dag.py:3239} INFO - Sync 1 DAGs
[2025-07-06T00:48:40.936+0000] {logging_mixin.py:190} INFO - [2025-07-06T00:48:40.935+0000] {dag.py:4180} INFO - Setting next_dagrun for extract_raw_data_pipeline to 2025-07-05 07:59:00+00:00, run_after=2025-07-06 07:00:00+00:00
[2025-07-06T00:48:40.955+0000] {processor.py:208} INFO - Processing /opt/airflow/dags/driven_data_pipeline.py took 0.298 seconds
[2025-07-06T00:49:11.157+0000] {processor.py:186} INFO - Started process (PID=1033) to work on /opt/airflow/dags/driven_data_pipeline.py
[2025-07-06T00:49:11.158+0000] {processor.py:914} INFO - Processing file /opt/airflow/dags/driven_data_pipeline.py for tasks to queue
[2025-07-06T00:49:11.161+0000] {logging_mixin.py:190} INFO - [2025-07-06T00:49:11.160+0000] {dagbag.py:588} INFO - Filling up the DagBag from /opt/airflow/dags/driven_data_pipeline.py
[2025-07-06T00:49:11.345+0000] {processor.py:925} INFO - DAG(s) 'extract_raw_data_pipeline' retrieved from /opt/airflow/dags/driven_data_pipeline.py
[2025-07-06T00:49:11.371+0000] {logging_mixin.py:190} INFO - [2025-07-06T00:49:11.370+0000] {dag.py:3239} INFO - Sync 1 DAGs
[2025-07-06T00:49:11.391+0000] {logging_mixin.py:190} INFO - [2025-07-06T00:49:11.391+0000] {dag.py:4180} INFO - Setting next_dagrun for extract_raw_data_pipeline to 2025-07-05 07:59:00+00:00, run_after=2025-07-06 07:00:00+00:00
[2025-07-06T00:49:11.412+0000] {processor.py:208} INFO - Processing /opt/airflow/dags/driven_data_pipeline.py took 0.262 seconds
[2025-07-06T00:49:41.620+0000] {processor.py:186} INFO - Started process (PID=1041) to work on /opt/airflow/dags/driven_data_pipeline.py
[2025-07-06T00:49:41.623+0000] {processor.py:914} INFO - Processing file /opt/airflow/dags/driven_data_pipeline.py for tasks to queue
[2025-07-06T00:49:41.626+0000] {logging_mixin.py:190} INFO - [2025-07-06T00:49:41.625+0000] {dagbag.py:588} INFO - Filling up the DagBag from /opt/airflow/dags/driven_data_pipeline.py
[2025-07-06T00:49:41.843+0000] {processor.py:925} INFO - DAG(s) 'extract_raw_data_pipeline' retrieved from /opt/airflow/dags/driven_data_pipeline.py
[2025-07-06T00:49:41.880+0000] {logging_mixin.py:190} INFO - [2025-07-06T00:49:41.879+0000] {dag.py:3239} INFO - Sync 1 DAGs
[2025-07-06T00:49:41.910+0000] {logging_mixin.py:190} INFO - [2025-07-06T00:49:41.910+0000] {dag.py:4180} INFO - Setting next_dagrun for extract_raw_data_pipeline to 2025-07-05 07:59:00+00:00, run_after=2025-07-06 07:00:00+00:00
[2025-07-06T00:49:41.935+0000] {processor.py:208} INFO - Processing /opt/airflow/dags/driven_data_pipeline.py took 0.323 seconds
[2025-07-06T00:50:12.156+0000] {processor.py:186} INFO - Started process (PID=1049) to work on /opt/airflow/dags/driven_data_pipeline.py
[2025-07-06T00:50:12.157+0000] {processor.py:914} INFO - Processing file /opt/airflow/dags/driven_data_pipeline.py for tasks to queue
[2025-07-06T00:50:12.160+0000] {logging_mixin.py:190} INFO - [2025-07-06T00:50:12.159+0000] {dagbag.py:588} INFO - Filling up the DagBag from /opt/airflow/dags/driven_data_pipeline.py
[2025-07-06T00:50:12.334+0000] {processor.py:925} INFO - DAG(s) 'extract_raw_data_pipeline' retrieved from /opt/airflow/dags/driven_data_pipeline.py
[2025-07-06T00:50:12.361+0000] {logging_mixin.py:190} INFO - [2025-07-06T00:50:12.361+0000] {dag.py:3239} INFO - Sync 1 DAGs
[2025-07-06T00:50:12.381+0000] {logging_mixin.py:190} INFO - [2025-07-06T00:50:12.381+0000] {dag.py:4180} INFO - Setting next_dagrun for extract_raw_data_pipeline to 2025-07-05 07:59:00+00:00, run_after=2025-07-06 07:00:00+00:00
[2025-07-06T00:50:12.398+0000] {processor.py:208} INFO - Processing /opt/airflow/dags/driven_data_pipeline.py took 0.249 seconds
[2025-07-06T00:50:40.335+0000] {processor.py:186} INFO - Started process (PID=1057) to work on /opt/airflow/dags/driven_data_pipeline.py
[2025-07-06T00:50:40.336+0000] {processor.py:914} INFO - Processing file /opt/airflow/dags/driven_data_pipeline.py for tasks to queue
[2025-07-06T00:50:40.338+0000] {logging_mixin.py:190} INFO - [2025-07-06T00:50:40.338+0000] {dagbag.py:588} INFO - Filling up the DagBag from /opt/airflow/dags/driven_data_pipeline.py
[2025-07-06T00:50:40.522+0000] {processor.py:925} INFO - DAG(s) 'extract_raw_data_pipeline' retrieved from /opt/airflow/dags/driven_data_pipeline.py
[2025-07-06T00:50:40.549+0000] {logging_mixin.py:190} INFO - [2025-07-06T00:50:40.549+0000] {dag.py:3239} INFO - Sync 1 DAGs
[2025-07-06T00:50:40.569+0000] {logging_mixin.py:190} INFO - [2025-07-06T00:50:40.569+0000] {dag.py:4180} INFO - Setting next_dagrun for extract_raw_data_pipeline to 2025-07-05 07:59:00+00:00, run_after=2025-07-06 07:00:00+00:00
[2025-07-06T00:50:40.592+0000] {processor.py:208} INFO - Processing /opt/airflow/dags/driven_data_pipeline.py took 0.265 seconds
[2025-07-06T00:50:54.681+0000] {processor.py:186} INFO - Started process (PID=1065) to work on /opt/airflow/dags/driven_data_pipeline.py
[2025-07-06T00:50:54.683+0000] {processor.py:914} INFO - Processing file /opt/airflow/dags/driven_data_pipeline.py for tasks to queue
[2025-07-06T00:50:54.685+0000] {logging_mixin.py:190} INFO - [2025-07-06T00:50:54.685+0000] {dagbag.py:588} INFO - Filling up the DagBag from /opt/airflow/dags/driven_data_pipeline.py
[2025-07-06T00:50:54.864+0000] {processor.py:925} INFO - DAG(s) 'extract_raw_data_pipeline' retrieved from /opt/airflow/dags/driven_data_pipeline.py
[2025-07-06T00:50:54.889+0000] {logging_mixin.py:190} INFO - [2025-07-06T00:50:54.889+0000] {dag.py:3239} INFO - Sync 1 DAGs
[2025-07-06T00:50:54.914+0000] {logging_mixin.py:190} INFO - [2025-07-06T00:50:54.914+0000] {dag.py:4180} INFO - Setting next_dagrun for extract_raw_data_pipeline to 2025-07-05 07:59:00+00:00, run_after=2025-07-06 07:00:00+00:00
[2025-07-06T00:50:54.939+0000] {processor.py:208} INFO - Processing /opt/airflow/dags/driven_data_pipeline.py took 0.265 seconds
[2025-07-06T00:51:25.151+0000] {processor.py:186} INFO - Started process (PID=1081) to work on /opt/airflow/dags/driven_data_pipeline.py
[2025-07-06T00:51:25.152+0000] {processor.py:914} INFO - Processing file /opt/airflow/dags/driven_data_pipeline.py for tasks to queue
[2025-07-06T00:51:25.155+0000] {logging_mixin.py:190} INFO - [2025-07-06T00:51:25.154+0000] {dagbag.py:588} INFO - Filling up the DagBag from /opt/airflow/dags/driven_data_pipeline.py
[2025-07-06T00:51:25.337+0000] {processor.py:925} INFO - DAG(s) 'extract_raw_data_pipeline' retrieved from /opt/airflow/dags/driven_data_pipeline.py
[2025-07-06T00:51:25.364+0000] {logging_mixin.py:190} INFO - [2025-07-06T00:51:25.364+0000] {dag.py:3239} INFO - Sync 1 DAGs
[2025-07-06T00:51:25.386+0000] {logging_mixin.py:190} INFO - [2025-07-06T00:51:25.386+0000] {dag.py:4180} INFO - Setting next_dagrun for extract_raw_data_pipeline to 2025-07-05 07:59:00+00:00, run_after=2025-07-06 07:00:00+00:00
[2025-07-06T00:51:25.406+0000] {processor.py:208} INFO - Processing /opt/airflow/dags/driven_data_pipeline.py took 0.262 seconds
[2025-07-06T00:51:55.622+0000] {processor.py:186} INFO - Started process (PID=1089) to work on /opt/airflow/dags/driven_data_pipeline.py
[2025-07-06T00:51:55.623+0000] {processor.py:914} INFO - Processing file /opt/airflow/dags/driven_data_pipeline.py for tasks to queue
[2025-07-06T00:51:55.626+0000] {logging_mixin.py:190} INFO - [2025-07-06T00:51:55.626+0000] {dagbag.py:588} INFO - Filling up the DagBag from /opt/airflow/dags/driven_data_pipeline.py
[2025-07-06T00:51:55.810+0000] {processor.py:925} INFO - DAG(s) 'extract_raw_data_pipeline' retrieved from /opt/airflow/dags/driven_data_pipeline.py
[2025-07-06T00:51:55.837+0000] {logging_mixin.py:190} INFO - [2025-07-06T00:51:55.837+0000] {dag.py:3239} INFO - Sync 1 DAGs
[2025-07-06T00:51:55.863+0000] {logging_mixin.py:190} INFO - [2025-07-06T00:51:55.863+0000] {dag.py:4180} INFO - Setting next_dagrun for extract_raw_data_pipeline to 2025-07-05 07:59:00+00:00, run_after=2025-07-06 07:00:00+00:00
[2025-07-06T00:51:55.884+0000] {processor.py:208} INFO - Processing /opt/airflow/dags/driven_data_pipeline.py took 0.270 seconds
[2025-07-06T00:52:26.108+0000] {processor.py:186} INFO - Started process (PID=1097) to work on /opt/airflow/dags/driven_data_pipeline.py
[2025-07-06T00:52:26.109+0000] {processor.py:914} INFO - Processing file /opt/airflow/dags/driven_data_pipeline.py for tasks to queue
[2025-07-06T00:52:26.112+0000] {logging_mixin.py:190} INFO - [2025-07-06T00:52:26.112+0000] {dagbag.py:588} INFO - Filling up the DagBag from /opt/airflow/dags/driven_data_pipeline.py
[2025-07-06T00:52:26.295+0000] {processor.py:925} INFO - DAG(s) 'extract_raw_data_pipeline' retrieved from /opt/airflow/dags/driven_data_pipeline.py
[2025-07-06T00:52:26.321+0000] {logging_mixin.py:190} INFO - [2025-07-06T00:52:26.321+0000] {dag.py:3239} INFO - Sync 1 DAGs
[2025-07-06T00:52:26.342+0000] {logging_mixin.py:190} INFO - [2025-07-06T00:52:26.341+0000] {dag.py:4180} INFO - Setting next_dagrun for extract_raw_data_pipeline to 2025-07-05 07:59:00+00:00, run_after=2025-07-06 07:00:00+00:00
[2025-07-06T00:52:26.361+0000] {processor.py:208} INFO - Processing /opt/airflow/dags/driven_data_pipeline.py took 0.259 seconds
[2025-07-06T00:52:56.566+0000] {processor.py:186} INFO - Started process (PID=1105) to work on /opt/airflow/dags/driven_data_pipeline.py
[2025-07-06T00:52:56.567+0000] {processor.py:914} INFO - Processing file /opt/airflow/dags/driven_data_pipeline.py for tasks to queue
[2025-07-06T00:52:56.570+0000] {logging_mixin.py:190} INFO - [2025-07-06T00:52:56.569+0000] {dagbag.py:588} INFO - Filling up the DagBag from /opt/airflow/dags/driven_data_pipeline.py
[2025-07-06T00:52:56.750+0000] {processor.py:925} INFO - DAG(s) 'extract_raw_data_pipeline' retrieved from /opt/airflow/dags/driven_data_pipeline.py
[2025-07-06T00:52:56.776+0000] {logging_mixin.py:190} INFO - [2025-07-06T00:52:56.776+0000] {dag.py:3239} INFO - Sync 1 DAGs
[2025-07-06T00:52:56.795+0000] {logging_mixin.py:190} INFO - [2025-07-06T00:52:56.795+0000] {dag.py:4180} INFO - Setting next_dagrun for extract_raw_data_pipeline to 2025-07-05 07:59:00+00:00, run_after=2025-07-06 07:00:00+00:00
[2025-07-06T00:52:56.813+0000] {processor.py:208} INFO - Processing /opt/airflow/dags/driven_data_pipeline.py took 0.254 seconds
[2025-07-06T00:53:27.039+0000] {processor.py:186} INFO - Started process (PID=1113) to work on /opt/airflow/dags/driven_data_pipeline.py
[2025-07-06T00:53:27.040+0000] {processor.py:914} INFO - Processing file /opt/airflow/dags/driven_data_pipeline.py for tasks to queue
[2025-07-06T00:53:27.043+0000] {logging_mixin.py:190} INFO - [2025-07-06T00:53:27.042+0000] {dagbag.py:588} INFO - Filling up the DagBag from /opt/airflow/dags/driven_data_pipeline.py
[2025-07-06T00:53:27.221+0000] {processor.py:925} INFO - DAG(s) 'extract_raw_data_pipeline' retrieved from /opt/airflow/dags/driven_data_pipeline.py
[2025-07-06T00:53:27.248+0000] {logging_mixin.py:190} INFO - [2025-07-06T00:53:27.247+0000] {dag.py:3239} INFO - Sync 1 DAGs
[2025-07-06T00:53:27.268+0000] {logging_mixin.py:190} INFO - [2025-07-06T00:53:27.268+0000] {dag.py:4180} INFO - Setting next_dagrun for extract_raw_data_pipeline to 2025-07-05 07:59:00+00:00, run_after=2025-07-06 07:00:00+00:00
[2025-07-06T00:53:27.289+0000] {processor.py:208} INFO - Processing /opt/airflow/dags/driven_data_pipeline.py took 0.257 seconds
[2025-07-06T00:53:57.484+0000] {processor.py:186} INFO - Started process (PID=1121) to work on /opt/airflow/dags/driven_data_pipeline.py
[2025-07-06T00:53:57.485+0000] {processor.py:914} INFO - Processing file /opt/airflow/dags/driven_data_pipeline.py for tasks to queue
[2025-07-06T00:53:57.488+0000] {logging_mixin.py:190} INFO - [2025-07-06T00:53:57.487+0000] {dagbag.py:588} INFO - Filling up the DagBag from /opt/airflow/dags/driven_data_pipeline.py
[2025-07-06T00:53:57.665+0000] {processor.py:925} INFO - DAG(s) 'extract_raw_data_pipeline' retrieved from /opt/airflow/dags/driven_data_pipeline.py
[2025-07-06T00:53:57.690+0000] {logging_mixin.py:190} INFO - [2025-07-06T00:53:57.690+0000] {dag.py:3239} INFO - Sync 1 DAGs
[2025-07-06T00:53:57.712+0000] {logging_mixin.py:190} INFO - [2025-07-06T00:53:57.712+0000] {dag.py:4180} INFO - Setting next_dagrun for extract_raw_data_pipeline to 2025-07-05 07:59:00+00:00, run_after=2025-07-06 07:00:00+00:00
[2025-07-06T00:53:57.729+0000] {processor.py:208} INFO - Processing /opt/airflow/dags/driven_data_pipeline.py took 0.252 seconds
[2025-07-06T00:54:27.929+0000] {processor.py:186} INFO - Started process (PID=1130) to work on /opt/airflow/dags/driven_data_pipeline.py
[2025-07-06T00:54:27.930+0000] {processor.py:914} INFO - Processing file /opt/airflow/dags/driven_data_pipeline.py for tasks to queue
[2025-07-06T00:54:27.933+0000] {logging_mixin.py:190} INFO - [2025-07-06T00:54:27.932+0000] {dagbag.py:588} INFO - Filling up the DagBag from /opt/airflow/dags/driven_data_pipeline.py
[2025-07-06T00:54:28.108+0000] {processor.py:925} INFO - DAG(s) 'extract_raw_data_pipeline' retrieved from /opt/airflow/dags/driven_data_pipeline.py
[2025-07-06T00:54:28.134+0000] {logging_mixin.py:190} INFO - [2025-07-06T00:54:28.134+0000] {dag.py:3239} INFO - Sync 1 DAGs
[2025-07-06T00:54:28.154+0000] {logging_mixin.py:190} INFO - [2025-07-06T00:54:28.154+0000] {dag.py:4180} INFO - Setting next_dagrun for extract_raw_data_pipeline to 2025-07-05 07:59:00+00:00, run_after=2025-07-06 07:00:00+00:00
[2025-07-06T00:54:28.172+0000] {processor.py:208} INFO - Processing /opt/airflow/dags/driven_data_pipeline.py took 0.250 seconds
[2025-07-06T00:54:58.375+0000] {processor.py:186} INFO - Started process (PID=1138) to work on /opt/airflow/dags/driven_data_pipeline.py
[2025-07-06T00:54:58.376+0000] {processor.py:914} INFO - Processing file /opt/airflow/dags/driven_data_pipeline.py for tasks to queue
[2025-07-06T00:54:58.378+0000] {logging_mixin.py:190} INFO - [2025-07-06T00:54:58.378+0000] {dagbag.py:588} INFO - Filling up the DagBag from /opt/airflow/dags/driven_data_pipeline.py
[2025-07-06T00:54:58.549+0000] {processor.py:925} INFO - DAG(s) 'extract_raw_data_pipeline' retrieved from /opt/airflow/dags/driven_data_pipeline.py
[2025-07-06T00:54:58.575+0000] {logging_mixin.py:190} INFO - [2025-07-06T00:54:58.574+0000] {dag.py:3239} INFO - Sync 1 DAGs
[2025-07-06T00:54:58.595+0000] {logging_mixin.py:190} INFO - [2025-07-06T00:54:58.594+0000] {dag.py:4180} INFO - Setting next_dagrun for extract_raw_data_pipeline to 2025-07-05 07:59:00+00:00, run_after=2025-07-06 07:00:00+00:00
[2025-07-06T00:54:58.613+0000] {processor.py:208} INFO - Processing /opt/airflow/dags/driven_data_pipeline.py took 0.246 seconds
[2025-07-06T00:55:28.818+0000] {processor.py:186} INFO - Started process (PID=1146) to work on /opt/airflow/dags/driven_data_pipeline.py
[2025-07-06T00:55:28.820+0000] {processor.py:914} INFO - Processing file /opt/airflow/dags/driven_data_pipeline.py for tasks to queue
[2025-07-06T00:55:28.823+0000] {logging_mixin.py:190} INFO - [2025-07-06T00:55:28.823+0000] {dagbag.py:588} INFO - Filling up the DagBag from /opt/airflow/dags/driven_data_pipeline.py
[2025-07-06T00:55:29.028+0000] {processor.py:925} INFO - DAG(s) 'extract_raw_data_pipeline' retrieved from /opt/airflow/dags/driven_data_pipeline.py
[2025-07-06T00:55:29.058+0000] {logging_mixin.py:190} INFO - [2025-07-06T00:55:29.057+0000] {dag.py:3239} INFO - Sync 1 DAGs
[2025-07-06T00:55:29.082+0000] {logging_mixin.py:190} INFO - [2025-07-06T00:55:29.081+0000] {dag.py:4180} INFO - Setting next_dagrun for extract_raw_data_pipeline to 2025-07-05 07:59:00+00:00, run_after=2025-07-06 07:00:00+00:00
[2025-07-06T00:55:29.104+0000] {processor.py:208} INFO - Processing /opt/airflow/dags/driven_data_pipeline.py took 0.296 seconds
[2025-07-06T00:55:59.302+0000] {processor.py:186} INFO - Started process (PID=1154) to work on /opt/airflow/dags/driven_data_pipeline.py
[2025-07-06T00:55:59.303+0000] {processor.py:914} INFO - Processing file /opt/airflow/dags/driven_data_pipeline.py for tasks to queue
[2025-07-06T00:55:59.306+0000] {logging_mixin.py:190} INFO - [2025-07-06T00:55:59.306+0000] {dagbag.py:588} INFO - Filling up the DagBag from /opt/airflow/dags/driven_data_pipeline.py
[2025-07-06T00:55:59.481+0000] {processor.py:925} INFO - DAG(s) 'extract_raw_data_pipeline' retrieved from /opt/airflow/dags/driven_data_pipeline.py
[2025-07-06T00:55:59.506+0000] {logging_mixin.py:190} INFO - [2025-07-06T00:55:59.506+0000] {dag.py:3239} INFO - Sync 1 DAGs
[2025-07-06T00:55:59.528+0000] {logging_mixin.py:190} INFO - [2025-07-06T00:55:59.527+0000] {dag.py:4180} INFO - Setting next_dagrun for extract_raw_data_pipeline to 2025-07-05 07:59:00+00:00, run_after=2025-07-06 07:00:00+00:00
[2025-07-06T00:55:59.544+0000] {processor.py:208} INFO - Processing /opt/airflow/dags/driven_data_pipeline.py took 0.250 seconds
[2025-07-06T00:56:29.750+0000] {processor.py:186} INFO - Started process (PID=1162) to work on /opt/airflow/dags/driven_data_pipeline.py
[2025-07-06T00:56:29.751+0000] {processor.py:914} INFO - Processing file /opt/airflow/dags/driven_data_pipeline.py for tasks to queue
[2025-07-06T00:56:29.754+0000] {logging_mixin.py:190} INFO - [2025-07-06T00:56:29.753+0000] {dagbag.py:588} INFO - Filling up the DagBag from /opt/airflow/dags/driven_data_pipeline.py
[2025-07-06T00:56:29.929+0000] {processor.py:925} INFO - DAG(s) 'extract_raw_data_pipeline' retrieved from /opt/airflow/dags/driven_data_pipeline.py
[2025-07-06T00:56:29.955+0000] {logging_mixin.py:190} INFO - [2025-07-06T00:56:29.955+0000] {dag.py:3239} INFO - Sync 1 DAGs
[2025-07-06T00:56:29.975+0000] {logging_mixin.py:190} INFO - [2025-07-06T00:56:29.975+0000] {dag.py:4180} INFO - Setting next_dagrun for extract_raw_data_pipeline to 2025-07-05 07:59:00+00:00, run_after=2025-07-06 07:00:00+00:00
[2025-07-06T00:56:29.993+0000] {processor.py:208} INFO - Processing /opt/airflow/dags/driven_data_pipeline.py took 0.250 seconds
[2025-07-06T00:57:00.192+0000] {processor.py:186} INFO - Started process (PID=1170) to work on /opt/airflow/dags/driven_data_pipeline.py
[2025-07-06T00:57:00.193+0000] {processor.py:914} INFO - Processing file /opt/airflow/dags/driven_data_pipeline.py for tasks to queue
[2025-07-06T00:57:00.195+0000] {logging_mixin.py:190} INFO - [2025-07-06T00:57:00.195+0000] {dagbag.py:588} INFO - Filling up the DagBag from /opt/airflow/dags/driven_data_pipeline.py
[2025-07-06T00:57:00.375+0000] {processor.py:925} INFO - DAG(s) 'extract_raw_data_pipeline' retrieved from /opt/airflow/dags/driven_data_pipeline.py
[2025-07-06T00:57:00.400+0000] {logging_mixin.py:190} INFO - [2025-07-06T00:57:00.400+0000] {dag.py:3239} INFO - Sync 1 DAGs
[2025-07-06T00:57:00.421+0000] {logging_mixin.py:190} INFO - [2025-07-06T00:57:00.421+0000] {dag.py:4180} INFO - Setting next_dagrun for extract_raw_data_pipeline to 2025-07-05 07:59:00+00:00, run_after=2025-07-06 07:00:00+00:00
[2025-07-06T00:57:00.440+0000] {processor.py:208} INFO - Processing /opt/airflow/dags/driven_data_pipeline.py took 0.255 seconds
[2025-07-06T00:57:30.641+0000] {processor.py:186} INFO - Started process (PID=1178) to work on /opt/airflow/dags/driven_data_pipeline.py
[2025-07-06T00:57:30.642+0000] {processor.py:914} INFO - Processing file /opt/airflow/dags/driven_data_pipeline.py for tasks to queue
[2025-07-06T00:57:30.646+0000] {logging_mixin.py:190} INFO - [2025-07-06T00:57:30.645+0000] {dagbag.py:588} INFO - Filling up the DagBag from /opt/airflow/dags/driven_data_pipeline.py
[2025-07-06T00:57:30.853+0000] {processor.py:925} INFO - DAG(s) 'extract_raw_data_pipeline' retrieved from /opt/airflow/dags/driven_data_pipeline.py
[2025-07-06T00:57:30.884+0000] {logging_mixin.py:190} INFO - [2025-07-06T00:57:30.884+0000] {dag.py:3239} INFO - Sync 1 DAGs
[2025-07-06T00:57:30.909+0000] {logging_mixin.py:190} INFO - [2025-07-06T00:57:30.909+0000] {dag.py:4180} INFO - Setting next_dagrun for extract_raw_data_pipeline to 2025-07-05 07:59:00+00:00, run_after=2025-07-06 07:00:00+00:00
[2025-07-06T00:57:30.931+0000] {processor.py:208} INFO - Processing /opt/airflow/dags/driven_data_pipeline.py took 0.299 seconds
[2025-07-06T00:58:01.137+0000] {processor.py:186} INFO - Started process (PID=1186) to work on /opt/airflow/dags/driven_data_pipeline.py
[2025-07-06T00:58:01.138+0000] {processor.py:914} INFO - Processing file /opt/airflow/dags/driven_data_pipeline.py for tasks to queue
[2025-07-06T00:58:01.141+0000] {logging_mixin.py:190} INFO - [2025-07-06T00:58:01.141+0000] {dagbag.py:588} INFO - Filling up the DagBag from /opt/airflow/dags/driven_data_pipeline.py
[2025-07-06T00:58:01.343+0000] {processor.py:925} INFO - DAG(s) 'extract_raw_data_pipeline' retrieved from /opt/airflow/dags/driven_data_pipeline.py
[2025-07-06T00:58:01.376+0000] {logging_mixin.py:190} INFO - [2025-07-06T00:58:01.376+0000] {dag.py:3239} INFO - Sync 1 DAGs
[2025-07-06T00:58:01.398+0000] {logging_mixin.py:190} INFO - [2025-07-06T00:58:01.398+0000] {dag.py:4180} INFO - Setting next_dagrun for extract_raw_data_pipeline to 2025-07-05 07:59:00+00:00, run_after=2025-07-06 07:00:00+00:00
[2025-07-06T00:58:01.417+0000] {processor.py:208} INFO - Processing /opt/airflow/dags/driven_data_pipeline.py took 0.288 seconds
[2025-07-06T00:58:31.632+0000] {processor.py:186} INFO - Started process (PID=1194) to work on /opt/airflow/dags/driven_data_pipeline.py
[2025-07-06T00:58:31.633+0000] {processor.py:914} INFO - Processing file /opt/airflow/dags/driven_data_pipeline.py for tasks to queue
[2025-07-06T00:58:31.636+0000] {logging_mixin.py:190} INFO - [2025-07-06T00:58:31.636+0000] {dagbag.py:588} INFO - Filling up the DagBag from /opt/airflow/dags/driven_data_pipeline.py
[2025-07-06T00:58:31.808+0000] {processor.py:925} INFO - DAG(s) 'extract_raw_data_pipeline' retrieved from /opt/airflow/dags/driven_data_pipeline.py
[2025-07-06T00:58:31.835+0000] {logging_mixin.py:190} INFO - [2025-07-06T00:58:31.835+0000] {dag.py:3239} INFO - Sync 1 DAGs
[2025-07-06T00:58:31.855+0000] {logging_mixin.py:190} INFO - [2025-07-06T00:58:31.855+0000] {dag.py:4180} INFO - Setting next_dagrun for extract_raw_data_pipeline to 2025-07-05 07:59:00+00:00, run_after=2025-07-06 07:00:00+00:00
[2025-07-06T00:58:31.873+0000] {processor.py:208} INFO - Processing /opt/airflow/dags/driven_data_pipeline.py took 0.250 seconds
[2025-07-06T00:59:02.067+0000] {processor.py:186} INFO - Started process (PID=1202) to work on /opt/airflow/dags/driven_data_pipeline.py
[2025-07-06T00:59:02.068+0000] {processor.py:914} INFO - Processing file /opt/airflow/dags/driven_data_pipeline.py for tasks to queue
[2025-07-06T00:59:02.071+0000] {logging_mixin.py:190} INFO - [2025-07-06T00:59:02.070+0000] {dagbag.py:588} INFO - Filling up the DagBag from /opt/airflow/dags/driven_data_pipeline.py
[2025-07-06T00:59:02.244+0000] {processor.py:925} INFO - DAG(s) 'extract_raw_data_pipeline' retrieved from /opt/airflow/dags/driven_data_pipeline.py
[2025-07-06T00:59:02.272+0000] {logging_mixin.py:190} INFO - [2025-07-06T00:59:02.272+0000] {dag.py:3239} INFO - Sync 1 DAGs
[2025-07-06T00:59:02.294+0000] {logging_mixin.py:190} INFO - [2025-07-06T00:59:02.294+0000] {dag.py:4180} INFO - Setting next_dagrun for extract_raw_data_pipeline to 2025-07-05 07:59:00+00:00, run_after=2025-07-06 07:00:00+00:00
[2025-07-06T00:59:02.313+0000] {processor.py:208} INFO - Processing /opt/airflow/dags/driven_data_pipeline.py took 0.254 seconds
[2025-07-06T00:59:32.513+0000] {processor.py:186} INFO - Started process (PID=1210) to work on /opt/airflow/dags/driven_data_pipeline.py
[2025-07-06T00:59:32.514+0000] {processor.py:914} INFO - Processing file /opt/airflow/dags/driven_data_pipeline.py for tasks to queue
[2025-07-06T00:59:32.517+0000] {logging_mixin.py:190} INFO - [2025-07-06T00:59:32.516+0000] {dagbag.py:588} INFO - Filling up the DagBag from /opt/airflow/dags/driven_data_pipeline.py
[2025-07-06T00:59:32.688+0000] {processor.py:925} INFO - DAG(s) 'extract_raw_data_pipeline' retrieved from /opt/airflow/dags/driven_data_pipeline.py
[2025-07-06T00:59:32.714+0000] {logging_mixin.py:190} INFO - [2025-07-06T00:59:32.714+0000] {dag.py:3239} INFO - Sync 1 DAGs
[2025-07-06T00:59:32.734+0000] {logging_mixin.py:190} INFO - [2025-07-06T00:59:32.734+0000] {dag.py:4180} INFO - Setting next_dagrun for extract_raw_data_pipeline to 2025-07-05 07:59:00+00:00, run_after=2025-07-06 07:00:00+00:00
[2025-07-06T00:59:32.753+0000] {processor.py:208} INFO - Processing /opt/airflow/dags/driven_data_pipeline.py took 0.248 seconds
[2025-07-06T01:00:02.958+0000] {processor.py:186} INFO - Started process (PID=1219) to work on /opt/airflow/dags/driven_data_pipeline.py
[2025-07-06T01:00:02.959+0000] {processor.py:914} INFO - Processing file /opt/airflow/dags/driven_data_pipeline.py for tasks to queue
[2025-07-06T01:00:02.961+0000] {logging_mixin.py:190} INFO - [2025-07-06T01:00:02.961+0000] {dagbag.py:588} INFO - Filling up the DagBag from /opt/airflow/dags/driven_data_pipeline.py
[2025-07-06T01:00:03.142+0000] {processor.py:925} INFO - DAG(s) 'extract_raw_data_pipeline' retrieved from /opt/airflow/dags/driven_data_pipeline.py
[2025-07-06T01:00:03.168+0000] {logging_mixin.py:190} INFO - [2025-07-06T01:00:03.167+0000] {dag.py:3239} INFO - Sync 1 DAGs
[2025-07-06T01:00:03.189+0000] {logging_mixin.py:190} INFO - [2025-07-06T01:00:03.188+0000] {dag.py:4180} INFO - Setting next_dagrun for extract_raw_data_pipeline to 2025-07-05 07:59:00+00:00, run_after=2025-07-06 07:00:00+00:00
[2025-07-06T01:00:03.207+0000] {processor.py:208} INFO - Processing /opt/airflow/dags/driven_data_pipeline.py took 0.256 seconds
[2025-07-06T01:00:33.412+0000] {processor.py:186} INFO - Started process (PID=1227) to work on /opt/airflow/dags/driven_data_pipeline.py
[2025-07-06T01:00:33.413+0000] {processor.py:914} INFO - Processing file /opt/airflow/dags/driven_data_pipeline.py for tasks to queue
[2025-07-06T01:00:33.416+0000] {logging_mixin.py:190} INFO - [2025-07-06T01:00:33.416+0000] {dagbag.py:588} INFO - Filling up the DagBag from /opt/airflow/dags/driven_data_pipeline.py
[2025-07-06T01:00:33.595+0000] {processor.py:925} INFO - DAG(s) 'extract_raw_data_pipeline' retrieved from /opt/airflow/dags/driven_data_pipeline.py
[2025-07-06T01:00:33.620+0000] {logging_mixin.py:190} INFO - [2025-07-06T01:00:33.620+0000] {dag.py:3239} INFO - Sync 1 DAGs
[2025-07-06T01:00:33.641+0000] {logging_mixin.py:190} INFO - [2025-07-06T01:00:33.641+0000] {dag.py:4180} INFO - Setting next_dagrun for extract_raw_data_pipeline to 2025-07-05 07:59:00+00:00, run_after=2025-07-06 07:00:00+00:00
[2025-07-06T01:00:33.658+0000] {processor.py:208} INFO - Processing /opt/airflow/dags/driven_data_pipeline.py took 0.253 seconds
[2025-07-06T01:01:03.864+0000] {processor.py:186} INFO - Started process (PID=1236) to work on /opt/airflow/dags/driven_data_pipeline.py
[2025-07-06T01:01:03.866+0000] {processor.py:914} INFO - Processing file /opt/airflow/dags/driven_data_pipeline.py for tasks to queue
[2025-07-06T01:01:03.870+0000] {logging_mixin.py:190} INFO - [2025-07-06T01:01:03.869+0000] {dagbag.py:588} INFO - Filling up the DagBag from /opt/airflow/dags/driven_data_pipeline.py
[2025-07-06T01:01:04.067+0000] {processor.py:925} INFO - DAG(s) 'extract_raw_data_pipeline' retrieved from /opt/airflow/dags/driven_data_pipeline.py
[2025-07-06T01:01:04.093+0000] {logging_mixin.py:190} INFO - [2025-07-06T01:01:04.092+0000] {dag.py:3239} INFO - Sync 1 DAGs
[2025-07-06T01:01:04.112+0000] {logging_mixin.py:190} INFO - [2025-07-06T01:01:04.112+0000] {dag.py:4180} INFO - Setting next_dagrun for extract_raw_data_pipeline to 2025-07-05 07:59:00+00:00, run_after=2025-07-06 07:00:00+00:00
[2025-07-06T01:01:04.130+0000] {processor.py:208} INFO - Processing /opt/airflow/dags/driven_data_pipeline.py took 0.276 seconds
[2025-07-06T01:01:34.331+0000] {processor.py:186} INFO - Started process (PID=1244) to work on /opt/airflow/dags/driven_data_pipeline.py
[2025-07-06T01:01:34.332+0000] {processor.py:914} INFO - Processing file /opt/airflow/dags/driven_data_pipeline.py for tasks to queue
[2025-07-06T01:01:34.335+0000] {logging_mixin.py:190} INFO - [2025-07-06T01:01:34.334+0000] {dagbag.py:588} INFO - Filling up the DagBag from /opt/airflow/dags/driven_data_pipeline.py
[2025-07-06T01:01:34.508+0000] {processor.py:925} INFO - DAG(s) 'extract_raw_data_pipeline' retrieved from /opt/airflow/dags/driven_data_pipeline.py
[2025-07-06T01:01:34.533+0000] {logging_mixin.py:190} INFO - [2025-07-06T01:01:34.533+0000] {dag.py:3239} INFO - Sync 1 DAGs
[2025-07-06T01:01:34.555+0000] {logging_mixin.py:190} INFO - [2025-07-06T01:01:34.554+0000] {dag.py:4180} INFO - Setting next_dagrun for extract_raw_data_pipeline to 2025-07-05 07:59:00+00:00, run_after=2025-07-06 07:00:00+00:00
[2025-07-06T01:01:34.574+0000] {processor.py:208} INFO - Processing /opt/airflow/dags/driven_data_pipeline.py took 0.251 seconds
[2025-07-06T01:02:04.775+0000] {processor.py:186} INFO - Started process (PID=1252) to work on /opt/airflow/dags/driven_data_pipeline.py
[2025-07-06T01:02:04.776+0000] {processor.py:914} INFO - Processing file /opt/airflow/dags/driven_data_pipeline.py for tasks to queue
[2025-07-06T01:02:04.779+0000] {logging_mixin.py:190} INFO - [2025-07-06T01:02:04.778+0000] {dagbag.py:588} INFO - Filling up the DagBag from /opt/airflow/dags/driven_data_pipeline.py
[2025-07-06T01:02:04.956+0000] {processor.py:925} INFO - DAG(s) 'extract_raw_data_pipeline' retrieved from /opt/airflow/dags/driven_data_pipeline.py
[2025-07-06T01:02:04.982+0000] {logging_mixin.py:190} INFO - [2025-07-06T01:02:04.982+0000] {dag.py:3239} INFO - Sync 1 DAGs
[2025-07-06T01:02:05.003+0000] {logging_mixin.py:190} INFO - [2025-07-06T01:02:05.003+0000] {dag.py:4180} INFO - Setting next_dagrun for extract_raw_data_pipeline to 2025-07-05 07:59:00+00:00, run_after=2025-07-06 07:00:00+00:00
[2025-07-06T01:02:05.020+0000] {processor.py:208} INFO - Processing /opt/airflow/dags/driven_data_pipeline.py took 0.253 seconds
[2025-07-06T01:02:35.225+0000] {processor.py:186} INFO - Started process (PID=1260) to work on /opt/airflow/dags/driven_data_pipeline.py
[2025-07-06T01:02:35.227+0000] {processor.py:914} INFO - Processing file /opt/airflow/dags/driven_data_pipeline.py for tasks to queue
[2025-07-06T01:02:35.231+0000] {logging_mixin.py:190} INFO - [2025-07-06T01:02:35.230+0000] {dagbag.py:588} INFO - Filling up the DagBag from /opt/airflow/dags/driven_data_pipeline.py
[2025-07-06T01:02:35.443+0000] {processor.py:925} INFO - DAG(s) 'extract_raw_data_pipeline' retrieved from /opt/airflow/dags/driven_data_pipeline.py
[2025-07-06T01:02:35.473+0000] {logging_mixin.py:190} INFO - [2025-07-06T01:02:35.473+0000] {dag.py:3239} INFO - Sync 1 DAGs
[2025-07-06T01:02:35.497+0000] {logging_mixin.py:190} INFO - [2025-07-06T01:02:35.497+0000] {dag.py:4180} INFO - Setting next_dagrun for extract_raw_data_pipeline to 2025-07-05 07:59:00+00:00, run_after=2025-07-06 07:00:00+00:00
[2025-07-06T01:02:35.515+0000] {processor.py:208} INFO - Processing /opt/airflow/dags/driven_data_pipeline.py took 0.300 seconds
[2025-07-06T01:03:05.712+0000] {processor.py:186} INFO - Started process (PID=1269) to work on /opt/airflow/dags/driven_data_pipeline.py
[2025-07-06T01:03:05.713+0000] {processor.py:914} INFO - Processing file /opt/airflow/dags/driven_data_pipeline.py for tasks to queue
[2025-07-06T01:03:05.716+0000] {logging_mixin.py:190} INFO - [2025-07-06T01:03:05.716+0000] {dagbag.py:588} INFO - Filling up the DagBag from /opt/airflow/dags/driven_data_pipeline.py
[2025-07-06T01:03:05.897+0000] {processor.py:925} INFO - DAG(s) 'extract_raw_data_pipeline' retrieved from /opt/airflow/dags/driven_data_pipeline.py
[2025-07-06T01:03:05.923+0000] {logging_mixin.py:190} INFO - [2025-07-06T01:03:05.922+0000] {dag.py:3239} INFO - Sync 1 DAGs
[2025-07-06T01:03:05.943+0000] {logging_mixin.py:190} INFO - [2025-07-06T01:03:05.943+0000] {dag.py:4180} INFO - Setting next_dagrun for extract_raw_data_pipeline to 2025-07-05 07:59:00+00:00, run_after=2025-07-06 07:00:00+00:00
[2025-07-06T01:03:05.962+0000] {processor.py:208} INFO - Processing /opt/airflow/dags/driven_data_pipeline.py took 0.257 seconds
[2025-07-06T01:03:36.167+0000] {processor.py:186} INFO - Started process (PID=1277) to work on /opt/airflow/dags/driven_data_pipeline.py
[2025-07-06T01:03:36.169+0000] {processor.py:914} INFO - Processing file /opt/airflow/dags/driven_data_pipeline.py for tasks to queue
[2025-07-06T01:03:36.172+0000] {logging_mixin.py:190} INFO - [2025-07-06T01:03:36.172+0000] {dagbag.py:588} INFO - Filling up the DagBag from /opt/airflow/dags/driven_data_pipeline.py
[2025-07-06T01:03:36.362+0000] {processor.py:925} INFO - DAG(s) 'extract_raw_data_pipeline' retrieved from /opt/airflow/dags/driven_data_pipeline.py
[2025-07-06T01:03:36.390+0000] {logging_mixin.py:190} INFO - [2025-07-06T01:03:36.389+0000] {dag.py:3239} INFO - Sync 1 DAGs
[2025-07-06T01:03:36.411+0000] {logging_mixin.py:190} INFO - [2025-07-06T01:03:36.410+0000] {dag.py:4180} INFO - Setting next_dagrun for extract_raw_data_pipeline to 2025-07-05 07:59:00+00:00, run_after=2025-07-06 07:00:00+00:00
[2025-07-06T01:03:36.431+0000] {processor.py:208} INFO - Processing /opt/airflow/dags/driven_data_pipeline.py took 0.271 seconds
[2025-07-06T01:04:06.641+0000] {processor.py:186} INFO - Started process (PID=1285) to work on /opt/airflow/dags/driven_data_pipeline.py
[2025-07-06T01:04:06.642+0000] {processor.py:914} INFO - Processing file /opt/airflow/dags/driven_data_pipeline.py for tasks to queue
[2025-07-06T01:04:06.645+0000] {logging_mixin.py:190} INFO - [2025-07-06T01:04:06.644+0000] {dagbag.py:588} INFO - Filling up the DagBag from /opt/airflow/dags/driven_data_pipeline.py
[2025-07-06T01:04:06.821+0000] {processor.py:925} INFO - DAG(s) 'extract_raw_data_pipeline' retrieved from /opt/airflow/dags/driven_data_pipeline.py
[2025-07-06T01:04:06.847+0000] {logging_mixin.py:190} INFO - [2025-07-06T01:04:06.846+0000] {dag.py:3239} INFO - Sync 1 DAGs
[2025-07-06T01:04:06.868+0000] {logging_mixin.py:190} INFO - [2025-07-06T01:04:06.868+0000] {dag.py:4180} INFO - Setting next_dagrun for extract_raw_data_pipeline to 2025-07-05 07:59:00+00:00, run_after=2025-07-06 07:00:00+00:00
[2025-07-06T01:04:06.886+0000] {processor.py:208} INFO - Processing /opt/airflow/dags/driven_data_pipeline.py took 0.254 seconds
[2025-07-06T01:04:37.096+0000] {processor.py:186} INFO - Started process (PID=1293) to work on /opt/airflow/dags/driven_data_pipeline.py
[2025-07-06T01:04:37.098+0000] {processor.py:914} INFO - Processing file /opt/airflow/dags/driven_data_pipeline.py for tasks to queue
[2025-07-06T01:04:37.100+0000] {logging_mixin.py:190} INFO - [2025-07-06T01:04:37.100+0000] {dagbag.py:588} INFO - Filling up the DagBag from /opt/airflow/dags/driven_data_pipeline.py
[2025-07-06T01:04:37.283+0000] {processor.py:925} INFO - DAG(s) 'extract_raw_data_pipeline' retrieved from /opt/airflow/dags/driven_data_pipeline.py
[2025-07-06T01:04:37.309+0000] {logging_mixin.py:190} INFO - [2025-07-06T01:04:37.309+0000] {dag.py:3239} INFO - Sync 1 DAGs
[2025-07-06T01:04:37.329+0000] {logging_mixin.py:190} INFO - [2025-07-06T01:04:37.329+0000] {dag.py:4180} INFO - Setting next_dagrun for extract_raw_data_pipeline to 2025-07-05 07:59:00+00:00, run_after=2025-07-06 07:00:00+00:00
[2025-07-06T01:04:37.346+0000] {processor.py:208} INFO - Processing /opt/airflow/dags/driven_data_pipeline.py took 0.256 seconds
[2025-07-06T01:05:07.560+0000] {processor.py:186} INFO - Started process (PID=1301) to work on /opt/airflow/dags/driven_data_pipeline.py
[2025-07-06T01:05:07.561+0000] {processor.py:914} INFO - Processing file /opt/airflow/dags/driven_data_pipeline.py for tasks to queue
[2025-07-06T01:05:07.565+0000] {logging_mixin.py:190} INFO - [2025-07-06T01:05:07.564+0000] {dagbag.py:588} INFO - Filling up the DagBag from /opt/airflow/dags/driven_data_pipeline.py
[2025-07-06T01:05:07.772+0000] {processor.py:925} INFO - DAG(s) 'extract_raw_data_pipeline' retrieved from /opt/airflow/dags/driven_data_pipeline.py
[2025-07-06T01:05:07.799+0000] {logging_mixin.py:190} INFO - [2025-07-06T01:05:07.799+0000] {dag.py:3239} INFO - Sync 1 DAGs
[2025-07-06T01:05:07.821+0000] {logging_mixin.py:190} INFO - [2025-07-06T01:05:07.820+0000] {dag.py:4180} INFO - Setting next_dagrun for extract_raw_data_pipeline to 2025-07-05 07:59:00+00:00, run_after=2025-07-06 07:00:00+00:00
[2025-07-06T01:05:07.841+0000] {processor.py:208} INFO - Processing /opt/airflow/dags/driven_data_pipeline.py took 0.290 seconds
[2025-07-06T01:05:38.046+0000] {processor.py:186} INFO - Started process (PID=1309) to work on /opt/airflow/dags/driven_data_pipeline.py
[2025-07-06T01:05:38.047+0000] {processor.py:914} INFO - Processing file /opt/airflow/dags/driven_data_pipeline.py for tasks to queue
[2025-07-06T01:05:38.050+0000] {logging_mixin.py:190} INFO - [2025-07-06T01:05:38.050+0000] {dagbag.py:588} INFO - Filling up the DagBag from /opt/airflow/dags/driven_data_pipeline.py
[2025-07-06T01:05:38.229+0000] {processor.py:925} INFO - DAG(s) 'extract_raw_data_pipeline' retrieved from /opt/airflow/dags/driven_data_pipeline.py
[2025-07-06T01:05:38.255+0000] {logging_mixin.py:190} INFO - [2025-07-06T01:05:38.255+0000] {dag.py:3239} INFO - Sync 1 DAGs
[2025-07-06T01:05:38.279+0000] {logging_mixin.py:190} INFO - [2025-07-06T01:05:38.278+0000] {dag.py:4180} INFO - Setting next_dagrun for extract_raw_data_pipeline to 2025-07-05 07:59:00+00:00, run_after=2025-07-06 07:00:00+00:00
[2025-07-06T01:05:38.298+0000] {processor.py:208} INFO - Processing /opt/airflow/dags/driven_data_pipeline.py took 0.259 seconds
[2025-07-06T01:06:08.499+0000] {processor.py:186} INFO - Started process (PID=1317) to work on /opt/airflow/dags/driven_data_pipeline.py
[2025-07-06T01:06:08.500+0000] {processor.py:914} INFO - Processing file /opt/airflow/dags/driven_data_pipeline.py for tasks to queue
[2025-07-06T01:06:08.503+0000] {logging_mixin.py:190} INFO - [2025-07-06T01:06:08.503+0000] {dagbag.py:588} INFO - Filling up the DagBag from /opt/airflow/dags/driven_data_pipeline.py
[2025-07-06T01:06:08.694+0000] {processor.py:925} INFO - DAG(s) 'extract_raw_data_pipeline' retrieved from /opt/airflow/dags/driven_data_pipeline.py
[2025-07-06T01:06:08.721+0000] {logging_mixin.py:190} INFO - [2025-07-06T01:06:08.721+0000] {dag.py:3239} INFO - Sync 1 DAGs
[2025-07-06T01:06:08.745+0000] {logging_mixin.py:190} INFO - [2025-07-06T01:06:08.745+0000] {dag.py:4180} INFO - Setting next_dagrun for extract_raw_data_pipeline to 2025-07-05 07:59:00+00:00, run_after=2025-07-06 07:00:00+00:00
[2025-07-06T01:06:08.767+0000] {processor.py:208} INFO - Processing /opt/airflow/dags/driven_data_pipeline.py took 0.275 seconds
[2025-07-06T01:06:38.969+0000] {processor.py:186} INFO - Started process (PID=1325) to work on /opt/airflow/dags/driven_data_pipeline.py
[2025-07-06T01:06:38.971+0000] {processor.py:914} INFO - Processing file /opt/airflow/dags/driven_data_pipeline.py for tasks to queue
[2025-07-06T01:06:38.973+0000] {logging_mixin.py:190} INFO - [2025-07-06T01:06:38.973+0000] {dagbag.py:588} INFO - Filling up the DagBag from /opt/airflow/dags/driven_data_pipeline.py
[2025-07-06T01:06:39.152+0000] {processor.py:925} INFO - DAG(s) 'extract_raw_data_pipeline' retrieved from /opt/airflow/dags/driven_data_pipeline.py
[2025-07-06T01:06:39.179+0000] {logging_mixin.py:190} INFO - [2025-07-06T01:06:39.179+0000] {dag.py:3239} INFO - Sync 1 DAGs
[2025-07-06T01:06:39.199+0000] {logging_mixin.py:190} INFO - [2025-07-06T01:06:39.199+0000] {dag.py:4180} INFO - Setting next_dagrun for extract_raw_data_pipeline to 2025-07-05 07:59:00+00:00, run_after=2025-07-06 07:00:00+00:00
[2025-07-06T01:06:39.217+0000] {processor.py:208} INFO - Processing /opt/airflow/dags/driven_data_pipeline.py took 0.255 seconds
[2025-07-06T01:07:09.428+0000] {processor.py:186} INFO - Started process (PID=1333) to work on /opt/airflow/dags/driven_data_pipeline.py
[2025-07-06T01:07:09.429+0000] {processor.py:914} INFO - Processing file /opt/airflow/dags/driven_data_pipeline.py for tasks to queue
[2025-07-06T01:07:09.432+0000] {logging_mixin.py:190} INFO - [2025-07-06T01:07:09.431+0000] {dagbag.py:588} INFO - Filling up the DagBag from /opt/airflow/dags/driven_data_pipeline.py
[2025-07-06T01:07:09.626+0000] {processor.py:925} INFO - DAG(s) 'extract_raw_data_pipeline' retrieved from /opt/airflow/dags/driven_data_pipeline.py
[2025-07-06T01:07:09.653+0000] {logging_mixin.py:190} INFO - [2025-07-06T01:07:09.653+0000] {dag.py:3239} INFO - Sync 1 DAGs
[2025-07-06T01:07:09.676+0000] {logging_mixin.py:190} INFO - [2025-07-06T01:07:09.676+0000] {dag.py:4180} INFO - Setting next_dagrun for extract_raw_data_pipeline to 2025-07-05 07:59:00+00:00, run_after=2025-07-06 07:00:00+00:00
[2025-07-06T01:07:09.695+0000] {processor.py:208} INFO - Processing /opt/airflow/dags/driven_data_pipeline.py took 0.275 seconds
[2025-07-06T01:07:39.897+0000] {processor.py:186} INFO - Started process (PID=1341) to work on /opt/airflow/dags/driven_data_pipeline.py
[2025-07-06T01:07:39.898+0000] {processor.py:914} INFO - Processing file /opt/airflow/dags/driven_data_pipeline.py for tasks to queue
[2025-07-06T01:07:39.901+0000] {logging_mixin.py:190} INFO - [2025-07-06T01:07:39.901+0000] {dagbag.py:588} INFO - Filling up the DagBag from /opt/airflow/dags/driven_data_pipeline.py
[2025-07-06T01:07:40.083+0000] {processor.py:925} INFO - DAG(s) 'extract_raw_data_pipeline' retrieved from /opt/airflow/dags/driven_data_pipeline.py
[2025-07-06T01:07:40.109+0000] {logging_mixin.py:190} INFO - [2025-07-06T01:07:40.109+0000] {dag.py:3239} INFO - Sync 1 DAGs
[2025-07-06T01:07:40.129+0000] {logging_mixin.py:190} INFO - [2025-07-06T01:07:40.129+0000] {dag.py:4180} INFO - Setting next_dagrun for extract_raw_data_pipeline to 2025-07-05 07:59:00+00:00, run_after=2025-07-06 07:00:00+00:00
[2025-07-06T01:07:40.150+0000] {processor.py:208} INFO - Processing /opt/airflow/dags/driven_data_pipeline.py took 0.260 seconds
[2025-07-06T01:08:10.358+0000] {processor.py:186} INFO - Started process (PID=1349) to work on /opt/airflow/dags/driven_data_pipeline.py
[2025-07-06T01:08:10.360+0000] {processor.py:914} INFO - Processing file /opt/airflow/dags/driven_data_pipeline.py for tasks to queue
[2025-07-06T01:08:10.363+0000] {logging_mixin.py:190} INFO - [2025-07-06T01:08:10.362+0000] {dagbag.py:588} INFO - Filling up the DagBag from /opt/airflow/dags/driven_data_pipeline.py
[2025-07-06T01:08:10.570+0000] {processor.py:925} INFO - DAG(s) 'extract_raw_data_pipeline' retrieved from /opt/airflow/dags/driven_data_pipeline.py
[2025-07-06T01:08:10.597+0000] {logging_mixin.py:190} INFO - [2025-07-06T01:08:10.597+0000] {dag.py:3239} INFO - Sync 1 DAGs
[2025-07-06T01:08:10.621+0000] {logging_mixin.py:190} INFO - [2025-07-06T01:08:10.621+0000] {dag.py:4180} INFO - Setting next_dagrun for extract_raw_data_pipeline to 2025-07-05 07:59:00+00:00, run_after=2025-07-06 07:00:00+00:00
[2025-07-06T01:08:10.642+0000] {processor.py:208} INFO - Processing /opt/airflow/dags/driven_data_pipeline.py took 0.292 seconds
[2025-07-06T01:08:40.849+0000] {processor.py:186} INFO - Started process (PID=1357) to work on /opt/airflow/dags/driven_data_pipeline.py
[2025-07-06T01:08:40.850+0000] {processor.py:914} INFO - Processing file /opt/airflow/dags/driven_data_pipeline.py for tasks to queue
[2025-07-06T01:08:40.858+0000] {logging_mixin.py:190} INFO - [2025-07-06T01:08:40.857+0000] {dagbag.py:588} INFO - Filling up the DagBag from /opt/airflow/dags/driven_data_pipeline.py
[2025-07-06T01:08:41.043+0000] {processor.py:925} INFO - DAG(s) 'extract_raw_data_pipeline' retrieved from /opt/airflow/dags/driven_data_pipeline.py
[2025-07-06T01:08:41.069+0000] {logging_mixin.py:190} INFO - [2025-07-06T01:08:41.069+0000] {dag.py:3239} INFO - Sync 1 DAGs
[2025-07-06T01:08:41.089+0000] {logging_mixin.py:190} INFO - [2025-07-06T01:08:41.089+0000] {dag.py:4180} INFO - Setting next_dagrun for extract_raw_data_pipeline to 2025-07-05 07:59:00+00:00, run_after=2025-07-06 07:00:00+00:00
[2025-07-06T01:08:41.107+0000] {processor.py:208} INFO - Processing /opt/airflow/dags/driven_data_pipeline.py took 0.266 seconds
[2025-07-06T01:09:11.310+0000] {processor.py:186} INFO - Started process (PID=1365) to work on /opt/airflow/dags/driven_data_pipeline.py
[2025-07-06T01:09:11.311+0000] {processor.py:914} INFO - Processing file /opt/airflow/dags/driven_data_pipeline.py for tasks to queue
[2025-07-06T01:09:11.314+0000] {logging_mixin.py:190} INFO - [2025-07-06T01:09:11.314+0000] {dagbag.py:588} INFO - Filling up the DagBag from /opt/airflow/dags/driven_data_pipeline.py
[2025-07-06T01:09:11.493+0000] {processor.py:925} INFO - DAG(s) 'extract_raw_data_pipeline' retrieved from /opt/airflow/dags/driven_data_pipeline.py
[2025-07-06T01:09:11.519+0000] {logging_mixin.py:190} INFO - [2025-07-06T01:09:11.519+0000] {dag.py:3239} INFO - Sync 1 DAGs
[2025-07-06T01:09:11.540+0000] {logging_mixin.py:190} INFO - [2025-07-06T01:09:11.539+0000] {dag.py:4180} INFO - Setting next_dagrun for extract_raw_data_pipeline to 2025-07-05 07:59:00+00:00, run_after=2025-07-06 07:00:00+00:00
[2025-07-06T01:09:11.559+0000] {processor.py:208} INFO - Processing /opt/airflow/dags/driven_data_pipeline.py took 0.256 seconds
[2025-07-06T01:09:41.767+0000] {processor.py:186} INFO - Started process (PID=1373) to work on /opt/airflow/dags/driven_data_pipeline.py
[2025-07-06T01:09:41.768+0000] {processor.py:914} INFO - Processing file /opt/airflow/dags/driven_data_pipeline.py for tasks to queue
[2025-07-06T01:09:41.772+0000] {logging_mixin.py:190} INFO - [2025-07-06T01:09:41.771+0000] {dagbag.py:588} INFO - Filling up the DagBag from /opt/airflow/dags/driven_data_pipeline.py
[2025-07-06T01:09:41.950+0000] {processor.py:925} INFO - DAG(s) 'extract_raw_data_pipeline' retrieved from /opt/airflow/dags/driven_data_pipeline.py
[2025-07-06T01:09:41.974+0000] {logging_mixin.py:190} INFO - [2025-07-06T01:09:41.974+0000] {dag.py:3239} INFO - Sync 1 DAGs
[2025-07-06T01:09:41.994+0000] {logging_mixin.py:190} INFO - [2025-07-06T01:09:41.994+0000] {dag.py:4180} INFO - Setting next_dagrun for extract_raw_data_pipeline to 2025-07-05 07:59:00+00:00, run_after=2025-07-06 07:00:00+00:00
[2025-07-06T01:09:42.014+0000] {processor.py:208} INFO - Processing /opt/airflow/dags/driven_data_pipeline.py took 0.255 seconds
[2025-07-06T01:10:12.221+0000] {processor.py:186} INFO - Started process (PID=1381) to work on /opt/airflow/dags/driven_data_pipeline.py
[2025-07-06T01:10:12.222+0000] {processor.py:914} INFO - Processing file /opt/airflow/dags/driven_data_pipeline.py for tasks to queue
[2025-07-06T01:10:12.225+0000] {logging_mixin.py:190} INFO - [2025-07-06T01:10:12.224+0000] {dagbag.py:588} INFO - Filling up the DagBag from /opt/airflow/dags/driven_data_pipeline.py
[2025-07-06T01:10:12.414+0000] {processor.py:925} INFO - DAG(s) 'extract_raw_data_pipeline' retrieved from /opt/airflow/dags/driven_data_pipeline.py
[2025-07-06T01:10:12.443+0000] {logging_mixin.py:190} INFO - [2025-07-06T01:10:12.442+0000] {dag.py:3239} INFO - Sync 1 DAGs
[2025-07-06T01:10:12.467+0000] {logging_mixin.py:190} INFO - [2025-07-06T01:10:12.467+0000] {dag.py:4180} INFO - Setting next_dagrun for extract_raw_data_pipeline to 2025-07-05 07:59:00+00:00, run_after=2025-07-06 07:00:00+00:00
[2025-07-06T01:10:12.486+0000] {processor.py:208} INFO - Processing /opt/airflow/dags/driven_data_pipeline.py took 0.272 seconds
[2025-07-06T01:10:42.687+0000] {processor.py:186} INFO - Started process (PID=1389) to work on /opt/airflow/dags/driven_data_pipeline.py
[2025-07-06T01:10:42.689+0000] {processor.py:914} INFO - Processing file /opt/airflow/dags/driven_data_pipeline.py for tasks to queue
[2025-07-06T01:10:42.691+0000] {logging_mixin.py:190} INFO - [2025-07-06T01:10:42.691+0000] {dagbag.py:588} INFO - Filling up the DagBag from /opt/airflow/dags/driven_data_pipeline.py
[2025-07-06T01:10:42.867+0000] {processor.py:925} INFO - DAG(s) 'extract_raw_data_pipeline' retrieved from /opt/airflow/dags/driven_data_pipeline.py
[2025-07-06T01:10:42.893+0000] {logging_mixin.py:190} INFO - [2025-07-06T01:10:42.893+0000] {dag.py:3239} INFO - Sync 1 DAGs
[2025-07-06T01:10:42.913+0000] {logging_mixin.py:190} INFO - [2025-07-06T01:10:42.912+0000] {dag.py:4180} INFO - Setting next_dagrun for extract_raw_data_pipeline to 2025-07-05 07:59:00+00:00, run_after=2025-07-06 07:00:00+00:00
[2025-07-06T01:10:42.931+0000] {processor.py:208} INFO - Processing /opt/airflow/dags/driven_data_pipeline.py took 0.250 seconds
[2025-07-06T01:11:13.126+0000] {processor.py:186} INFO - Started process (PID=1397) to work on /opt/airflow/dags/driven_data_pipeline.py
[2025-07-06T01:11:13.127+0000] {processor.py:914} INFO - Processing file /opt/airflow/dags/driven_data_pipeline.py for tasks to queue
[2025-07-06T01:11:13.130+0000] {logging_mixin.py:190} INFO - [2025-07-06T01:11:13.130+0000] {dagbag.py:588} INFO - Filling up the DagBag from /opt/airflow/dags/driven_data_pipeline.py
[2025-07-06T01:11:13.306+0000] {processor.py:925} INFO - DAG(s) 'extract_raw_data_pipeline' retrieved from /opt/airflow/dags/driven_data_pipeline.py
[2025-07-06T01:11:13.332+0000] {logging_mixin.py:190} INFO - [2025-07-06T01:11:13.332+0000] {dag.py:3239} INFO - Sync 1 DAGs
[2025-07-06T01:11:13.354+0000] {logging_mixin.py:190} INFO - [2025-07-06T01:11:13.353+0000] {dag.py:4180} INFO - Setting next_dagrun for extract_raw_data_pipeline to 2025-07-05 07:59:00+00:00, run_after=2025-07-06 07:00:00+00:00
[2025-07-06T01:11:13.373+0000] {processor.py:208} INFO - Processing /opt/airflow/dags/driven_data_pipeline.py took 0.253 seconds
[2025-07-06T01:11:43.571+0000] {processor.py:186} INFO - Started process (PID=1405) to work on /opt/airflow/dags/driven_data_pipeline.py
[2025-07-06T01:11:43.572+0000] {processor.py:914} INFO - Processing file /opt/airflow/dags/driven_data_pipeline.py for tasks to queue
[2025-07-06T01:11:43.575+0000] {logging_mixin.py:190} INFO - [2025-07-06T01:11:43.575+0000] {dagbag.py:588} INFO - Filling up the DagBag from /opt/airflow/dags/driven_data_pipeline.py
[2025-07-06T01:11:43.756+0000] {processor.py:925} INFO - DAG(s) 'extract_raw_data_pipeline' retrieved from /opt/airflow/dags/driven_data_pipeline.py
[2025-07-06T01:11:43.782+0000] {logging_mixin.py:190} INFO - [2025-07-06T01:11:43.782+0000] {dag.py:3239} INFO - Sync 1 DAGs
[2025-07-06T01:11:43.804+0000] {logging_mixin.py:190} INFO - [2025-07-06T01:11:43.804+0000] {dag.py:4180} INFO - Setting next_dagrun for extract_raw_data_pipeline to 2025-07-05 07:59:00+00:00, run_after=2025-07-06 07:00:00+00:00
[2025-07-06T01:11:43.829+0000] {processor.py:208} INFO - Processing /opt/airflow/dags/driven_data_pipeline.py took 0.265 seconds
[2025-07-06T01:12:14.028+0000] {processor.py:186} INFO - Started process (PID=1413) to work on /opt/airflow/dags/driven_data_pipeline.py
[2025-07-06T01:12:14.029+0000] {processor.py:914} INFO - Processing file /opt/airflow/dags/driven_data_pipeline.py for tasks to queue
[2025-07-06T01:12:14.033+0000] {logging_mixin.py:190} INFO - [2025-07-06T01:12:14.032+0000] {dagbag.py:588} INFO - Filling up the DagBag from /opt/airflow/dags/driven_data_pipeline.py
[2025-07-06T01:12:14.210+0000] {processor.py:925} INFO - DAG(s) 'extract_raw_data_pipeline' retrieved from /opt/airflow/dags/driven_data_pipeline.py
[2025-07-06T01:12:14.235+0000] {logging_mixin.py:190} INFO - [2025-07-06T01:12:14.235+0000] {dag.py:3239} INFO - Sync 1 DAGs
[2025-07-06T01:12:14.258+0000] {logging_mixin.py:190} INFO - [2025-07-06T01:12:14.257+0000] {dag.py:4180} INFO - Setting next_dagrun for extract_raw_data_pipeline to 2025-07-05 07:59:00+00:00, run_after=2025-07-06 07:00:00+00:00
[2025-07-06T01:12:14.276+0000] {processor.py:208} INFO - Processing /opt/airflow/dags/driven_data_pipeline.py took 0.256 seconds
[2025-07-06T01:12:44.488+0000] {processor.py:186} INFO - Started process (PID=1421) to work on /opt/airflow/dags/driven_data_pipeline.py
[2025-07-06T01:12:44.489+0000] {processor.py:914} INFO - Processing file /opt/airflow/dags/driven_data_pipeline.py for tasks to queue
[2025-07-06T01:12:44.493+0000] {logging_mixin.py:190} INFO - [2025-07-06T01:12:44.492+0000] {dagbag.py:588} INFO - Filling up the DagBag from /opt/airflow/dags/driven_data_pipeline.py
[2025-07-06T01:12:44.716+0000] {processor.py:925} INFO - DAG(s) 'extract_raw_data_pipeline' retrieved from /opt/airflow/dags/driven_data_pipeline.py
[2025-07-06T01:12:44.752+0000] {logging_mixin.py:190} INFO - [2025-07-06T01:12:44.752+0000] {dag.py:3239} INFO - Sync 1 DAGs
[2025-07-06T01:12:44.776+0000] {logging_mixin.py:190} INFO - [2025-07-06T01:12:44.776+0000] {dag.py:4180} INFO - Setting next_dagrun for extract_raw_data_pipeline to 2025-07-05 07:59:00+00:00, run_after=2025-07-06 07:00:00+00:00
[2025-07-06T01:12:44.796+0000] {processor.py:208} INFO - Processing /opt/airflow/dags/driven_data_pipeline.py took 0.316 seconds
[2025-07-06T01:13:15.014+0000] {processor.py:186} INFO - Started process (PID=1429) to work on /opt/airflow/dags/driven_data_pipeline.py
[2025-07-06T01:13:15.015+0000] {processor.py:914} INFO - Processing file /opt/airflow/dags/driven_data_pipeline.py for tasks to queue
[2025-07-06T01:13:15.018+0000] {logging_mixin.py:190} INFO - [2025-07-06T01:13:15.018+0000] {dagbag.py:588} INFO - Filling up the DagBag from /opt/airflow/dags/driven_data_pipeline.py
[2025-07-06T01:13:15.196+0000] {processor.py:925} INFO - DAG(s) 'extract_raw_data_pipeline' retrieved from /opt/airflow/dags/driven_data_pipeline.py
[2025-07-06T01:13:15.222+0000] {logging_mixin.py:190} INFO - [2025-07-06T01:13:15.222+0000] {dag.py:3239} INFO - Sync 1 DAGs
[2025-07-06T01:13:15.245+0000] {logging_mixin.py:190} INFO - [2025-07-06T01:13:15.244+0000] {dag.py:4180} INFO - Setting next_dagrun for extract_raw_data_pipeline to 2025-07-05 07:59:00+00:00, run_after=2025-07-06 07:00:00+00:00
[2025-07-06T01:13:15.262+0000] {processor.py:208} INFO - Processing /opt/airflow/dags/driven_data_pipeline.py took 0.256 seconds
[2025-07-06T01:13:45.460+0000] {processor.py:186} INFO - Started process (PID=1437) to work on /opt/airflow/dags/driven_data_pipeline.py
[2025-07-06T01:13:45.461+0000] {processor.py:914} INFO - Processing file /opt/airflow/dags/driven_data_pipeline.py for tasks to queue
[2025-07-06T01:13:45.464+0000] {logging_mixin.py:190} INFO - [2025-07-06T01:13:45.464+0000] {dagbag.py:588} INFO - Filling up the DagBag from /opt/airflow/dags/driven_data_pipeline.py
[2025-07-06T01:13:45.646+0000] {processor.py:925} INFO - DAG(s) 'extract_raw_data_pipeline' retrieved from /opt/airflow/dags/driven_data_pipeline.py
[2025-07-06T01:13:45.671+0000] {logging_mixin.py:190} INFO - [2025-07-06T01:13:45.670+0000] {dag.py:3239} INFO - Sync 1 DAGs
[2025-07-06T01:13:45.691+0000] {logging_mixin.py:190} INFO - [2025-07-06T01:13:45.691+0000] {dag.py:4180} INFO - Setting next_dagrun for extract_raw_data_pipeline to 2025-07-05 07:59:00+00:00, run_after=2025-07-06 07:00:00+00:00
[2025-07-06T01:13:45.709+0000] {processor.py:208} INFO - Processing /opt/airflow/dags/driven_data_pipeline.py took 0.256 seconds
[2025-07-06T01:14:15.905+0000] {processor.py:186} INFO - Started process (PID=1445) to work on /opt/airflow/dags/driven_data_pipeline.py
[2025-07-06T01:14:15.906+0000] {processor.py:914} INFO - Processing file /opt/airflow/dags/driven_data_pipeline.py for tasks to queue
[2025-07-06T01:14:15.909+0000] {logging_mixin.py:190} INFO - [2025-07-06T01:14:15.909+0000] {dagbag.py:588} INFO - Filling up the DagBag from /opt/airflow/dags/driven_data_pipeline.py
[2025-07-06T01:14:16.090+0000] {processor.py:925} INFO - DAG(s) 'extract_raw_data_pipeline' retrieved from /opt/airflow/dags/driven_data_pipeline.py
[2025-07-06T01:14:16.115+0000] {logging_mixin.py:190} INFO - [2025-07-06T01:14:16.115+0000] {dag.py:3239} INFO - Sync 1 DAGs
[2025-07-06T01:14:16.136+0000] {logging_mixin.py:190} INFO - [2025-07-06T01:14:16.136+0000] {dag.py:4180} INFO - Setting next_dagrun for extract_raw_data_pipeline to 2025-07-05 07:59:00+00:00, run_after=2025-07-06 07:00:00+00:00
[2025-07-06T01:14:16.153+0000] {processor.py:208} INFO - Processing /opt/airflow/dags/driven_data_pipeline.py took 0.254 seconds
[2025-07-06T01:14:46.356+0000] {processor.py:186} INFO - Started process (PID=1453) to work on /opt/airflow/dags/driven_data_pipeline.py
[2025-07-06T01:14:46.357+0000] {processor.py:914} INFO - Processing file /opt/airflow/dags/driven_data_pipeline.py for tasks to queue
[2025-07-06T01:14:46.360+0000] {logging_mixin.py:190} INFO - [2025-07-06T01:14:46.359+0000] {dagbag.py:588} INFO - Filling up the DagBag from /opt/airflow/dags/driven_data_pipeline.py
[2025-07-06T01:14:46.533+0000] {processor.py:925} INFO - DAG(s) 'extract_raw_data_pipeline' retrieved from /opt/airflow/dags/driven_data_pipeline.py
[2025-07-06T01:14:46.560+0000] {logging_mixin.py:190} INFO - [2025-07-06T01:14:46.560+0000] {dag.py:3239} INFO - Sync 1 DAGs
[2025-07-06T01:14:46.585+0000] {logging_mixin.py:190} INFO - [2025-07-06T01:14:46.585+0000] {dag.py:4180} INFO - Setting next_dagrun for extract_raw_data_pipeline to 2025-07-05 07:59:00+00:00, run_after=2025-07-06 07:00:00+00:00
[2025-07-06T01:14:46.606+0000] {processor.py:208} INFO - Processing /opt/airflow/dags/driven_data_pipeline.py took 0.257 seconds
[2025-07-06T01:15:16.810+0000] {processor.py:186} INFO - Started process (PID=1461) to work on /opt/airflow/dags/driven_data_pipeline.py
[2025-07-06T01:15:16.811+0000] {processor.py:914} INFO - Processing file /opt/airflow/dags/driven_data_pipeline.py for tasks to queue
[2025-07-06T01:15:16.814+0000] {logging_mixin.py:190} INFO - [2025-07-06T01:15:16.814+0000] {dagbag.py:588} INFO - Filling up the DagBag from /opt/airflow/dags/driven_data_pipeline.py
[2025-07-06T01:15:16.998+0000] {processor.py:925} INFO - DAG(s) 'extract_raw_data_pipeline' retrieved from /opt/airflow/dags/driven_data_pipeline.py
[2025-07-06T01:15:17.025+0000] {logging_mixin.py:190} INFO - [2025-07-06T01:15:17.024+0000] {dag.py:3239} INFO - Sync 1 DAGs
[2025-07-06T01:15:17.044+0000] {logging_mixin.py:190} INFO - [2025-07-06T01:15:17.044+0000] {dag.py:4180} INFO - Setting next_dagrun for extract_raw_data_pipeline to 2025-07-05 07:59:00+00:00, run_after=2025-07-06 07:00:00+00:00
[2025-07-06T01:15:17.061+0000] {processor.py:208} INFO - Processing /opt/airflow/dags/driven_data_pipeline.py took 0.258 seconds
[2025-07-06T01:15:47.258+0000] {processor.py:186} INFO - Started process (PID=1469) to work on /opt/airflow/dags/driven_data_pipeline.py
[2025-07-06T01:15:47.259+0000] {processor.py:914} INFO - Processing file /opt/airflow/dags/driven_data_pipeline.py for tasks to queue
[2025-07-06T01:15:47.262+0000] {logging_mixin.py:190} INFO - [2025-07-06T01:15:47.261+0000] {dagbag.py:588} INFO - Filling up the DagBag from /opt/airflow/dags/driven_data_pipeline.py
[2025-07-06T01:15:47.439+0000] {processor.py:925} INFO - DAG(s) 'extract_raw_data_pipeline' retrieved from /opt/airflow/dags/driven_data_pipeline.py
[2025-07-06T01:15:47.465+0000] {logging_mixin.py:190} INFO - [2025-07-06T01:15:47.465+0000] {dag.py:3239} INFO - Sync 1 DAGs
[2025-07-06T01:15:47.485+0000] {logging_mixin.py:190} INFO - [2025-07-06T01:15:47.485+0000] {dag.py:4180} INFO - Setting next_dagrun for extract_raw_data_pipeline to 2025-07-05 07:59:00+00:00, run_after=2025-07-06 07:00:00+00:00
[2025-07-06T01:15:47.504+0000] {processor.py:208} INFO - Processing /opt/airflow/dags/driven_data_pipeline.py took 0.253 seconds
[2025-07-06T01:16:17.708+0000] {processor.py:186} INFO - Started process (PID=1477) to work on /opt/airflow/dags/driven_data_pipeline.py
[2025-07-06T01:16:17.709+0000] {processor.py:914} INFO - Processing file /opt/airflow/dags/driven_data_pipeline.py for tasks to queue
[2025-07-06T01:16:17.712+0000] {logging_mixin.py:190} INFO - [2025-07-06T01:16:17.712+0000] {dagbag.py:588} INFO - Filling up the DagBag from /opt/airflow/dags/driven_data_pipeline.py
[2025-07-06T01:16:17.894+0000] {processor.py:925} INFO - DAG(s) 'extract_raw_data_pipeline' retrieved from /opt/airflow/dags/driven_data_pipeline.py
[2025-07-06T01:16:17.920+0000] {logging_mixin.py:190} INFO - [2025-07-06T01:16:17.920+0000] {dag.py:3239} INFO - Sync 1 DAGs
[2025-07-06T01:16:17.941+0000] {logging_mixin.py:190} INFO - [2025-07-06T01:16:17.940+0000] {dag.py:4180} INFO - Setting next_dagrun for extract_raw_data_pipeline to 2025-07-05 07:59:00+00:00, run_after=2025-07-06 07:00:00+00:00
[2025-07-06T01:16:17.959+0000] {processor.py:208} INFO - Processing /opt/airflow/dags/driven_data_pipeline.py took 0.257 seconds
[2025-07-06T01:16:48.161+0000] {processor.py:186} INFO - Started process (PID=1485) to work on /opt/airflow/dags/driven_data_pipeline.py
[2025-07-06T01:16:48.162+0000] {processor.py:914} INFO - Processing file /opt/airflow/dags/driven_data_pipeline.py for tasks to queue
[2025-07-06T01:16:48.165+0000] {logging_mixin.py:190} INFO - [2025-07-06T01:16:48.164+0000] {dagbag.py:588} INFO - Filling up the DagBag from /opt/airflow/dags/driven_data_pipeline.py
[2025-07-06T01:16:48.339+0000] {processor.py:925} INFO - DAG(s) 'extract_raw_data_pipeline' retrieved from /opt/airflow/dags/driven_data_pipeline.py
[2025-07-06T01:16:48.365+0000] {logging_mixin.py:190} INFO - [2025-07-06T01:16:48.365+0000] {dag.py:3239} INFO - Sync 1 DAGs
[2025-07-06T01:16:48.386+0000] {logging_mixin.py:190} INFO - [2025-07-06T01:16:48.386+0000] {dag.py:4180} INFO - Setting next_dagrun for extract_raw_data_pipeline to 2025-07-05 07:59:00+00:00, run_after=2025-07-06 07:00:00+00:00
[2025-07-06T01:16:48.404+0000] {processor.py:208} INFO - Processing /opt/airflow/dags/driven_data_pipeline.py took 0.250 seconds
[2025-07-06T01:17:18.605+0000] {processor.py:186} INFO - Started process (PID=1493) to work on /opt/airflow/dags/driven_data_pipeline.py
[2025-07-06T01:17:18.607+0000] {processor.py:914} INFO - Processing file /opt/airflow/dags/driven_data_pipeline.py for tasks to queue
[2025-07-06T01:17:18.610+0000] {logging_mixin.py:190} INFO - [2025-07-06T01:17:18.610+0000] {dagbag.py:588} INFO - Filling up the DagBag from /opt/airflow/dags/driven_data_pipeline.py
[2025-07-06T01:17:18.811+0000] {processor.py:925} INFO - DAG(s) 'extract_raw_data_pipeline' retrieved from /opt/airflow/dags/driven_data_pipeline.py
[2025-07-06T01:17:18.842+0000] {logging_mixin.py:190} INFO - [2025-07-06T01:17:18.842+0000] {dag.py:3239} INFO - Sync 1 DAGs
[2025-07-06T01:17:18.866+0000] {logging_mixin.py:190} INFO - [2025-07-06T01:17:18.866+0000] {dag.py:4180} INFO - Setting next_dagrun for extract_raw_data_pipeline to 2025-07-05 07:59:00+00:00, run_after=2025-07-06 07:00:00+00:00
[2025-07-06T01:17:18.886+0000] {processor.py:208} INFO - Processing /opt/airflow/dags/driven_data_pipeline.py took 0.288 seconds
[2025-07-06T01:17:49.086+0000] {processor.py:186} INFO - Started process (PID=1501) to work on /opt/airflow/dags/driven_data_pipeline.py
[2025-07-06T01:17:49.087+0000] {processor.py:914} INFO - Processing file /opt/airflow/dags/driven_data_pipeline.py for tasks to queue
[2025-07-06T01:17:49.090+0000] {logging_mixin.py:190} INFO - [2025-07-06T01:17:49.090+0000] {dagbag.py:588} INFO - Filling up the DagBag from /opt/airflow/dags/driven_data_pipeline.py
[2025-07-06T01:17:49.269+0000] {processor.py:925} INFO - DAG(s) 'extract_raw_data_pipeline' retrieved from /opt/airflow/dags/driven_data_pipeline.py
[2025-07-06T01:17:49.294+0000] {logging_mixin.py:190} INFO - [2025-07-06T01:17:49.294+0000] {dag.py:3239} INFO - Sync 1 DAGs
[2025-07-06T01:17:49.314+0000] {logging_mixin.py:190} INFO - [2025-07-06T01:17:49.314+0000] {dag.py:4180} INFO - Setting next_dagrun for extract_raw_data_pipeline to 2025-07-05 07:59:00+00:00, run_after=2025-07-06 07:00:00+00:00
[2025-07-06T01:17:49.334+0000] {processor.py:208} INFO - Processing /opt/airflow/dags/driven_data_pipeline.py took 0.255 seconds
[2025-07-06T01:18:19.531+0000] {processor.py:186} INFO - Started process (PID=1509) to work on /opt/airflow/dags/driven_data_pipeline.py
[2025-07-06T01:18:19.532+0000] {processor.py:914} INFO - Processing file /opt/airflow/dags/driven_data_pipeline.py for tasks to queue
[2025-07-06T01:18:19.535+0000] {logging_mixin.py:190} INFO - [2025-07-06T01:18:19.535+0000] {dagbag.py:588} INFO - Filling up the DagBag from /opt/airflow/dags/driven_data_pipeline.py
[2025-07-06T01:18:19.707+0000] {processor.py:925} INFO - DAG(s) 'extract_raw_data_pipeline' retrieved from /opt/airflow/dags/driven_data_pipeline.py
[2025-07-06T01:18:19.732+0000] {logging_mixin.py:190} INFO - [2025-07-06T01:18:19.732+0000] {dag.py:3239} INFO - Sync 1 DAGs
[2025-07-06T01:18:19.753+0000] {logging_mixin.py:190} INFO - [2025-07-06T01:18:19.753+0000] {dag.py:4180} INFO - Setting next_dagrun for extract_raw_data_pipeline to 2025-07-05 07:59:00+00:00, run_after=2025-07-06 07:00:00+00:00
[2025-07-06T01:18:19.770+0000] {processor.py:208} INFO - Processing /opt/airflow/dags/driven_data_pipeline.py took 0.247 seconds
[2025-07-06T01:18:49.973+0000] {processor.py:186} INFO - Started process (PID=1517) to work on /opt/airflow/dags/driven_data_pipeline.py
[2025-07-06T01:18:49.974+0000] {processor.py:914} INFO - Processing file /opt/airflow/dags/driven_data_pipeline.py for tasks to queue
[2025-07-06T01:18:49.977+0000] {logging_mixin.py:190} INFO - [2025-07-06T01:18:49.976+0000] {dagbag.py:588} INFO - Filling up the DagBag from /opt/airflow/dags/driven_data_pipeline.py
[2025-07-06T01:18:50.154+0000] {processor.py:925} INFO - DAG(s) 'extract_raw_data_pipeline' retrieved from /opt/airflow/dags/driven_data_pipeline.py
[2025-07-06T01:18:50.180+0000] {logging_mixin.py:190} INFO - [2025-07-06T01:18:50.179+0000] {dag.py:3239} INFO - Sync 1 DAGs
[2025-07-06T01:18:50.200+0000] {logging_mixin.py:190} INFO - [2025-07-06T01:18:50.200+0000] {dag.py:4180} INFO - Setting next_dagrun for extract_raw_data_pipeline to 2025-07-05 07:59:00+00:00, run_after=2025-07-06 07:00:00+00:00
[2025-07-06T01:18:50.217+0000] {processor.py:208} INFO - Processing /opt/airflow/dags/driven_data_pipeline.py took 0.251 seconds
[2025-07-06T01:19:20.417+0000] {processor.py:186} INFO - Started process (PID=1525) to work on /opt/airflow/dags/driven_data_pipeline.py
[2025-07-06T01:19:20.419+0000] {processor.py:914} INFO - Processing file /opt/airflow/dags/driven_data_pipeline.py for tasks to queue
[2025-07-06T01:19:20.421+0000] {logging_mixin.py:190} INFO - [2025-07-06T01:19:20.421+0000] {dagbag.py:588} INFO - Filling up the DagBag from /opt/airflow/dags/driven_data_pipeline.py
[2025-07-06T01:19:20.592+0000] {processor.py:925} INFO - DAG(s) 'extract_raw_data_pipeline' retrieved from /opt/airflow/dags/driven_data_pipeline.py
[2025-07-06T01:19:20.618+0000] {logging_mixin.py:190} INFO - [2025-07-06T01:19:20.618+0000] {dag.py:3239} INFO - Sync 1 DAGs
[2025-07-06T01:19:20.638+0000] {logging_mixin.py:190} INFO - [2025-07-06T01:19:20.638+0000] {dag.py:4180} INFO - Setting next_dagrun for extract_raw_data_pipeline to 2025-07-05 07:59:00+00:00, run_after=2025-07-06 07:00:00+00:00
[2025-07-06T01:19:20.655+0000] {processor.py:208} INFO - Processing /opt/airflow/dags/driven_data_pipeline.py took 0.245 seconds
[2025-07-06T01:19:50.864+0000] {processor.py:186} INFO - Started process (PID=1533) to work on /opt/airflow/dags/driven_data_pipeline.py
[2025-07-06T01:19:50.865+0000] {processor.py:914} INFO - Processing file /opt/airflow/dags/driven_data_pipeline.py for tasks to queue
[2025-07-06T01:19:50.868+0000] {logging_mixin.py:190} INFO - [2025-07-06T01:19:50.868+0000] {dagbag.py:588} INFO - Filling up the DagBag from /opt/airflow/dags/driven_data_pipeline.py
[2025-07-06T01:19:51.042+0000] {processor.py:925} INFO - DAG(s) 'extract_raw_data_pipeline' retrieved from /opt/airflow/dags/driven_data_pipeline.py
[2025-07-06T01:19:51.069+0000] {logging_mixin.py:190} INFO - [2025-07-06T01:19:51.069+0000] {dag.py:3239} INFO - Sync 1 DAGs
[2025-07-06T01:19:51.090+0000] {logging_mixin.py:190} INFO - [2025-07-06T01:19:51.090+0000] {dag.py:4180} INFO - Setting next_dagrun for extract_raw_data_pipeline to 2025-07-05 07:59:00+00:00, run_after=2025-07-06 07:00:00+00:00
[2025-07-06T01:19:51.110+0000] {processor.py:208} INFO - Processing /opt/airflow/dags/driven_data_pipeline.py took 0.252 seconds
[2025-07-06T01:20:21.315+0000] {processor.py:186} INFO - Started process (PID=1541) to work on /opt/airflow/dags/driven_data_pipeline.py
[2025-07-06T01:20:21.316+0000] {processor.py:914} INFO - Processing file /opt/airflow/dags/driven_data_pipeline.py for tasks to queue
[2025-07-06T01:20:21.320+0000] {logging_mixin.py:190} INFO - [2025-07-06T01:20:21.320+0000] {dagbag.py:588} INFO - Filling up the DagBag from /opt/airflow/dags/driven_data_pipeline.py
[2025-07-06T01:20:21.526+0000] {processor.py:925} INFO - DAG(s) 'extract_raw_data_pipeline' retrieved from /opt/airflow/dags/driven_data_pipeline.py
[2025-07-06T01:20:21.556+0000] {logging_mixin.py:190} INFO - [2025-07-06T01:20:21.556+0000] {dag.py:3239} INFO - Sync 1 DAGs
[2025-07-06T01:20:21.582+0000] {logging_mixin.py:190} INFO - [2025-07-06T01:20:21.582+0000] {dag.py:4180} INFO - Setting next_dagrun for extract_raw_data_pipeline to 2025-07-05 07:59:00+00:00, run_after=2025-07-06 07:00:00+00:00
[2025-07-06T01:20:21.603+0000] {processor.py:208} INFO - Processing /opt/airflow/dags/driven_data_pipeline.py took 0.296 seconds
[2025-07-06T01:20:51.806+0000] {processor.py:186} INFO - Started process (PID=1549) to work on /opt/airflow/dags/driven_data_pipeline.py
[2025-07-06T01:20:51.808+0000] {processor.py:914} INFO - Processing file /opt/airflow/dags/driven_data_pipeline.py for tasks to queue
[2025-07-06T01:20:51.810+0000] {logging_mixin.py:190} INFO - [2025-07-06T01:20:51.810+0000] {dagbag.py:588} INFO - Filling up the DagBag from /opt/airflow/dags/driven_data_pipeline.py
[2025-07-06T01:20:51.987+0000] {processor.py:925} INFO - DAG(s) 'extract_raw_data_pipeline' retrieved from /opt/airflow/dags/driven_data_pipeline.py
[2025-07-06T01:20:52.015+0000] {logging_mixin.py:190} INFO - [2025-07-06T01:20:52.014+0000] {dag.py:3239} INFO - Sync 1 DAGs
[2025-07-06T01:20:52.034+0000] {logging_mixin.py:190} INFO - [2025-07-06T01:20:52.034+0000] {dag.py:4180} INFO - Setting next_dagrun for extract_raw_data_pipeline to 2025-07-05 07:59:00+00:00, run_after=2025-07-06 07:00:00+00:00
[2025-07-06T01:20:52.052+0000] {processor.py:208} INFO - Processing /opt/airflow/dags/driven_data_pipeline.py took 0.253 seconds
[2025-07-06T01:21:22.252+0000] {processor.py:186} INFO - Started process (PID=1557) to work on /opt/airflow/dags/driven_data_pipeline.py
[2025-07-06T01:21:22.254+0000] {processor.py:914} INFO - Processing file /opt/airflow/dags/driven_data_pipeline.py for tasks to queue
[2025-07-06T01:21:22.257+0000] {logging_mixin.py:190} INFO - [2025-07-06T01:21:22.257+0000] {dagbag.py:588} INFO - Filling up the DagBag from /opt/airflow/dags/driven_data_pipeline.py
[2025-07-06T01:21:22.453+0000] {processor.py:925} INFO - DAG(s) 'extract_raw_data_pipeline' retrieved from /opt/airflow/dags/driven_data_pipeline.py
[2025-07-06T01:21:22.478+0000] {logging_mixin.py:190} INFO - [2025-07-06T01:21:22.478+0000] {dag.py:3239} INFO - Sync 1 DAGs
[2025-07-06T01:21:22.498+0000] {logging_mixin.py:190} INFO - [2025-07-06T01:21:22.498+0000] {dag.py:4180} INFO - Setting next_dagrun for extract_raw_data_pipeline to 2025-07-05 07:59:00+00:00, run_after=2025-07-06 07:00:00+00:00
[2025-07-06T01:21:22.515+0000] {processor.py:208} INFO - Processing /opt/airflow/dags/driven_data_pipeline.py took 0.271 seconds
[2025-07-06T01:21:52.714+0000] {processor.py:186} INFO - Started process (PID=1565) to work on /opt/airflow/dags/driven_data_pipeline.py
[2025-07-06T01:21:52.715+0000] {processor.py:914} INFO - Processing file /opt/airflow/dags/driven_data_pipeline.py for tasks to queue
[2025-07-06T01:21:52.718+0000] {logging_mixin.py:190} INFO - [2025-07-06T01:21:52.718+0000] {dagbag.py:588} INFO - Filling up the DagBag from /opt/airflow/dags/driven_data_pipeline.py
[2025-07-06T01:21:52.901+0000] {processor.py:925} INFO - DAG(s) 'extract_raw_data_pipeline' retrieved from /opt/airflow/dags/driven_data_pipeline.py
[2025-07-06T01:21:52.927+0000] {logging_mixin.py:190} INFO - [2025-07-06T01:21:52.927+0000] {dag.py:3239} INFO - Sync 1 DAGs
[2025-07-06T01:21:52.948+0000] {logging_mixin.py:190} INFO - [2025-07-06T01:21:52.947+0000] {dag.py:4180} INFO - Setting next_dagrun for extract_raw_data_pipeline to 2025-07-05 07:59:00+00:00, run_after=2025-07-06 07:00:00+00:00
[2025-07-06T01:21:52.967+0000] {processor.py:208} INFO - Processing /opt/airflow/dags/driven_data_pipeline.py took 0.260 seconds
[2025-07-06T01:22:23.169+0000] {processor.py:186} INFO - Started process (PID=1573) to work on /opt/airflow/dags/driven_data_pipeline.py
[2025-07-06T01:22:23.170+0000] {processor.py:914} INFO - Processing file /opt/airflow/dags/driven_data_pipeline.py for tasks to queue
[2025-07-06T01:22:23.173+0000] {logging_mixin.py:190} INFO - [2025-07-06T01:22:23.173+0000] {dagbag.py:588} INFO - Filling up the DagBag from /opt/airflow/dags/driven_data_pipeline.py
[2025-07-06T01:22:23.353+0000] {processor.py:925} INFO - DAG(s) 'extract_raw_data_pipeline' retrieved from /opt/airflow/dags/driven_data_pipeline.py
[2025-07-06T01:22:23.381+0000] {logging_mixin.py:190} INFO - [2025-07-06T01:22:23.380+0000] {dag.py:3239} INFO - Sync 1 DAGs
[2025-07-06T01:22:23.401+0000] {logging_mixin.py:190} INFO - [2025-07-06T01:22:23.401+0000] {dag.py:4180} INFO - Setting next_dagrun for extract_raw_data_pipeline to 2025-07-05 07:59:00+00:00, run_after=2025-07-06 07:00:00+00:00
[2025-07-06T01:22:23.419+0000] {processor.py:208} INFO - Processing /opt/airflow/dags/driven_data_pipeline.py took 0.257 seconds
[2025-07-06T01:22:49.361+0000] {processor.py:186} INFO - Started process (PID=1581) to work on /opt/airflow/dags/driven_data_pipeline.py
[2025-07-06T01:22:49.363+0000] {processor.py:914} INFO - Processing file /opt/airflow/dags/driven_data_pipeline.py for tasks to queue
[2025-07-06T01:22:49.366+0000] {logging_mixin.py:190} INFO - [2025-07-06T01:22:49.365+0000] {dagbag.py:588} INFO - Filling up the DagBag from /opt/airflow/dags/driven_data_pipeline.py
[2025-07-06T01:22:49.559+0000] {processor.py:925} INFO - DAG(s) 'extract_raw_data_pipeline' retrieved from /opt/airflow/dags/driven_data_pipeline.py
[2025-07-06T01:22:49.586+0000] {logging_mixin.py:190} INFO - [2025-07-06T01:22:49.586+0000] {dag.py:3239} INFO - Sync 1 DAGs
[2025-07-06T01:22:49.609+0000] {logging_mixin.py:190} INFO - [2025-07-06T01:22:49.609+0000] {dag.py:4180} INFO - Setting next_dagrun for extract_raw_data_pipeline to 2025-07-05 07:59:00+00:00, run_after=2025-07-06 07:00:00+00:00
[2025-07-06T01:22:49.632+0000] {processor.py:208} INFO - Processing /opt/airflow/dags/driven_data_pipeline.py took 0.278 seconds
[2025-07-06T01:23:03.698+0000] {processor.py:186} INFO - Started process (PID=1589) to work on /opt/airflow/dags/driven_data_pipeline.py
[2025-07-06T01:23:03.700+0000] {processor.py:914} INFO - Processing file /opt/airflow/dags/driven_data_pipeline.py for tasks to queue
[2025-07-06T01:23:03.703+0000] {logging_mixin.py:190} INFO - [2025-07-06T01:23:03.702+0000] {dagbag.py:588} INFO - Filling up the DagBag from /opt/airflow/dags/driven_data_pipeline.py
[2025-07-06T01:23:03.956+0000] {processor.py:925} INFO - DAG(s) 'extract_raw_data_pipeline' retrieved from /opt/airflow/dags/driven_data_pipeline.py
[2025-07-06T01:23:03.995+0000] {logging_mixin.py:190} INFO - [2025-07-06T01:23:03.994+0000] {dag.py:3239} INFO - Sync 1 DAGs
[2025-07-06T01:23:04.020+0000] {logging_mixin.py:190} INFO - [2025-07-06T01:23:04.020+0000] {dag.py:4180} INFO - Setting next_dagrun for extract_raw_data_pipeline to 2025-07-05 07:59:00+00:00, run_after=2025-07-06 07:00:00+00:00
[2025-07-06T01:23:04.041+0000] {processor.py:208} INFO - Processing /opt/airflow/dags/driven_data_pipeline.py took 0.352 seconds
[2025-07-06T01:23:34.257+0000] {processor.py:186} INFO - Started process (PID=1601) to work on /opt/airflow/dags/driven_data_pipeline.py
[2025-07-06T01:23:34.259+0000] {processor.py:914} INFO - Processing file /opt/airflow/dags/driven_data_pipeline.py for tasks to queue
[2025-07-06T01:23:34.264+0000] {logging_mixin.py:190} INFO - [2025-07-06T01:23:34.263+0000] {dagbag.py:588} INFO - Filling up the DagBag from /opt/airflow/dags/driven_data_pipeline.py
[2025-07-06T01:23:34.475+0000] {processor.py:925} INFO - DAG(s) 'extract_raw_data_pipeline' retrieved from /opt/airflow/dags/driven_data_pipeline.py
[2025-07-06T01:23:34.502+0000] {logging_mixin.py:190} INFO - [2025-07-06T01:23:34.502+0000] {dag.py:3239} INFO - Sync 1 DAGs
[2025-07-06T01:23:34.525+0000] {logging_mixin.py:190} INFO - [2025-07-06T01:23:34.525+0000] {dag.py:4180} INFO - Setting next_dagrun for extract_raw_data_pipeline to 2025-07-05 07:59:00+00:00, run_after=2025-07-06 07:00:00+00:00
[2025-07-06T01:23:34.545+0000] {processor.py:208} INFO - Processing /opt/airflow/dags/driven_data_pipeline.py took 0.297 seconds
[2025-07-06T01:24:04.752+0000] {processor.py:186} INFO - Started process (PID=1609) to work on /opt/airflow/dags/driven_data_pipeline.py
[2025-07-06T01:24:04.753+0000] {processor.py:914} INFO - Processing file /opt/airflow/dags/driven_data_pipeline.py for tasks to queue
[2025-07-06T01:24:04.757+0000] {logging_mixin.py:190} INFO - [2025-07-06T01:24:04.756+0000] {dagbag.py:588} INFO - Filling up the DagBag from /opt/airflow/dags/driven_data_pipeline.py
[2025-07-06T01:24:04.957+0000] {processor.py:925} INFO - DAG(s) 'extract_raw_data_pipeline' retrieved from /opt/airflow/dags/driven_data_pipeline.py
[2025-07-06T01:24:04.989+0000] {logging_mixin.py:190} INFO - [2025-07-06T01:24:04.988+0000] {dag.py:3239} INFO - Sync 1 DAGs
[2025-07-06T01:24:05.016+0000] {logging_mixin.py:190} INFO - [2025-07-06T01:24:05.016+0000] {dag.py:4180} INFO - Setting next_dagrun for extract_raw_data_pipeline to 2025-07-05 07:59:00+00:00, run_after=2025-07-06 07:00:00+00:00
[2025-07-06T01:24:05.037+0000] {processor.py:208} INFO - Processing /opt/airflow/dags/driven_data_pipeline.py took 0.292 seconds
[2025-07-06T01:24:35.250+0000] {processor.py:186} INFO - Started process (PID=1618) to work on /opt/airflow/dags/driven_data_pipeline.py
[2025-07-06T01:24:35.251+0000] {processor.py:914} INFO - Processing file /opt/airflow/dags/driven_data_pipeline.py for tasks to queue
[2025-07-06T01:24:35.254+0000] {logging_mixin.py:190} INFO - [2025-07-06T01:24:35.254+0000] {dagbag.py:588} INFO - Filling up the DagBag from /opt/airflow/dags/driven_data_pipeline.py
[2025-07-06T01:24:35.424+0000] {processor.py:925} INFO - DAG(s) 'extract_raw_data_pipeline' retrieved from /opt/airflow/dags/driven_data_pipeline.py
[2025-07-06T01:24:35.450+0000] {logging_mixin.py:190} INFO - [2025-07-06T01:24:35.450+0000] {dag.py:3239} INFO - Sync 1 DAGs
[2025-07-06T01:24:35.471+0000] {logging_mixin.py:190} INFO - [2025-07-06T01:24:35.471+0000] {dag.py:4180} INFO - Setting next_dagrun for extract_raw_data_pipeline to 2025-07-05 07:59:00+00:00, run_after=2025-07-06 07:00:00+00:00
[2025-07-06T01:24:35.489+0000] {processor.py:208} INFO - Processing /opt/airflow/dags/driven_data_pipeline.py took 0.245 seconds
[2025-07-06T01:25:05.686+0000] {processor.py:186} INFO - Started process (PID=1626) to work on /opt/airflow/dags/driven_data_pipeline.py
[2025-07-06T01:25:05.687+0000] {processor.py:914} INFO - Processing file /opt/airflow/dags/driven_data_pipeline.py for tasks to queue
[2025-07-06T01:25:05.691+0000] {logging_mixin.py:190} INFO - [2025-07-06T01:25:05.690+0000] {dagbag.py:588} INFO - Filling up the DagBag from /opt/airflow/dags/driven_data_pipeline.py
[2025-07-06T01:25:05.871+0000] {processor.py:925} INFO - DAG(s) 'extract_raw_data_pipeline' retrieved from /opt/airflow/dags/driven_data_pipeline.py
[2025-07-06T01:25:05.896+0000] {logging_mixin.py:190} INFO - [2025-07-06T01:25:05.896+0000] {dag.py:3239} INFO - Sync 1 DAGs
[2025-07-06T01:25:05.916+0000] {logging_mixin.py:190} INFO - [2025-07-06T01:25:05.916+0000] {dag.py:4180} INFO - Setting next_dagrun for extract_raw_data_pipeline to 2025-07-05 07:59:00+00:00, run_after=2025-07-06 07:00:00+00:00
[2025-07-06T01:25:05.933+0000] {processor.py:208} INFO - Processing /opt/airflow/dags/driven_data_pipeline.py took 0.255 seconds
[2025-07-06T01:25:36.140+0000] {processor.py:186} INFO - Started process (PID=1634) to work on /opt/airflow/dags/driven_data_pipeline.py
[2025-07-06T01:25:36.141+0000] {processor.py:914} INFO - Processing file /opt/airflow/dags/driven_data_pipeline.py for tasks to queue
[2025-07-06T01:25:36.144+0000] {logging_mixin.py:190} INFO - [2025-07-06T01:25:36.143+0000] {dagbag.py:588} INFO - Filling up the DagBag from /opt/airflow/dags/driven_data_pipeline.py
[2025-07-06T01:25:36.322+0000] {processor.py:925} INFO - DAG(s) 'extract_raw_data_pipeline' retrieved from /opt/airflow/dags/driven_data_pipeline.py
[2025-07-06T01:25:36.347+0000] {logging_mixin.py:190} INFO - [2025-07-06T01:25:36.347+0000] {dag.py:3239} INFO - Sync 1 DAGs
[2025-07-06T01:25:36.367+0000] {logging_mixin.py:190} INFO - [2025-07-06T01:25:36.367+0000] {dag.py:4180} INFO - Setting next_dagrun for extract_raw_data_pipeline to 2025-07-05 07:59:00+00:00, run_after=2025-07-06 07:00:00+00:00
[2025-07-06T01:25:36.386+0000] {processor.py:208} INFO - Processing /opt/airflow/dags/driven_data_pipeline.py took 0.254 seconds
[2025-07-06T01:26:06.598+0000] {processor.py:186} INFO - Started process (PID=1642) to work on /opt/airflow/dags/driven_data_pipeline.py
[2025-07-06T01:26:06.600+0000] {processor.py:914} INFO - Processing file /opt/airflow/dags/driven_data_pipeline.py for tasks to queue
[2025-07-06T01:26:06.603+0000] {logging_mixin.py:190} INFO - [2025-07-06T01:26:06.602+0000] {dagbag.py:588} INFO - Filling up the DagBag from /opt/airflow/dags/driven_data_pipeline.py
[2025-07-06T01:26:06.776+0000] {processor.py:925} INFO - DAG(s) 'extract_raw_data_pipeline' retrieved from /opt/airflow/dags/driven_data_pipeline.py
[2025-07-06T01:26:06.802+0000] {logging_mixin.py:190} INFO - [2025-07-06T01:26:06.801+0000] {dag.py:3239} INFO - Sync 1 DAGs
[2025-07-06T01:26:06.823+0000] {logging_mixin.py:190} INFO - [2025-07-06T01:26:06.823+0000] {dag.py:4180} INFO - Setting next_dagrun for extract_raw_data_pipeline to 2025-07-05 07:59:00+00:00, run_after=2025-07-06 07:00:00+00:00
[2025-07-06T01:26:06.841+0000] {processor.py:208} INFO - Processing /opt/airflow/dags/driven_data_pipeline.py took 0.250 seconds
[2025-07-06T01:26:37.055+0000] {processor.py:186} INFO - Started process (PID=1650) to work on /opt/airflow/dags/driven_data_pipeline.py
[2025-07-06T01:26:37.057+0000] {processor.py:914} INFO - Processing file /opt/airflow/dags/driven_data_pipeline.py for tasks to queue
[2025-07-06T01:26:37.060+0000] {logging_mixin.py:190} INFO - [2025-07-06T01:26:37.059+0000] {dagbag.py:588} INFO - Filling up the DagBag from /opt/airflow/dags/driven_data_pipeline.py
[2025-07-06T01:26:37.253+0000] {processor.py:925} INFO - DAG(s) 'extract_raw_data_pipeline' retrieved from /opt/airflow/dags/driven_data_pipeline.py
[2025-07-06T01:26:37.281+0000] {logging_mixin.py:190} INFO - [2025-07-06T01:26:37.281+0000] {dag.py:3239} INFO - Sync 1 DAGs
[2025-07-06T01:26:37.304+0000] {logging_mixin.py:190} INFO - [2025-07-06T01:26:37.304+0000] {dag.py:4180} INFO - Setting next_dagrun for extract_raw_data_pipeline to 2025-07-05 07:59:00+00:00, run_after=2025-07-06 07:00:00+00:00
[2025-07-06T01:26:37.323+0000] {processor.py:208} INFO - Processing /opt/airflow/dags/driven_data_pipeline.py took 0.276 seconds
[2025-07-06T01:27:07.533+0000] {processor.py:186} INFO - Started process (PID=1658) to work on /opt/airflow/dags/driven_data_pipeline.py
[2025-07-06T01:27:07.534+0000] {processor.py:914} INFO - Processing file /opt/airflow/dags/driven_data_pipeline.py for tasks to queue
[2025-07-06T01:27:07.538+0000] {logging_mixin.py:190} INFO - [2025-07-06T01:27:07.537+0000] {dagbag.py:588} INFO - Filling up the DagBag from /opt/airflow/dags/driven_data_pipeline.py
[2025-07-06T01:27:07.748+0000] {processor.py:925} INFO - DAG(s) 'extract_raw_data_pipeline' retrieved from /opt/airflow/dags/driven_data_pipeline.py
[2025-07-06T01:27:07.775+0000] {logging_mixin.py:190} INFO - [2025-07-06T01:27:07.775+0000] {dag.py:3239} INFO - Sync 1 DAGs
[2025-07-06T01:27:07.797+0000] {logging_mixin.py:190} INFO - [2025-07-06T01:27:07.797+0000] {dag.py:4180} INFO - Setting next_dagrun for extract_raw_data_pipeline to 2025-07-05 07:59:00+00:00, run_after=2025-07-06 07:00:00+00:00
[2025-07-06T01:27:07.816+0000] {processor.py:208} INFO - Processing /opt/airflow/dags/driven_data_pipeline.py took 0.292 seconds
[2025-07-06T01:27:38.018+0000] {processor.py:186} INFO - Started process (PID=1666) to work on /opt/airflow/dags/driven_data_pipeline.py
[2025-07-06T01:27:38.020+0000] {processor.py:914} INFO - Processing file /opt/airflow/dags/driven_data_pipeline.py for tasks to queue
[2025-07-06T01:27:38.022+0000] {logging_mixin.py:190} INFO - [2025-07-06T01:27:38.022+0000] {dagbag.py:588} INFO - Filling up the DagBag from /opt/airflow/dags/driven_data_pipeline.py
[2025-07-06T01:27:38.200+0000] {processor.py:925} INFO - DAG(s) 'extract_raw_data_pipeline' retrieved from /opt/airflow/dags/driven_data_pipeline.py
[2025-07-06T01:27:38.226+0000] {logging_mixin.py:190} INFO - [2025-07-06T01:27:38.225+0000] {dag.py:3239} INFO - Sync 1 DAGs
[2025-07-06T01:27:38.246+0000] {logging_mixin.py:190} INFO - [2025-07-06T01:27:38.246+0000] {dag.py:4180} INFO - Setting next_dagrun for extract_raw_data_pipeline to 2025-07-05 07:59:00+00:00, run_after=2025-07-06 07:00:00+00:00
[2025-07-06T01:27:38.264+0000] {processor.py:208} INFO - Processing /opt/airflow/dags/driven_data_pipeline.py took 0.252 seconds
[2025-07-06T01:28:08.464+0000] {processor.py:186} INFO - Started process (PID=1674) to work on /opt/airflow/dags/driven_data_pipeline.py
[2025-07-06T01:28:08.465+0000] {processor.py:914} INFO - Processing file /opt/airflow/dags/driven_data_pipeline.py for tasks to queue
[2025-07-06T01:28:08.467+0000] {logging_mixin.py:190} INFO - [2025-07-06T01:28:08.467+0000] {dagbag.py:588} INFO - Filling up the DagBag from /opt/airflow/dags/driven_data_pipeline.py
[2025-07-06T01:28:08.641+0000] {processor.py:925} INFO - DAG(s) 'extract_raw_data_pipeline' retrieved from /opt/airflow/dags/driven_data_pipeline.py
[2025-07-06T01:28:08.667+0000] {logging_mixin.py:190} INFO - [2025-07-06T01:28:08.667+0000] {dag.py:3239} INFO - Sync 1 DAGs
[2025-07-06T01:28:08.688+0000] {logging_mixin.py:190} INFO - [2025-07-06T01:28:08.688+0000] {dag.py:4180} INFO - Setting next_dagrun for extract_raw_data_pipeline to 2025-07-05 07:59:00+00:00, run_after=2025-07-06 07:00:00+00:00
[2025-07-06T01:28:08.706+0000] {processor.py:208} INFO - Processing /opt/airflow/dags/driven_data_pipeline.py took 0.250 seconds
[2025-07-06T01:28:38.900+0000] {processor.py:186} INFO - Started process (PID=1682) to work on /opt/airflow/dags/driven_data_pipeline.py
[2025-07-06T01:28:38.901+0000] {processor.py:914} INFO - Processing file /opt/airflow/dags/driven_data_pipeline.py for tasks to queue
[2025-07-06T01:28:38.904+0000] {logging_mixin.py:190} INFO - [2025-07-06T01:28:38.903+0000] {dagbag.py:588} INFO - Filling up the DagBag from /opt/airflow/dags/driven_data_pipeline.py
[2025-07-06T01:28:39.076+0000] {processor.py:925} INFO - DAG(s) 'extract_raw_data_pipeline' retrieved from /opt/airflow/dags/driven_data_pipeline.py
[2025-07-06T01:28:39.101+0000] {logging_mixin.py:190} INFO - [2025-07-06T01:28:39.101+0000] {dag.py:3239} INFO - Sync 1 DAGs
[2025-07-06T01:28:39.122+0000] {logging_mixin.py:190} INFO - [2025-07-06T01:28:39.122+0000] {dag.py:4180} INFO - Setting next_dagrun for extract_raw_data_pipeline to 2025-07-05 07:59:00+00:00, run_after=2025-07-06 07:00:00+00:00
[2025-07-06T01:28:39.141+0000] {processor.py:208} INFO - Processing /opt/airflow/dags/driven_data_pipeline.py took 0.248 seconds
[2025-07-06T01:29:09.344+0000] {processor.py:186} INFO - Started process (PID=1690) to work on /opt/airflow/dags/driven_data_pipeline.py
[2025-07-06T01:29:09.345+0000] {processor.py:914} INFO - Processing file /opt/airflow/dags/driven_data_pipeline.py for tasks to queue
[2025-07-06T01:29:09.348+0000] {logging_mixin.py:190} INFO - [2025-07-06T01:29:09.347+0000] {dagbag.py:588} INFO - Filling up the DagBag from /opt/airflow/dags/driven_data_pipeline.py
[2025-07-06T01:29:09.521+0000] {processor.py:925} INFO - DAG(s) 'extract_raw_data_pipeline' retrieved from /opt/airflow/dags/driven_data_pipeline.py
[2025-07-06T01:29:09.546+0000] {logging_mixin.py:190} INFO - [2025-07-06T01:29:09.545+0000] {dag.py:3239} INFO - Sync 1 DAGs
[2025-07-06T01:29:09.565+0000] {logging_mixin.py:190} INFO - [2025-07-06T01:29:09.565+0000] {dag.py:4180} INFO - Setting next_dagrun for extract_raw_data_pipeline to 2025-07-05 07:59:00+00:00, run_after=2025-07-06 07:00:00+00:00
[2025-07-06T01:29:09.582+0000] {processor.py:208} INFO - Processing /opt/airflow/dags/driven_data_pipeline.py took 0.245 seconds
[2025-07-06T01:29:39.786+0000] {processor.py:186} INFO - Started process (PID=1698) to work on /opt/airflow/dags/driven_data_pipeline.py
[2025-07-06T01:29:39.787+0000] {processor.py:914} INFO - Processing file /opt/airflow/dags/driven_data_pipeline.py for tasks to queue
[2025-07-06T01:29:39.790+0000] {logging_mixin.py:190} INFO - [2025-07-06T01:29:39.789+0000] {dagbag.py:588} INFO - Filling up the DagBag from /opt/airflow/dags/driven_data_pipeline.py
[2025-07-06T01:29:39.965+0000] {processor.py:925} INFO - DAG(s) 'extract_raw_data_pipeline' retrieved from /opt/airflow/dags/driven_data_pipeline.py
[2025-07-06T01:29:39.992+0000] {logging_mixin.py:190} INFO - [2025-07-06T01:29:39.991+0000] {dag.py:3239} INFO - Sync 1 DAGs
[2025-07-06T01:29:40.012+0000] {logging_mixin.py:190} INFO - [2025-07-06T01:29:40.012+0000] {dag.py:4180} INFO - Setting next_dagrun for extract_raw_data_pipeline to 2025-07-05 07:59:00+00:00, run_after=2025-07-06 07:00:00+00:00
[2025-07-06T01:29:40.030+0000] {processor.py:208} INFO - Processing /opt/airflow/dags/driven_data_pipeline.py took 0.252 seconds
[2025-07-06T01:30:10.255+0000] {processor.py:186} INFO - Started process (PID=1706) to work on /opt/airflow/dags/driven_data_pipeline.py
[2025-07-06T01:30:10.256+0000] {processor.py:914} INFO - Processing file /opt/airflow/dags/driven_data_pipeline.py for tasks to queue
[2025-07-06T01:30:10.259+0000] {logging_mixin.py:190} INFO - [2025-07-06T01:30:10.259+0000] {dagbag.py:588} INFO - Filling up the DagBag from /opt/airflow/dags/driven_data_pipeline.py
[2025-07-06T01:30:10.431+0000] {processor.py:925} INFO - DAG(s) 'extract_raw_data_pipeline' retrieved from /opt/airflow/dags/driven_data_pipeline.py
[2025-07-06T01:30:10.456+0000] {logging_mixin.py:190} INFO - [2025-07-06T01:30:10.456+0000] {dag.py:3239} INFO - Sync 1 DAGs
[2025-07-06T01:30:10.477+0000] {logging_mixin.py:190} INFO - [2025-07-06T01:30:10.476+0000] {dag.py:4180} INFO - Setting next_dagrun for extract_raw_data_pipeline to 2025-07-05 07:59:00+00:00, run_after=2025-07-06 07:00:00+00:00
[2025-07-06T01:30:10.493+0000] {processor.py:208} INFO - Processing /opt/airflow/dags/driven_data_pipeline.py took 0.246 seconds
[2025-07-06T01:30:26.377+0000] {processor.py:186} INFO - Started process (PID=1714) to work on /opt/airflow/dags/driven_data_pipeline.py
[2025-07-06T01:30:26.379+0000] {processor.py:914} INFO - Processing file /opt/airflow/dags/driven_data_pipeline.py for tasks to queue
[2025-07-06T01:30:26.383+0000] {logging_mixin.py:190} INFO - [2025-07-06T01:30:26.382+0000] {dagbag.py:588} INFO - Filling up the DagBag from /opt/airflow/dags/driven_data_pipeline.py
[2025-07-06T01:30:26.602+0000] {processor.py:925} INFO - DAG(s) 'extract_raw_data_pipeline' retrieved from /opt/airflow/dags/driven_data_pipeline.py
[2025-07-06T01:30:26.726+0000] {logging_mixin.py:190} INFO - [2025-07-06T01:30:26.726+0000] {dag.py:3239} INFO - Sync 1 DAGs
[2025-07-06T01:30:26.749+0000] {logging_mixin.py:190} INFO - [2025-07-06T01:30:26.749+0000] {dag.py:4180} INFO - Setting next_dagrun for extract_raw_data_pipeline to 2025-07-05 07:59:00+00:00, run_after=2025-07-06 07:00:00+00:00
[2025-07-06T01:30:26.775+0000] {processor.py:208} INFO - Processing /opt/airflow/dags/driven_data_pipeline.py took 0.407 seconds
[2025-07-06T01:30:36.907+0000] {processor.py:186} INFO - Started process (PID=1716) to work on /opt/airflow/dags/driven_data_pipeline.py
[2025-07-06T01:30:36.909+0000] {processor.py:914} INFO - Processing file /opt/airflow/dags/driven_data_pipeline.py for tasks to queue
[2025-07-06T01:30:36.913+0000] {logging_mixin.py:190} INFO - [2025-07-06T01:30:36.912+0000] {dagbag.py:588} INFO - Filling up the DagBag from /opt/airflow/dags/driven_data_pipeline.py
[2025-07-06T01:30:37.109+0000] {processor.py:925} INFO - DAG(s) 'extract_raw_data_pipeline' retrieved from /opt/airflow/dags/driven_data_pipeline.py
[2025-07-06T01:30:37.123+0000] {logging_mixin.py:190} INFO - [2025-07-06T01:30:37.123+0000] {dag.py:3239} INFO - Sync 1 DAGs
[2025-07-06T01:30:37.150+0000] {logging_mixin.py:190} INFO - [2025-07-06T01:30:37.149+0000] {dag.py:4180} INFO - Setting next_dagrun for extract_raw_data_pipeline to 2025-07-05 07:59:00+00:00, run_after=2025-07-06 07:00:00+00:00
[2025-07-06T01:30:37.171+0000] {processor.py:208} INFO - Processing /opt/airflow/dags/driven_data_pipeline.py took 0.274 seconds
[2025-07-06T01:31:07.384+0000] {processor.py:186} INFO - Started process (PID=1724) to work on /opt/airflow/dags/driven_data_pipeline.py
[2025-07-06T01:31:07.386+0000] {processor.py:914} INFO - Processing file /opt/airflow/dags/driven_data_pipeline.py for tasks to queue
[2025-07-06T01:31:07.389+0000] {logging_mixin.py:190} INFO - [2025-07-06T01:31:07.389+0000] {dagbag.py:588} INFO - Filling up the DagBag from /opt/airflow/dags/driven_data_pipeline.py
[2025-07-06T01:31:07.564+0000] {processor.py:925} INFO - DAG(s) 'extract_raw_data_pipeline' retrieved from /opt/airflow/dags/driven_data_pipeline.py
[2025-07-06T01:31:07.589+0000] {logging_mixin.py:190} INFO - [2025-07-06T01:31:07.589+0000] {dag.py:3239} INFO - Sync 1 DAGs
[2025-07-06T01:31:07.610+0000] {logging_mixin.py:190} INFO - [2025-07-06T01:31:07.610+0000] {dag.py:4180} INFO - Setting next_dagrun for extract_raw_data_pipeline to 2025-07-05 07:59:00+00:00, run_after=2025-07-06 07:00:00+00:00
[2025-07-06T01:31:07.629+0000] {processor.py:208} INFO - Processing /opt/airflow/dags/driven_data_pipeline.py took 0.252 seconds
[2025-07-06T01:31:37.840+0000] {processor.py:186} INFO - Started process (PID=1736) to work on /opt/airflow/dags/driven_data_pipeline.py
[2025-07-06T01:31:37.841+0000] {processor.py:914} INFO - Processing file /opt/airflow/dags/driven_data_pipeline.py for tasks to queue
[2025-07-06T01:31:37.844+0000] {logging_mixin.py:190} INFO - [2025-07-06T01:31:37.844+0000] {dagbag.py:588} INFO - Filling up the DagBag from /opt/airflow/dags/driven_data_pipeline.py
[2025-07-06T01:31:38.025+0000] {processor.py:925} INFO - DAG(s) 'extract_raw_data_pipeline' retrieved from /opt/airflow/dags/driven_data_pipeline.py
[2025-07-06T01:31:38.050+0000] {logging_mixin.py:190} INFO - [2025-07-06T01:31:38.050+0000] {dag.py:3239} INFO - Sync 1 DAGs
[2025-07-06T01:31:38.070+0000] {logging_mixin.py:190} INFO - [2025-07-06T01:31:38.069+0000] {dag.py:4180} INFO - Setting next_dagrun for extract_raw_data_pipeline to 2025-07-05 07:59:00+00:00, run_after=2025-07-06 07:00:00+00:00
[2025-07-06T01:31:38.088+0000] {processor.py:208} INFO - Processing /opt/airflow/dags/driven_data_pipeline.py took 0.255 seconds
[2025-07-06T01:32:08.296+0000] {processor.py:186} INFO - Started process (PID=1744) to work on /opt/airflow/dags/driven_data_pipeline.py
[2025-07-06T01:32:08.297+0000] {processor.py:914} INFO - Processing file /opt/airflow/dags/driven_data_pipeline.py for tasks to queue
[2025-07-06T01:32:08.300+0000] {logging_mixin.py:190} INFO - [2025-07-06T01:32:08.299+0000] {dagbag.py:588} INFO - Filling up the DagBag from /opt/airflow/dags/driven_data_pipeline.py
[2025-07-06T01:32:08.482+0000] {processor.py:925} INFO - DAG(s) 'extract_raw_data_pipeline' retrieved from /opt/airflow/dags/driven_data_pipeline.py
[2025-07-06T01:32:08.509+0000] {logging_mixin.py:190} INFO - [2025-07-06T01:32:08.509+0000] {dag.py:3239} INFO - Sync 1 DAGs
[2025-07-06T01:32:08.532+0000] {logging_mixin.py:190} INFO - [2025-07-06T01:32:08.532+0000] {dag.py:4180} INFO - Setting next_dagrun for extract_raw_data_pipeline to 2025-07-05 07:59:00+00:00, run_after=2025-07-06 07:00:00+00:00
[2025-07-06T01:32:08.551+0000] {processor.py:208} INFO - Processing /opt/airflow/dags/driven_data_pipeline.py took 0.262 seconds
[2025-07-06T01:32:38.760+0000] {processor.py:186} INFO - Started process (PID=1752) to work on /opt/airflow/dags/driven_data_pipeline.py
[2025-07-06T01:32:38.761+0000] {processor.py:914} INFO - Processing file /opt/airflow/dags/driven_data_pipeline.py for tasks to queue
[2025-07-06T01:32:38.765+0000] {logging_mixin.py:190} INFO - [2025-07-06T01:32:38.764+0000] {dagbag.py:588} INFO - Filling up the DagBag from /opt/airflow/dags/driven_data_pipeline.py
[2025-07-06T01:32:38.978+0000] {processor.py:925} INFO - DAG(s) 'extract_raw_data_pipeline' retrieved from /opt/airflow/dags/driven_data_pipeline.py
[2025-07-06T01:32:39.004+0000] {logging_mixin.py:190} INFO - [2025-07-06T01:32:39.004+0000] {dag.py:3239} INFO - Sync 1 DAGs
[2025-07-06T01:32:39.028+0000] {logging_mixin.py:190} INFO - [2025-07-06T01:32:39.028+0000] {dag.py:4180} INFO - Setting next_dagrun for extract_raw_data_pipeline to 2025-07-05 07:59:00+00:00, run_after=2025-07-06 07:00:00+00:00
[2025-07-06T01:32:39.048+0000] {processor.py:208} INFO - Processing /opt/airflow/dags/driven_data_pipeline.py took 0.295 seconds
[2025-07-06T01:33:09.250+0000] {processor.py:186} INFO - Started process (PID=1760) to work on /opt/airflow/dags/driven_data_pipeline.py
[2025-07-06T01:33:09.251+0000] {processor.py:914} INFO - Processing file /opt/airflow/dags/driven_data_pipeline.py for tasks to queue
[2025-07-06T01:33:09.254+0000] {logging_mixin.py:190} INFO - [2025-07-06T01:33:09.253+0000] {dagbag.py:588} INFO - Filling up the DagBag from /opt/airflow/dags/driven_data_pipeline.py
[2025-07-06T01:33:09.450+0000] {processor.py:925} INFO - DAG(s) 'extract_raw_data_pipeline' retrieved from /opt/airflow/dags/driven_data_pipeline.py
[2025-07-06T01:33:09.479+0000] {logging_mixin.py:190} INFO - [2025-07-06T01:33:09.479+0000] {dag.py:3239} INFO - Sync 1 DAGs
[2025-07-06T01:33:09.503+0000] {logging_mixin.py:190} INFO - [2025-07-06T01:33:09.502+0000] {dag.py:4180} INFO - Setting next_dagrun for extract_raw_data_pipeline to 2025-07-05 07:59:00+00:00, run_after=2025-07-06 07:00:00+00:00
[2025-07-06T01:33:09.524+0000] {processor.py:208} INFO - Processing /opt/airflow/dags/driven_data_pipeline.py took 0.281 seconds
[2025-07-06T01:33:39.752+0000] {processor.py:186} INFO - Started process (PID=1768) to work on /opt/airflow/dags/driven_data_pipeline.py
[2025-07-06T01:33:39.753+0000] {processor.py:914} INFO - Processing file /opt/airflow/dags/driven_data_pipeline.py for tasks to queue
[2025-07-06T01:33:39.756+0000] {logging_mixin.py:190} INFO - [2025-07-06T01:33:39.755+0000] {dagbag.py:588} INFO - Filling up the DagBag from /opt/airflow/dags/driven_data_pipeline.py
[2025-07-06T01:33:39.929+0000] {processor.py:925} INFO - DAG(s) 'extract_raw_data_pipeline' retrieved from /opt/airflow/dags/driven_data_pipeline.py
[2025-07-06T01:33:39.953+0000] {logging_mixin.py:190} INFO - [2025-07-06T01:33:39.953+0000] {dag.py:3239} INFO - Sync 1 DAGs
[2025-07-06T01:33:39.973+0000] {logging_mixin.py:190} INFO - [2025-07-06T01:33:39.973+0000] {dag.py:4180} INFO - Setting next_dagrun for extract_raw_data_pipeline to 2025-07-05 07:59:00+00:00, run_after=2025-07-06 07:00:00+00:00
[2025-07-06T01:33:39.990+0000] {processor.py:208} INFO - Processing /opt/airflow/dags/driven_data_pipeline.py took 0.245 seconds
[2025-07-06T01:34:10.209+0000] {processor.py:186} INFO - Started process (PID=1776) to work on /opt/airflow/dags/driven_data_pipeline.py
[2025-07-06T01:34:10.211+0000] {processor.py:914} INFO - Processing file /opt/airflow/dags/driven_data_pipeline.py for tasks to queue
[2025-07-06T01:34:10.214+0000] {logging_mixin.py:190} INFO - [2025-07-06T01:34:10.213+0000] {dagbag.py:588} INFO - Filling up the DagBag from /opt/airflow/dags/driven_data_pipeline.py
[2025-07-06T01:34:10.390+0000] {processor.py:925} INFO - DAG(s) 'extract_raw_data_pipeline' retrieved from /opt/airflow/dags/driven_data_pipeline.py
[2025-07-06T01:34:10.417+0000] {logging_mixin.py:190} INFO - [2025-07-06T01:34:10.416+0000] {dag.py:3239} INFO - Sync 1 DAGs
[2025-07-06T01:34:10.437+0000] {logging_mixin.py:190} INFO - [2025-07-06T01:34:10.437+0000] {dag.py:4180} INFO - Setting next_dagrun for extract_raw_data_pipeline to 2025-07-05 07:59:00+00:00, run_after=2025-07-06 07:00:00+00:00
[2025-07-06T01:34:10.455+0000] {processor.py:208} INFO - Processing /opt/airflow/dags/driven_data_pipeline.py took 0.252 seconds
[2025-07-06T01:34:13.260+0000] {processor.py:186} INFO - Started process (PID=1778) to work on /opt/airflow/dags/driven_data_pipeline.py
[2025-07-06T01:34:13.261+0000] {processor.py:914} INFO - Processing file /opt/airflow/dags/driven_data_pipeline.py for tasks to queue
[2025-07-06T01:34:13.264+0000] {logging_mixin.py:190} INFO - [2025-07-06T01:34:13.264+0000] {dagbag.py:588} INFO - Filling up the DagBag from /opt/airflow/dags/driven_data_pipeline.py
[2025-07-06T01:34:13.448+0000] {processor.py:925} INFO - DAG(s) 'extract_raw_data_pipeline' retrieved from /opt/airflow/dags/driven_data_pipeline.py
[2025-07-06T01:34:13.473+0000] {logging_mixin.py:190} INFO - [2025-07-06T01:34:13.473+0000] {dag.py:3239} INFO - Sync 1 DAGs
[2025-07-06T01:34:13.495+0000] {logging_mixin.py:190} INFO - [2025-07-06T01:34:13.495+0000] {dag.py:4180} INFO - Setting next_dagrun for extract_raw_data_pipeline to 2025-07-05 07:59:00+00:00, run_after=2025-07-06 07:00:00+00:00
[2025-07-06T01:34:13.516+0000] {processor.py:208} INFO - Processing /opt/airflow/dags/driven_data_pipeline.py took 0.264 seconds
[2025-07-06T01:34:21.587+0000] {processor.py:186} INFO - Started process (PID=1780) to work on /opt/airflow/dags/driven_data_pipeline.py
[2025-07-06T01:34:21.588+0000] {processor.py:914} INFO - Processing file /opt/airflow/dags/driven_data_pipeline.py for tasks to queue
[2025-07-06T01:34:21.592+0000] {logging_mixin.py:190} INFO - [2025-07-06T01:34:21.591+0000] {dagbag.py:588} INFO - Filling up the DagBag from /opt/airflow/dags/driven_data_pipeline.py
[2025-07-06T01:34:21.795+0000] {processor.py:925} INFO - DAG(s) 'extract_raw_data_pipeline' retrieved from /opt/airflow/dags/driven_data_pipeline.py
[2025-07-06T01:34:21.825+0000] {logging_mixin.py:190} INFO - [2025-07-06T01:34:21.825+0000] {dag.py:3239} INFO - Sync 1 DAGs
[2025-07-06T01:34:21.848+0000] {logging_mixin.py:190} INFO - [2025-07-06T01:34:21.848+0000] {dag.py:4180} INFO - Setting next_dagrun for extract_raw_data_pipeline to 2025-07-05 07:59:00+00:00, run_after=2025-07-06 07:00:00+00:00
[2025-07-06T01:34:21.869+0000] {processor.py:208} INFO - Processing /opt/airflow/dags/driven_data_pipeline.py took 0.288 seconds
[2025-07-06T01:34:26.646+0000] {processor.py:186} INFO - Started process (PID=1788) to work on /opt/airflow/dags/driven_data_pipeline.py
[2025-07-06T01:34:26.648+0000] {processor.py:914} INFO - Processing file /opt/airflow/dags/driven_data_pipeline.py for tasks to queue
[2025-07-06T01:34:26.652+0000] {logging_mixin.py:190} INFO - [2025-07-06T01:34:26.651+0000] {dagbag.py:588} INFO - Filling up the DagBag from /opt/airflow/dags/driven_data_pipeline.py
[2025-07-06T01:34:26.829+0000] {processor.py:925} INFO - DAG(s) 'extract_raw_data_pipeline' retrieved from /opt/airflow/dags/driven_data_pipeline.py
[2025-07-06T01:34:26.856+0000] {logging_mixin.py:190} INFO - [2025-07-06T01:34:26.856+0000] {dag.py:3239} INFO - Sync 1 DAGs
[2025-07-06T01:34:26.882+0000] {logging_mixin.py:190} INFO - [2025-07-06T01:34:26.882+0000] {dag.py:4180} INFO - Setting next_dagrun for extract_raw_data_pipeline to 2025-07-05 07:59:00+00:00, run_after=2025-07-06 07:00:00+00:00
[2025-07-06T01:34:26.901+0000] {processor.py:208} INFO - Processing /opt/airflow/dags/driven_data_pipeline.py took 0.263 seconds
[2025-07-06T01:34:57.104+0000] {processor.py:186} INFO - Started process (PID=1800) to work on /opt/airflow/dags/driven_data_pipeline.py
[2025-07-06T01:34:57.105+0000] {processor.py:914} INFO - Processing file /opt/airflow/dags/driven_data_pipeline.py for tasks to queue
[2025-07-06T01:34:57.108+0000] {logging_mixin.py:190} INFO - [2025-07-06T01:34:57.107+0000] {dagbag.py:588} INFO - Filling up the DagBag from /opt/airflow/dags/driven_data_pipeline.py
[2025-07-06T01:34:57.295+0000] {processor.py:925} INFO - DAG(s) 'extract_raw_data_pipeline' retrieved from /opt/airflow/dags/driven_data_pipeline.py
[2025-07-06T01:34:57.321+0000] {logging_mixin.py:190} INFO - [2025-07-06T01:34:57.321+0000] {dag.py:3239} INFO - Sync 1 DAGs
[2025-07-06T01:34:57.341+0000] {logging_mixin.py:190} INFO - [2025-07-06T01:34:57.341+0000] {dag.py:4180} INFO - Setting next_dagrun for extract_raw_data_pipeline to 2025-07-05 07:59:00+00:00, run_after=2025-07-06 07:00:00+00:00
[2025-07-06T01:34:57.358+0000] {processor.py:208} INFO - Processing /opt/airflow/dags/driven_data_pipeline.py took 0.262 seconds
[2025-07-06T01:35:27.566+0000] {processor.py:186} INFO - Started process (PID=1808) to work on /opt/airflow/dags/driven_data_pipeline.py
[2025-07-06T01:35:27.567+0000] {processor.py:914} INFO - Processing file /opt/airflow/dags/driven_data_pipeline.py for tasks to queue
[2025-07-06T01:35:27.570+0000] {logging_mixin.py:190} INFO - [2025-07-06T01:35:27.569+0000] {dagbag.py:588} INFO - Filling up the DagBag from /opt/airflow/dags/driven_data_pipeline.py
[2025-07-06T01:35:27.747+0000] {processor.py:925} INFO - DAG(s) 'extract_raw_data_pipeline' retrieved from /opt/airflow/dags/driven_data_pipeline.py
[2025-07-06T01:35:27.773+0000] {logging_mixin.py:190} INFO - [2025-07-06T01:35:27.773+0000] {dag.py:3239} INFO - Sync 1 DAGs
[2025-07-06T01:35:27.793+0000] {logging_mixin.py:190} INFO - [2025-07-06T01:35:27.793+0000] {dag.py:4180} INFO - Setting next_dagrun for extract_raw_data_pipeline to 2025-07-05 07:59:00+00:00, run_after=2025-07-06 07:00:00+00:00
[2025-07-06T01:35:27.812+0000] {processor.py:208} INFO - Processing /opt/airflow/dags/driven_data_pipeline.py took 0.254 seconds
[2025-07-06T01:35:58.017+0000] {processor.py:186} INFO - Started process (PID=1816) to work on /opt/airflow/dags/driven_data_pipeline.py
[2025-07-06T01:35:58.018+0000] {processor.py:914} INFO - Processing file /opt/airflow/dags/driven_data_pipeline.py for tasks to queue
[2025-07-06T01:35:58.021+0000] {logging_mixin.py:190} INFO - [2025-07-06T01:35:58.021+0000] {dagbag.py:588} INFO - Filling up the DagBag from /opt/airflow/dags/driven_data_pipeline.py
[2025-07-06T01:35:58.208+0000] {processor.py:925} INFO - DAG(s) 'extract_raw_data_pipeline' retrieved from /opt/airflow/dags/driven_data_pipeline.py
[2025-07-06T01:35:58.240+0000] {logging_mixin.py:190} INFO - [2025-07-06T01:35:58.239+0000] {dag.py:3239} INFO - Sync 1 DAGs
[2025-07-06T01:35:58.263+0000] {logging_mixin.py:190} INFO - [2025-07-06T01:35:58.263+0000] {dag.py:4180} INFO - Setting next_dagrun for extract_raw_data_pipeline to 2025-07-05 07:59:00+00:00, run_after=2025-07-06 07:00:00+00:00
[2025-07-06T01:35:58.282+0000] {processor.py:208} INFO - Processing /opt/airflow/dags/driven_data_pipeline.py took 0.272 seconds
[2025-07-06T01:36:28.484+0000] {processor.py:186} INFO - Started process (PID=1825) to work on /opt/airflow/dags/driven_data_pipeline.py
[2025-07-06T01:36:28.485+0000] {processor.py:914} INFO - Processing file /opt/airflow/dags/driven_data_pipeline.py for tasks to queue
[2025-07-06T01:36:28.488+0000] {logging_mixin.py:190} INFO - [2025-07-06T01:36:28.488+0000] {dagbag.py:588} INFO - Filling up the DagBag from /opt/airflow/dags/driven_data_pipeline.py
[2025-07-06T01:36:28.672+0000] {processor.py:925} INFO - DAG(s) 'extract_raw_data_pipeline' retrieved from /opt/airflow/dags/driven_data_pipeline.py
[2025-07-06T01:36:28.698+0000] {logging_mixin.py:190} INFO - [2025-07-06T01:36:28.698+0000] {dag.py:3239} INFO - Sync 1 DAGs
[2025-07-06T01:36:28.719+0000] {logging_mixin.py:190} INFO - [2025-07-06T01:36:28.719+0000] {dag.py:4180} INFO - Setting next_dagrun for extract_raw_data_pipeline to 2025-07-05 07:59:00+00:00, run_after=2025-07-06 07:00:00+00:00
[2025-07-06T01:36:28.737+0000] {processor.py:208} INFO - Processing /opt/airflow/dags/driven_data_pipeline.py took 0.261 seconds
[2025-07-06T01:36:44.604+0000] {processor.py:186} INFO - Started process (PID=1827) to work on /opt/airflow/dags/driven_data_pipeline.py
[2025-07-06T01:36:44.605+0000] {processor.py:914} INFO - Processing file /opt/airflow/dags/driven_data_pipeline.py for tasks to queue
[2025-07-06T01:36:44.608+0000] {logging_mixin.py:190} INFO - [2025-07-06T01:36:44.608+0000] {dagbag.py:588} INFO - Filling up the DagBag from /opt/airflow/dags/driven_data_pipeline.py
[2025-07-06T01:36:44.805+0000] {processor.py:925} INFO - DAG(s) 'extract_raw_data_pipeline' retrieved from /opt/airflow/dags/driven_data_pipeline.py
[2025-07-06T01:36:44.920+0000] {logging_mixin.py:190} INFO - [2025-07-06T01:36:44.919+0000] {dag.py:3239} INFO - Sync 1 DAGs
[2025-07-06T01:36:44.939+0000] {logging_mixin.py:190} INFO - [2025-07-06T01:36:44.939+0000] {dag.py:4180} INFO - Setting next_dagrun for extract_raw_data_pipeline to 2025-07-05 07:59:00+00:00, run_after=2025-07-06 07:00:00+00:00
[2025-07-06T01:36:44.962+0000] {processor.py:208} INFO - Processing /opt/airflow/dags/driven_data_pipeline.py took 0.366 seconds
[2025-07-06T01:36:49.065+0000] {processor.py:186} INFO - Started process (PID=1829) to work on /opt/airflow/dags/driven_data_pipeline.py
[2025-07-06T01:36:49.066+0000] {processor.py:914} INFO - Processing file /opt/airflow/dags/driven_data_pipeline.py for tasks to queue
[2025-07-06T01:36:49.072+0000] {logging_mixin.py:190} INFO - [2025-07-06T01:36:49.071+0000] {dagbag.py:588} INFO - Filling up the DagBag from /opt/airflow/dags/driven_data_pipeline.py
[2025-07-06T01:36:49.288+0000] {processor.py:925} INFO - DAG(s) 'extract_raw_data_pipeline' retrieved from /opt/airflow/dags/driven_data_pipeline.py
[2025-07-06T01:36:49.301+0000] {logging_mixin.py:190} INFO - [2025-07-06T01:36:49.301+0000] {dag.py:3239} INFO - Sync 1 DAGs
[2025-07-06T01:36:49.323+0000] {logging_mixin.py:190} INFO - [2025-07-06T01:36:49.323+0000] {dag.py:4180} INFO - Setting next_dagrun for extract_raw_data_pipeline to 2025-07-05 07:59:00+00:00, run_after=2025-07-06 07:00:00+00:00
[2025-07-06T01:36:49.341+0000] {processor.py:208} INFO - Processing /opt/airflow/dags/driven_data_pipeline.py took 0.285 seconds
[2025-07-06T01:37:19.547+0000] {processor.py:186} INFO - Started process (PID=1841) to work on /opt/airflow/dags/driven_data_pipeline.py
[2025-07-06T01:37:19.548+0000] {processor.py:914} INFO - Processing file /opt/airflow/dags/driven_data_pipeline.py for tasks to queue
[2025-07-06T01:37:19.551+0000] {logging_mixin.py:190} INFO - [2025-07-06T01:37:19.551+0000] {dagbag.py:588} INFO - Filling up the DagBag from /opt/airflow/dags/driven_data_pipeline.py
[2025-07-06T01:37:19.737+0000] {processor.py:925} INFO - DAG(s) 'extract_raw_data_pipeline' retrieved from /opt/airflow/dags/driven_data_pipeline.py
[2025-07-06T01:37:19.766+0000] {logging_mixin.py:190} INFO - [2025-07-06T01:37:19.766+0000] {dag.py:3239} INFO - Sync 1 DAGs
[2025-07-06T01:37:19.789+0000] {logging_mixin.py:190} INFO - [2025-07-06T01:37:19.789+0000] {dag.py:4180} INFO - Setting next_dagrun for extract_raw_data_pipeline to 2025-07-05 07:59:00+00:00, run_after=2025-07-06 07:00:00+00:00
[2025-07-06T01:37:19.809+0000] {processor.py:208} INFO - Processing /opt/airflow/dags/driven_data_pipeline.py took 0.268 seconds
[2025-07-06T01:37:50.017+0000] {processor.py:186} INFO - Started process (PID=1849) to work on /opt/airflow/dags/driven_data_pipeline.py
[2025-07-06T01:37:50.018+0000] {processor.py:914} INFO - Processing file /opt/airflow/dags/driven_data_pipeline.py for tasks to queue
[2025-07-06T01:37:50.021+0000] {logging_mixin.py:190} INFO - [2025-07-06T01:37:50.020+0000] {dagbag.py:588} INFO - Filling up the DagBag from /opt/airflow/dags/driven_data_pipeline.py
[2025-07-06T01:37:50.206+0000] {processor.py:925} INFO - DAG(s) 'extract_raw_data_pipeline' retrieved from /opt/airflow/dags/driven_data_pipeline.py
[2025-07-06T01:37:50.237+0000] {logging_mixin.py:190} INFO - [2025-07-06T01:37:50.237+0000] {dag.py:3239} INFO - Sync 1 DAGs
[2025-07-06T01:37:50.262+0000] {logging_mixin.py:190} INFO - [2025-07-06T01:37:50.262+0000] {dag.py:4180} INFO - Setting next_dagrun for extract_raw_data_pipeline to 2025-07-05 07:59:00+00:00, run_after=2025-07-06 07:00:00+00:00
[2025-07-06T01:37:50.282+0000] {processor.py:208} INFO - Processing /opt/airflow/dags/driven_data_pipeline.py took 0.272 seconds
[2025-07-06T01:38:20.483+0000] {processor.py:186} INFO - Started process (PID=1858) to work on /opt/airflow/dags/driven_data_pipeline.py
[2025-07-06T01:38:20.484+0000] {processor.py:914} INFO - Processing file /opt/airflow/dags/driven_data_pipeline.py for tasks to queue
[2025-07-06T01:38:20.487+0000] {logging_mixin.py:190} INFO - [2025-07-06T01:38:20.487+0000] {dagbag.py:588} INFO - Filling up the DagBag from /opt/airflow/dags/driven_data_pipeline.py
[2025-07-06T01:38:20.659+0000] {processor.py:925} INFO - DAG(s) 'extract_raw_data_pipeline' retrieved from /opt/airflow/dags/driven_data_pipeline.py
[2025-07-06T01:38:20.685+0000] {logging_mixin.py:190} INFO - [2025-07-06T01:38:20.685+0000] {dag.py:3239} INFO - Sync 1 DAGs
[2025-07-06T01:38:20.706+0000] {logging_mixin.py:190} INFO - [2025-07-06T01:38:20.706+0000] {dag.py:4180} INFO - Setting next_dagrun for extract_raw_data_pipeline to 2025-07-05 07:59:00+00:00, run_after=2025-07-06 07:00:00+00:00
[2025-07-06T01:38:20.724+0000] {processor.py:208} INFO - Processing /opt/airflow/dags/driven_data_pipeline.py took 0.248 seconds
[2025-07-06T01:38:50.926+0000] {processor.py:186} INFO - Started process (PID=1866) to work on /opt/airflow/dags/driven_data_pipeline.py
[2025-07-06T01:38:50.928+0000] {processor.py:914} INFO - Processing file /opt/airflow/dags/driven_data_pipeline.py for tasks to queue
[2025-07-06T01:38:50.930+0000] {logging_mixin.py:190} INFO - [2025-07-06T01:38:50.930+0000] {dagbag.py:588} INFO - Filling up the DagBag from /opt/airflow/dags/driven_data_pipeline.py
[2025-07-06T01:38:51.120+0000] {processor.py:925} INFO - DAG(s) 'extract_raw_data_pipeline' retrieved from /opt/airflow/dags/driven_data_pipeline.py
[2025-07-06T01:38:51.151+0000] {logging_mixin.py:190} INFO - [2025-07-06T01:38:51.151+0000] {dag.py:3239} INFO - Sync 1 DAGs
[2025-07-06T01:38:51.176+0000] {logging_mixin.py:190} INFO - [2025-07-06T01:38:51.176+0000] {dag.py:4180} INFO - Setting next_dagrun for extract_raw_data_pipeline to 2025-07-05 07:59:00+00:00, run_after=2025-07-06 07:00:00+00:00
[2025-07-06T01:38:51.196+0000] {processor.py:208} INFO - Processing /opt/airflow/dags/driven_data_pipeline.py took 0.277 seconds
[2025-07-06T01:39:21.404+0000] {processor.py:186} INFO - Started process (PID=1874) to work on /opt/airflow/dags/driven_data_pipeline.py
[2025-07-06T01:39:21.405+0000] {processor.py:914} INFO - Processing file /opt/airflow/dags/driven_data_pipeline.py for tasks to queue
[2025-07-06T01:39:21.408+0000] {logging_mixin.py:190} INFO - [2025-07-06T01:39:21.408+0000] {dagbag.py:588} INFO - Filling up the DagBag from /opt/airflow/dags/driven_data_pipeline.py
[2025-07-06T01:39:21.585+0000] {processor.py:925} INFO - DAG(s) 'extract_raw_data_pipeline' retrieved from /opt/airflow/dags/driven_data_pipeline.py
[2025-07-06T01:39:21.611+0000] {logging_mixin.py:190} INFO - [2025-07-06T01:39:21.611+0000] {dag.py:3239} INFO - Sync 1 DAGs
[2025-07-06T01:39:21.631+0000] {logging_mixin.py:190} INFO - [2025-07-06T01:39:21.631+0000] {dag.py:4180} INFO - Setting next_dagrun for extract_raw_data_pipeline to 2025-07-05 07:59:00+00:00, run_after=2025-07-06 07:00:00+00:00
[2025-07-06T01:39:21.647+0000] {processor.py:208} INFO - Processing /opt/airflow/dags/driven_data_pipeline.py took 0.251 seconds
[2025-07-06T01:39:51.860+0000] {processor.py:186} INFO - Started process (PID=1882) to work on /opt/airflow/dags/driven_data_pipeline.py
[2025-07-06T01:39:51.861+0000] {processor.py:914} INFO - Processing file /opt/airflow/dags/driven_data_pipeline.py for tasks to queue
[2025-07-06T01:39:51.864+0000] {logging_mixin.py:190} INFO - [2025-07-06T01:39:51.863+0000] {dagbag.py:588} INFO - Filling up the DagBag from /opt/airflow/dags/driven_data_pipeline.py
[2025-07-06T01:39:52.038+0000] {processor.py:925} INFO - DAG(s) 'extract_raw_data_pipeline' retrieved from /opt/airflow/dags/driven_data_pipeline.py
[2025-07-06T01:39:52.063+0000] {logging_mixin.py:190} INFO - [2025-07-06T01:39:52.063+0000] {dag.py:3239} INFO - Sync 1 DAGs
[2025-07-06T01:39:52.084+0000] {logging_mixin.py:190} INFO - [2025-07-06T01:39:52.084+0000] {dag.py:4180} INFO - Setting next_dagrun for extract_raw_data_pipeline to 2025-07-05 07:59:00+00:00, run_after=2025-07-06 07:00:00+00:00
[2025-07-06T01:39:52.102+0000] {processor.py:208} INFO - Processing /opt/airflow/dags/driven_data_pipeline.py took 0.249 seconds
[2025-07-06T01:40:22.307+0000] {processor.py:186} INFO - Started process (PID=1891) to work on /opt/airflow/dags/driven_data_pipeline.py
[2025-07-06T01:40:22.309+0000] {processor.py:914} INFO - Processing file /opt/airflow/dags/driven_data_pipeline.py for tasks to queue
[2025-07-06T01:40:22.312+0000] {logging_mixin.py:190} INFO - [2025-07-06T01:40:22.311+0000] {dagbag.py:588} INFO - Filling up the DagBag from /opt/airflow/dags/driven_data_pipeline.py
[2025-07-06T01:40:22.488+0000] {processor.py:925} INFO - DAG(s) 'extract_raw_data_pipeline' retrieved from /opt/airflow/dags/driven_data_pipeline.py
[2025-07-06T01:40:22.513+0000] {logging_mixin.py:190} INFO - [2025-07-06T01:40:22.513+0000] {dag.py:3239} INFO - Sync 1 DAGs
[2025-07-06T01:40:22.534+0000] {logging_mixin.py:190} INFO - [2025-07-06T01:40:22.534+0000] {dag.py:4180} INFO - Setting next_dagrun for extract_raw_data_pipeline to 2025-07-05 07:59:00+00:00, run_after=2025-07-06 07:00:00+00:00
[2025-07-06T01:40:22.552+0000] {processor.py:208} INFO - Processing /opt/airflow/dags/driven_data_pipeline.py took 0.252 seconds
[2025-07-06T01:40:40.443+0000] {processor.py:186} INFO - Started process (PID=1900) to work on /opt/airflow/dags/driven_data_pipeline.py
[2025-07-06T01:40:40.444+0000] {processor.py:914} INFO - Processing file /opt/airflow/dags/driven_data_pipeline.py for tasks to queue
[2025-07-06T01:40:40.448+0000] {logging_mixin.py:190} INFO - [2025-07-06T01:40:40.447+0000] {dagbag.py:588} INFO - Filling up the DagBag from /opt/airflow/dags/driven_data_pipeline.py
[2025-07-06T01:40:40.645+0000] {processor.py:925} INFO - DAG(s) 'extract_raw_data_pipeline' retrieved from /opt/airflow/dags/driven_data_pipeline.py
[2025-07-06T01:40:40.673+0000] {logging_mixin.py:190} INFO - [2025-07-06T01:40:40.673+0000] {dag.py:3239} INFO - Sync 1 DAGs
[2025-07-06T01:40:40.694+0000] {logging_mixin.py:190} INFO - [2025-07-06T01:40:40.693+0000] {dag.py:4180} INFO - Setting next_dagrun for extract_raw_data_pipeline to 2025-07-05 07:59:00+00:00, run_after=2025-07-06 07:00:00+00:00
[2025-07-06T01:40:40.717+0000] {processor.py:208} INFO - Processing /opt/airflow/dags/driven_data_pipeline.py took 0.281 seconds
[2025-07-06T01:40:45.808+0000] {processor.py:186} INFO - Started process (PID=1902) to work on /opt/airflow/dags/driven_data_pipeline.py
[2025-07-06T01:40:45.810+0000] {processor.py:914} INFO - Processing file /opt/airflow/dags/driven_data_pipeline.py for tasks to queue
[2025-07-06T01:40:45.817+0000] {logging_mixin.py:190} INFO - [2025-07-06T01:40:45.816+0000] {dagbag.py:588} INFO - Filling up the DagBag from /opt/airflow/dags/driven_data_pipeline.py
[2025-07-06T01:40:46.012+0000] {processor.py:925} INFO - DAG(s) 'extract_raw_data_pipeline' retrieved from /opt/airflow/dags/driven_data_pipeline.py
[2025-07-06T01:40:46.035+0000] {logging_mixin.py:190} INFO - [2025-07-06T01:40:46.035+0000] {dag.py:3239} INFO - Sync 1 DAGs
[2025-07-06T01:40:46.055+0000] {logging_mixin.py:190} INFO - [2025-07-06T01:40:46.055+0000] {dag.py:4180} INFO - Setting next_dagrun for extract_raw_data_pipeline to 2025-07-05 07:59:00+00:00, run_after=2025-07-06 07:00:00+00:00
[2025-07-06T01:40:46.073+0000] {processor.py:208} INFO - Processing /opt/airflow/dags/driven_data_pipeline.py took 0.272 seconds
[2025-07-06T01:41:16.283+0000] {processor.py:186} INFO - Started process (PID=1914) to work on /opt/airflow/dags/driven_data_pipeline.py
[2025-07-06T01:41:16.284+0000] {processor.py:914} INFO - Processing file /opt/airflow/dags/driven_data_pipeline.py for tasks to queue
[2025-07-06T01:41:16.287+0000] {logging_mixin.py:190} INFO - [2025-07-06T01:41:16.287+0000] {dagbag.py:588} INFO - Filling up the DagBag from /opt/airflow/dags/driven_data_pipeline.py
[2025-07-06T01:41:16.485+0000] {processor.py:925} INFO - DAG(s) 'extract_raw_data_pipeline' retrieved from /opt/airflow/dags/driven_data_pipeline.py
[2025-07-06T01:41:16.513+0000] {logging_mixin.py:190} INFO - [2025-07-06T01:41:16.512+0000] {dag.py:3239} INFO - Sync 1 DAGs
[2025-07-06T01:41:16.534+0000] {logging_mixin.py:190} INFO - [2025-07-06T01:41:16.534+0000] {dag.py:4180} INFO - Setting next_dagrun for extract_raw_data_pipeline to 2025-07-05 07:59:00+00:00, run_after=2025-07-06 07:00:00+00:00
[2025-07-06T01:41:16.552+0000] {processor.py:208} INFO - Processing /opt/airflow/dags/driven_data_pipeline.py took 0.277 seconds
[2025-07-06T01:41:46.757+0000] {processor.py:186} INFO - Started process (PID=1922) to work on /opt/airflow/dags/driven_data_pipeline.py
[2025-07-06T01:41:46.758+0000] {processor.py:914} INFO - Processing file /opt/airflow/dags/driven_data_pipeline.py for tasks to queue
[2025-07-06T01:41:46.760+0000] {logging_mixin.py:190} INFO - [2025-07-06T01:41:46.760+0000] {dagbag.py:588} INFO - Filling up the DagBag from /opt/airflow/dags/driven_data_pipeline.py
[2025-07-06T01:41:46.937+0000] {processor.py:925} INFO - DAG(s) 'extract_raw_data_pipeline' retrieved from /opt/airflow/dags/driven_data_pipeline.py
[2025-07-06T01:41:46.963+0000] {logging_mixin.py:190} INFO - [2025-07-06T01:41:46.963+0000] {dag.py:3239} INFO - Sync 1 DAGs
[2025-07-06T01:41:46.986+0000] {logging_mixin.py:190} INFO - [2025-07-06T01:41:46.986+0000] {dag.py:4180} INFO - Setting next_dagrun for extract_raw_data_pipeline to 2025-07-05 07:59:00+00:00, run_after=2025-07-06 07:00:00+00:00
[2025-07-06T01:41:47.006+0000] {processor.py:208} INFO - Processing /opt/airflow/dags/driven_data_pipeline.py took 0.257 seconds
[2025-07-06T01:42:17.226+0000] {processor.py:186} INFO - Started process (PID=1930) to work on /opt/airflow/dags/driven_data_pipeline.py
[2025-07-06T01:42:17.227+0000] {processor.py:914} INFO - Processing file /opt/airflow/dags/driven_data_pipeline.py for tasks to queue
[2025-07-06T01:42:17.233+0000] {logging_mixin.py:190} INFO - [2025-07-06T01:42:17.232+0000] {dagbag.py:588} INFO - Filling up the DagBag from /opt/airflow/dags/driven_data_pipeline.py
[2025-07-06T01:42:17.440+0000] {processor.py:925} INFO - DAG(s) 'extract_raw_data_pipeline' retrieved from /opt/airflow/dags/driven_data_pipeline.py
[2025-07-06T01:42:17.466+0000] {logging_mixin.py:190} INFO - [2025-07-06T01:42:17.465+0000] {dag.py:3239} INFO - Sync 1 DAGs
[2025-07-06T01:42:17.487+0000] {logging_mixin.py:190} INFO - [2025-07-06T01:42:17.487+0000] {dag.py:4180} INFO - Setting next_dagrun for extract_raw_data_pipeline to 2025-07-05 07:59:00+00:00, run_after=2025-07-06 07:00:00+00:00
[2025-07-06T01:42:17.505+0000] {processor.py:208} INFO - Processing /opt/airflow/dags/driven_data_pipeline.py took 0.286 seconds
[2025-07-06T01:42:33.660+0000] {processor.py:186} INFO - Started process (PID=1939) to work on /opt/airflow/dags/driven_data_pipeline.py
[2025-07-06T01:42:33.661+0000] {processor.py:914} INFO - Processing file /opt/airflow/dags/driven_data_pipeline.py for tasks to queue
[2025-07-06T01:42:33.664+0000] {logging_mixin.py:190} INFO - [2025-07-06T01:42:33.664+0000] {dagbag.py:588} INFO - Filling up the DagBag from /opt/airflow/dags/driven_data_pipeline.py
[2025-07-06T01:42:33.861+0000] {processor.py:925} INFO - DAG(s) 'extract_raw_data_pipeline' retrieved from /opt/airflow/dags/driven_data_pipeline.py
[2025-07-06T01:42:33.974+0000] {logging_mixin.py:190} INFO - [2025-07-06T01:42:33.974+0000] {dag.py:3239} INFO - Sync 1 DAGs
[2025-07-06T01:42:33.995+0000] {logging_mixin.py:190} INFO - [2025-07-06T01:42:33.995+0000] {dag.py:4180} INFO - Setting next_dagrun for extract_raw_data_pipeline to 2025-07-05 07:59:00+00:00, run_after=2025-07-06 07:00:00+00:00
[2025-07-06T01:42:34.018+0000] {processor.py:208} INFO - Processing /opt/airflow/dags/driven_data_pipeline.py took 0.366 seconds
[2025-07-06T01:42:40.121+0000] {processor.py:186} INFO - Started process (PID=1941) to work on /opt/airflow/dags/driven_data_pipeline.py
[2025-07-06T01:42:40.125+0000] {processor.py:914} INFO - Processing file /opt/airflow/dags/driven_data_pipeline.py for tasks to queue
[2025-07-06T01:42:40.135+0000] {logging_mixin.py:190} INFO - [2025-07-06T01:42:40.134+0000] {dagbag.py:588} INFO - Filling up the DagBag from /opt/airflow/dags/driven_data_pipeline.py
[2025-07-06T01:42:40.351+0000] {processor.py:925} INFO - DAG(s) 'extract_raw_data_pipeline' retrieved from /opt/airflow/dags/driven_data_pipeline.py
[2025-07-06T01:42:40.364+0000] {logging_mixin.py:190} INFO - [2025-07-06T01:42:40.364+0000] {dag.py:3239} INFO - Sync 1 DAGs
[2025-07-06T01:42:40.389+0000] {logging_mixin.py:190} INFO - [2025-07-06T01:42:40.389+0000] {dag.py:4180} INFO - Setting next_dagrun for extract_raw_data_pipeline to 2025-07-05 07:59:00+00:00, run_after=2025-07-06 07:00:00+00:00
[2025-07-06T01:42:40.408+0000] {processor.py:208} INFO - Processing /opt/airflow/dags/driven_data_pipeline.py took 0.294 seconds
[2025-07-06T01:43:10.622+0000] {processor.py:186} INFO - Started process (PID=1953) to work on /opt/airflow/dags/driven_data_pipeline.py
[2025-07-06T01:43:10.623+0000] {processor.py:914} INFO - Processing file /opt/airflow/dags/driven_data_pipeline.py for tasks to queue
[2025-07-06T01:43:10.626+0000] {logging_mixin.py:190} INFO - [2025-07-06T01:43:10.626+0000] {dagbag.py:588} INFO - Filling up the DagBag from /opt/airflow/dags/driven_data_pipeline.py
[2025-07-06T01:43:10.829+0000] {processor.py:925} INFO - DAG(s) 'extract_raw_data_pipeline' retrieved from /opt/airflow/dags/driven_data_pipeline.py
[2025-07-06T01:43:10.856+0000] {logging_mixin.py:190} INFO - [2025-07-06T01:43:10.855+0000] {dag.py:3239} INFO - Sync 1 DAGs
[2025-07-06T01:43:10.876+0000] {logging_mixin.py:190} INFO - [2025-07-06T01:43:10.876+0000] {dag.py:4180} INFO - Setting next_dagrun for extract_raw_data_pipeline to 2025-07-05 07:59:00+00:00, run_after=2025-07-06 07:00:00+00:00
[2025-07-06T01:43:10.894+0000] {processor.py:208} INFO - Processing /opt/airflow/dags/driven_data_pipeline.py took 0.279 seconds
[2025-07-06T01:43:41.092+0000] {processor.py:186} INFO - Started process (PID=1961) to work on /opt/airflow/dags/driven_data_pipeline.py
[2025-07-06T01:43:41.093+0000] {processor.py:914} INFO - Processing file /opt/airflow/dags/driven_data_pipeline.py for tasks to queue
[2025-07-06T01:43:41.096+0000] {logging_mixin.py:190} INFO - [2025-07-06T01:43:41.095+0000] {dagbag.py:588} INFO - Filling up the DagBag from /opt/airflow/dags/driven_data_pipeline.py
[2025-07-06T01:43:41.272+0000] {processor.py:925} INFO - DAG(s) 'extract_raw_data_pipeline' retrieved from /opt/airflow/dags/driven_data_pipeline.py
[2025-07-06T01:43:41.296+0000] {logging_mixin.py:190} INFO - [2025-07-06T01:43:41.296+0000] {dag.py:3239} INFO - Sync 1 DAGs
[2025-07-06T01:43:41.317+0000] {logging_mixin.py:190} INFO - [2025-07-06T01:43:41.317+0000] {dag.py:4180} INFO - Setting next_dagrun for extract_raw_data_pipeline to 2025-07-05 07:59:00+00:00, run_after=2025-07-06 07:00:00+00:00
[2025-07-06T01:43:41.335+0000] {processor.py:208} INFO - Processing /opt/airflow/dags/driven_data_pipeline.py took 0.251 seconds
[2025-07-06T01:44:11.532+0000] {processor.py:186} INFO - Started process (PID=1969) to work on /opt/airflow/dags/driven_data_pipeline.py
[2025-07-06T01:44:11.533+0000] {processor.py:914} INFO - Processing file /opt/airflow/dags/driven_data_pipeline.py for tasks to queue
[2025-07-06T01:44:11.536+0000] {logging_mixin.py:190} INFO - [2025-07-06T01:44:11.536+0000] {dagbag.py:588} INFO - Filling up the DagBag from /opt/airflow/dags/driven_data_pipeline.py
[2025-07-06T01:44:11.715+0000] {processor.py:925} INFO - DAG(s) 'extract_raw_data_pipeline' retrieved from /opt/airflow/dags/driven_data_pipeline.py
[2025-07-06T01:44:11.740+0000] {logging_mixin.py:190} INFO - [2025-07-06T01:44:11.739+0000] {dag.py:3239} INFO - Sync 1 DAGs
[2025-07-06T01:44:11.761+0000] {logging_mixin.py:190} INFO - [2025-07-06T01:44:11.761+0000] {dag.py:4180} INFO - Setting next_dagrun for extract_raw_data_pipeline to 2025-07-05 07:59:00+00:00, run_after=2025-07-06 07:00:00+00:00
[2025-07-06T01:44:11.779+0000] {processor.py:208} INFO - Processing /opt/airflow/dags/driven_data_pipeline.py took 0.254 seconds
[2025-07-06T01:44:41.985+0000] {processor.py:186} INFO - Started process (PID=1977) to work on /opt/airflow/dags/driven_data_pipeline.py
[2025-07-06T01:44:41.986+0000] {processor.py:914} INFO - Processing file /opt/airflow/dags/driven_data_pipeline.py for tasks to queue
[2025-07-06T01:44:41.989+0000] {logging_mixin.py:190} INFO - [2025-07-06T01:44:41.989+0000] {dagbag.py:588} INFO - Filling up the DagBag from /opt/airflow/dags/driven_data_pipeline.py
[2025-07-06T01:44:42.189+0000] {processor.py:925} INFO - DAG(s) 'extract_raw_data_pipeline' retrieved from /opt/airflow/dags/driven_data_pipeline.py
[2025-07-06T01:44:42.216+0000] {logging_mixin.py:190} INFO - [2025-07-06T01:44:42.216+0000] {dag.py:3239} INFO - Sync 1 DAGs
[2025-07-06T01:44:42.237+0000] {logging_mixin.py:190} INFO - [2025-07-06T01:44:42.237+0000] {dag.py:4180} INFO - Setting next_dagrun for extract_raw_data_pipeline to 2025-07-05 07:59:00+00:00, run_after=2025-07-06 07:00:00+00:00
[2025-07-06T01:44:42.257+0000] {processor.py:208} INFO - Processing /opt/airflow/dags/driven_data_pipeline.py took 0.280 seconds
[2025-07-06T01:45:12.462+0000] {processor.py:186} INFO - Started process (PID=1985) to work on /opt/airflow/dags/driven_data_pipeline.py
[2025-07-06T01:45:12.464+0000] {processor.py:914} INFO - Processing file /opt/airflow/dags/driven_data_pipeline.py for tasks to queue
[2025-07-06T01:45:12.468+0000] {logging_mixin.py:190} INFO - [2025-07-06T01:45:12.467+0000] {dagbag.py:588} INFO - Filling up the DagBag from /opt/airflow/dags/driven_data_pipeline.py
[2025-07-06T01:45:12.670+0000] {processor.py:925} INFO - DAG(s) 'extract_raw_data_pipeline' retrieved from /opt/airflow/dags/driven_data_pipeline.py
[2025-07-06T01:45:12.699+0000] {logging_mixin.py:190} INFO - [2025-07-06T01:45:12.699+0000] {dag.py:3239} INFO - Sync 1 DAGs
[2025-07-06T01:45:12.722+0000] {logging_mixin.py:190} INFO - [2025-07-06T01:45:12.722+0000] {dag.py:4180} INFO - Setting next_dagrun for extract_raw_data_pipeline to 2025-07-05 07:59:00+00:00, run_after=2025-07-06 07:00:00+00:00
[2025-07-06T01:45:12.745+0000] {processor.py:208} INFO - Processing /opt/airflow/dags/driven_data_pipeline.py took 0.291 seconds
[2025-07-06T01:45:42.957+0000] {processor.py:186} INFO - Started process (PID=1993) to work on /opt/airflow/dags/driven_data_pipeline.py
[2025-07-06T01:45:42.958+0000] {processor.py:914} INFO - Processing file /opt/airflow/dags/driven_data_pipeline.py for tasks to queue
[2025-07-06T01:45:42.961+0000] {logging_mixin.py:190} INFO - [2025-07-06T01:45:42.961+0000] {dagbag.py:588} INFO - Filling up the DagBag from /opt/airflow/dags/driven_data_pipeline.py
[2025-07-06T01:45:43.139+0000] {processor.py:925} INFO - DAG(s) 'extract_raw_data_pipeline' retrieved from /opt/airflow/dags/driven_data_pipeline.py
[2025-07-06T01:45:43.165+0000] {logging_mixin.py:190} INFO - [2025-07-06T01:45:43.165+0000] {dag.py:3239} INFO - Sync 1 DAGs
[2025-07-06T01:45:43.188+0000] {logging_mixin.py:190} INFO - [2025-07-06T01:45:43.187+0000] {dag.py:4180} INFO - Setting next_dagrun for extract_raw_data_pipeline to 2025-07-05 07:59:00+00:00, run_after=2025-07-06 07:00:00+00:00
[2025-07-06T01:45:43.208+0000] {processor.py:208} INFO - Processing /opt/airflow/dags/driven_data_pipeline.py took 0.258 seconds
[2025-07-06T01:46:13.413+0000] {processor.py:186} INFO - Started process (PID=2001) to work on /opt/airflow/dags/driven_data_pipeline.py
[2025-07-06T01:46:13.414+0000] {processor.py:914} INFO - Processing file /opt/airflow/dags/driven_data_pipeline.py for tasks to queue
[2025-07-06T01:46:13.418+0000] {logging_mixin.py:190} INFO - [2025-07-06T01:46:13.417+0000] {dagbag.py:588} INFO - Filling up the DagBag from /opt/airflow/dags/driven_data_pipeline.py
[2025-07-06T01:46:13.600+0000] {processor.py:925} INFO - DAG(s) 'extract_raw_data_pipeline' retrieved from /opt/airflow/dags/driven_data_pipeline.py
[2025-07-06T01:46:13.625+0000] {logging_mixin.py:190} INFO - [2025-07-06T01:46:13.625+0000] {dag.py:3239} INFO - Sync 1 DAGs
[2025-07-06T01:46:13.646+0000] {logging_mixin.py:190} INFO - [2025-07-06T01:46:13.646+0000] {dag.py:4180} INFO - Setting next_dagrun for extract_raw_data_pipeline to 2025-07-05 07:59:00+00:00, run_after=2025-07-06 07:00:00+00:00
[2025-07-06T01:46:13.663+0000] {processor.py:208} INFO - Processing /opt/airflow/dags/driven_data_pipeline.py took 0.257 seconds
[2025-07-06T01:46:43.875+0000] {processor.py:186} INFO - Started process (PID=2009) to work on /opt/airflow/dags/driven_data_pipeline.py
[2025-07-06T01:46:43.877+0000] {processor.py:914} INFO - Processing file /opt/airflow/dags/driven_data_pipeline.py for tasks to queue
[2025-07-06T01:46:43.879+0000] {logging_mixin.py:190} INFO - [2025-07-06T01:46:43.879+0000] {dagbag.py:588} INFO - Filling up the DagBag from /opt/airflow/dags/driven_data_pipeline.py
[2025-07-06T01:46:44.061+0000] {processor.py:925} INFO - DAG(s) 'extract_raw_data_pipeline' retrieved from /opt/airflow/dags/driven_data_pipeline.py
[2025-07-06T01:46:44.088+0000] {logging_mixin.py:190} INFO - [2025-07-06T01:46:44.088+0000] {dag.py:3239} INFO - Sync 1 DAGs
[2025-07-06T01:46:44.111+0000] {logging_mixin.py:190} INFO - [2025-07-06T01:46:44.111+0000] {dag.py:4180} INFO - Setting next_dagrun for extract_raw_data_pipeline to 2025-07-05 07:59:00+00:00, run_after=2025-07-06 07:00:00+00:00
[2025-07-06T01:46:44.132+0000] {processor.py:208} INFO - Processing /opt/airflow/dags/driven_data_pipeline.py took 0.264 seconds
[2025-07-06T01:47:14.341+0000] {processor.py:186} INFO - Started process (PID=2017) to work on /opt/airflow/dags/driven_data_pipeline.py
[2025-07-06T01:47:14.342+0000] {processor.py:914} INFO - Processing file /opt/airflow/dags/driven_data_pipeline.py for tasks to queue
[2025-07-06T01:47:14.346+0000] {logging_mixin.py:190} INFO - [2025-07-06T01:47:14.345+0000] {dagbag.py:588} INFO - Filling up the DagBag from /opt/airflow/dags/driven_data_pipeline.py
[2025-07-06T01:47:14.546+0000] {processor.py:925} INFO - DAG(s) 'extract_raw_data_pipeline' retrieved from /opt/airflow/dags/driven_data_pipeline.py
[2025-07-06T01:47:14.577+0000] {logging_mixin.py:190} INFO - [2025-07-06T01:47:14.576+0000] {dag.py:3239} INFO - Sync 1 DAGs
[2025-07-06T01:47:14.598+0000] {logging_mixin.py:190} INFO - [2025-07-06T01:47:14.598+0000] {dag.py:4180} INFO - Setting next_dagrun for extract_raw_data_pipeline to 2025-07-05 07:59:00+00:00, run_after=2025-07-06 07:00:00+00:00
[2025-07-06T01:47:14.618+0000] {processor.py:208} INFO - Processing /opt/airflow/dags/driven_data_pipeline.py took 0.285 seconds
[2025-07-06T01:47:44.848+0000] {processor.py:186} INFO - Started process (PID=2033) to work on /opt/airflow/dags/driven_data_pipeline.py
[2025-07-06T01:47:44.849+0000] {processor.py:914} INFO - Processing file /opt/airflow/dags/driven_data_pipeline.py for tasks to queue
[2025-07-06T01:47:44.853+0000] {logging_mixin.py:190} INFO - [2025-07-06T01:47:44.852+0000] {dagbag.py:588} INFO - Filling up the DagBag from /opt/airflow/dags/driven_data_pipeline.py
[2025-07-06T01:47:45.060+0000] {processor.py:925} INFO - DAG(s) 'extract_raw_data_pipeline' retrieved from /opt/airflow/dags/driven_data_pipeline.py
[2025-07-06T01:47:45.089+0000] {logging_mixin.py:190} INFO - [2025-07-06T01:47:45.089+0000] {dag.py:3239} INFO - Sync 1 DAGs
[2025-07-06T01:47:45.114+0000] {logging_mixin.py:190} INFO - [2025-07-06T01:47:45.114+0000] {dag.py:4180} INFO - Setting next_dagrun for extract_raw_data_pipeline to 2025-07-05 07:59:00+00:00, run_after=2025-07-06 07:00:00+00:00
[2025-07-06T01:47:45.135+0000] {processor.py:208} INFO - Processing /opt/airflow/dags/driven_data_pipeline.py took 0.294 seconds
[2025-07-06T01:48:15.375+0000] {processor.py:186} INFO - Started process (PID=2041) to work on /opt/airflow/dags/driven_data_pipeline.py
[2025-07-06T01:48:15.376+0000] {processor.py:914} INFO - Processing file /opt/airflow/dags/driven_data_pipeline.py for tasks to queue
[2025-07-06T01:48:15.379+0000] {logging_mixin.py:190} INFO - [2025-07-06T01:48:15.379+0000] {dagbag.py:588} INFO - Filling up the DagBag from /opt/airflow/dags/driven_data_pipeline.py
[2025-07-06T01:48:15.581+0000] {processor.py:925} INFO - DAG(s) 'extract_raw_data_pipeline' retrieved from /opt/airflow/dags/driven_data_pipeline.py
[2025-07-06T01:48:15.609+0000] {logging_mixin.py:190} INFO - [2025-07-06T01:48:15.609+0000] {dag.py:3239} INFO - Sync 1 DAGs
[2025-07-06T01:48:15.632+0000] {logging_mixin.py:190} INFO - [2025-07-06T01:48:15.632+0000] {dag.py:4180} INFO - Setting next_dagrun for extract_raw_data_pipeline to 2025-07-05 07:59:00+00:00, run_after=2025-07-06 07:00:00+00:00
[2025-07-06T01:48:15.653+0000] {processor.py:208} INFO - Processing /opt/airflow/dags/driven_data_pipeline.py took 0.286 seconds
[2025-07-06T01:48:45.854+0000] {processor.py:186} INFO - Started process (PID=2050) to work on /opt/airflow/dags/driven_data_pipeline.py
[2025-07-06T01:48:45.856+0000] {processor.py:914} INFO - Processing file /opt/airflow/dags/driven_data_pipeline.py for tasks to queue
[2025-07-06T01:48:45.859+0000] {logging_mixin.py:190} INFO - [2025-07-06T01:48:45.858+0000] {dagbag.py:588} INFO - Filling up the DagBag from /opt/airflow/dags/driven_data_pipeline.py
[2025-07-06T01:48:46.039+0000] {processor.py:925} INFO - DAG(s) 'extract_raw_data_pipeline' retrieved from /opt/airflow/dags/driven_data_pipeline.py
[2025-07-06T01:48:46.069+0000] {logging_mixin.py:190} INFO - [2025-07-06T01:48:46.069+0000] {dag.py:3239} INFO - Sync 1 DAGs
[2025-07-06T01:48:46.096+0000] {logging_mixin.py:190} INFO - [2025-07-06T01:48:46.096+0000] {dag.py:4180} INFO - Setting next_dagrun for extract_raw_data_pipeline to 2025-07-05 07:59:00+00:00, run_after=2025-07-06 07:00:00+00:00
[2025-07-06T01:48:46.117+0000] {processor.py:208} INFO - Processing /opt/airflow/dags/driven_data_pipeline.py took 0.269 seconds
[2025-07-06T01:49:16.321+0000] {processor.py:186} INFO - Started process (PID=2058) to work on /opt/airflow/dags/driven_data_pipeline.py
[2025-07-06T01:49:16.322+0000] {processor.py:914} INFO - Processing file /opt/airflow/dags/driven_data_pipeline.py for tasks to queue
[2025-07-06T01:49:16.325+0000] {logging_mixin.py:190} INFO - [2025-07-06T01:49:16.325+0000] {dagbag.py:588} INFO - Filling up the DagBag from /opt/airflow/dags/driven_data_pipeline.py
[2025-07-06T01:49:16.520+0000] {processor.py:925} INFO - DAG(s) 'extract_raw_data_pipeline' retrieved from /opt/airflow/dags/driven_data_pipeline.py
[2025-07-06T01:49:16.547+0000] {logging_mixin.py:190} INFO - [2025-07-06T01:49:16.547+0000] {dag.py:3239} INFO - Sync 1 DAGs
[2025-07-06T01:49:16.571+0000] {logging_mixin.py:190} INFO - [2025-07-06T01:49:16.570+0000] {dag.py:4180} INFO - Setting next_dagrun for extract_raw_data_pipeline to 2025-07-05 07:59:00+00:00, run_after=2025-07-06 07:00:00+00:00
[2025-07-06T01:49:16.595+0000] {processor.py:208} INFO - Processing /opt/airflow/dags/driven_data_pipeline.py took 0.282 seconds
[2025-07-06T01:49:46.797+0000] {processor.py:186} INFO - Started process (PID=2067) to work on /opt/airflow/dags/driven_data_pipeline.py
[2025-07-06T01:49:46.798+0000] {processor.py:914} INFO - Processing file /opt/airflow/dags/driven_data_pipeline.py for tasks to queue
[2025-07-06T01:49:46.801+0000] {logging_mixin.py:190} INFO - [2025-07-06T01:49:46.801+0000] {dagbag.py:588} INFO - Filling up the DagBag from /opt/airflow/dags/driven_data_pipeline.py
[2025-07-06T01:49:46.974+0000] {processor.py:925} INFO - DAG(s) 'extract_raw_data_pipeline' retrieved from /opt/airflow/dags/driven_data_pipeline.py
[2025-07-06T01:49:46.999+0000] {logging_mixin.py:190} INFO - [2025-07-06T01:49:46.999+0000] {dag.py:3239} INFO - Sync 1 DAGs
[2025-07-06T01:49:47.020+0000] {logging_mixin.py:190} INFO - [2025-07-06T01:49:47.020+0000] {dag.py:4180} INFO - Setting next_dagrun for extract_raw_data_pipeline to 2025-07-05 07:59:00+00:00, run_after=2025-07-06 07:00:00+00:00
[2025-07-06T01:49:47.038+0000] {processor.py:208} INFO - Processing /opt/airflow/dags/driven_data_pipeline.py took 0.248 seconds
[2025-07-06T01:50:17.264+0000] {processor.py:186} INFO - Started process (PID=2075) to work on /opt/airflow/dags/driven_data_pipeline.py
[2025-07-06T01:50:17.266+0000] {processor.py:914} INFO - Processing file /opt/airflow/dags/driven_data_pipeline.py for tasks to queue
[2025-07-06T01:50:17.268+0000] {logging_mixin.py:190} INFO - [2025-07-06T01:50:17.268+0000] {dagbag.py:588} INFO - Filling up the DagBag from /opt/airflow/dags/driven_data_pipeline.py
[2025-07-06T01:50:17.448+0000] {processor.py:925} INFO - DAG(s) 'extract_raw_data_pipeline' retrieved from /opt/airflow/dags/driven_data_pipeline.py
[2025-07-06T01:50:17.474+0000] {logging_mixin.py:190} INFO - [2025-07-06T01:50:17.474+0000] {dag.py:3239} INFO - Sync 1 DAGs
[2025-07-06T01:50:17.496+0000] {logging_mixin.py:190} INFO - [2025-07-06T01:50:17.495+0000] {dag.py:4180} INFO - Setting next_dagrun for extract_raw_data_pipeline to 2025-07-05 07:59:00+00:00, run_after=2025-07-06 07:00:00+00:00
[2025-07-06T01:50:17.513+0000] {processor.py:208} INFO - Processing /opt/airflow/dags/driven_data_pipeline.py took 0.257 seconds
[2025-07-06T01:50:47.719+0000] {processor.py:186} INFO - Started process (PID=2083) to work on /opt/airflow/dags/driven_data_pipeline.py
[2025-07-06T01:50:47.720+0000] {processor.py:914} INFO - Processing file /opt/airflow/dags/driven_data_pipeline.py for tasks to queue
[2025-07-06T01:50:47.722+0000] {logging_mixin.py:190} INFO - [2025-07-06T01:50:47.722+0000] {dagbag.py:588} INFO - Filling up the DagBag from /opt/airflow/dags/driven_data_pipeline.py
[2025-07-06T01:50:47.893+0000] {processor.py:925} INFO - DAG(s) 'extract_raw_data_pipeline' retrieved from /opt/airflow/dags/driven_data_pipeline.py
[2025-07-06T01:50:47.918+0000] {logging_mixin.py:190} INFO - [2025-07-06T01:50:47.918+0000] {dag.py:3239} INFO - Sync 1 DAGs
[2025-07-06T01:50:47.938+0000] {logging_mixin.py:190} INFO - [2025-07-06T01:50:47.937+0000] {dag.py:4180} INFO - Setting next_dagrun for extract_raw_data_pipeline to 2025-07-05 07:59:00+00:00, run_after=2025-07-06 07:00:00+00:00
[2025-07-06T01:50:47.956+0000] {processor.py:208} INFO - Processing /opt/airflow/dags/driven_data_pipeline.py took 0.245 seconds
[2025-07-06T01:51:18.157+0000] {processor.py:186} INFO - Started process (PID=2091) to work on /opt/airflow/dags/driven_data_pipeline.py
[2025-07-06T01:51:18.158+0000] {processor.py:914} INFO - Processing file /opt/airflow/dags/driven_data_pipeline.py for tasks to queue
[2025-07-06T01:51:18.161+0000] {logging_mixin.py:190} INFO - [2025-07-06T01:51:18.161+0000] {dagbag.py:588} INFO - Filling up the DagBag from /opt/airflow/dags/driven_data_pipeline.py
[2025-07-06T01:51:18.396+0000] {processor.py:925} INFO - DAG(s) 'extract_raw_data_pipeline' retrieved from /opt/airflow/dags/driven_data_pipeline.py
[2025-07-06T01:51:18.422+0000] {logging_mixin.py:190} INFO - [2025-07-06T01:51:18.421+0000] {dag.py:3239} INFO - Sync 1 DAGs
[2025-07-06T01:51:18.442+0000] {logging_mixin.py:190} INFO - [2025-07-06T01:51:18.442+0000] {dag.py:4180} INFO - Setting next_dagrun for extract_raw_data_pipeline to 2025-07-05 07:59:00+00:00, run_after=2025-07-06 07:00:00+00:00
[2025-07-06T01:51:18.459+0000] {processor.py:208} INFO - Processing /opt/airflow/dags/driven_data_pipeline.py took 0.310 seconds
[2025-07-06T01:51:48.661+0000] {processor.py:186} INFO - Started process (PID=2099) to work on /opt/airflow/dags/driven_data_pipeline.py
[2025-07-06T01:51:48.662+0000] {processor.py:914} INFO - Processing file /opt/airflow/dags/driven_data_pipeline.py for tasks to queue
[2025-07-06T01:51:48.665+0000] {logging_mixin.py:190} INFO - [2025-07-06T01:51:48.665+0000] {dagbag.py:588} INFO - Filling up the DagBag from /opt/airflow/dags/driven_data_pipeline.py
[2025-07-06T01:51:48.857+0000] {processor.py:925} INFO - DAG(s) 'extract_raw_data_pipeline' retrieved from /opt/airflow/dags/driven_data_pipeline.py
[2025-07-06T01:51:48.883+0000] {logging_mixin.py:190} INFO - [2025-07-06T01:51:48.883+0000] {dag.py:3239} INFO - Sync 1 DAGs
[2025-07-06T01:51:48.905+0000] {logging_mixin.py:190} INFO - [2025-07-06T01:51:48.904+0000] {dag.py:4180} INFO - Setting next_dagrun for extract_raw_data_pipeline to 2025-07-05 07:59:00+00:00, run_after=2025-07-06 07:00:00+00:00
[2025-07-06T01:51:48.923+0000] {processor.py:208} INFO - Processing /opt/airflow/dags/driven_data_pipeline.py took 0.269 seconds
[2025-07-06T01:52:19.121+0000] {processor.py:186} INFO - Started process (PID=2107) to work on /opt/airflow/dags/driven_data_pipeline.py
[2025-07-06T01:52:19.122+0000] {processor.py:914} INFO - Processing file /opt/airflow/dags/driven_data_pipeline.py for tasks to queue
[2025-07-06T01:52:19.126+0000] {logging_mixin.py:190} INFO - [2025-07-06T01:52:19.125+0000] {dagbag.py:588} INFO - Filling up the DagBag from /opt/airflow/dags/driven_data_pipeline.py
[2025-07-06T01:52:19.298+0000] {processor.py:925} INFO - DAG(s) 'extract_raw_data_pipeline' retrieved from /opt/airflow/dags/driven_data_pipeline.py
[2025-07-06T01:52:19.323+0000] {logging_mixin.py:190} INFO - [2025-07-06T01:52:19.323+0000] {dag.py:3239} INFO - Sync 1 DAGs
[2025-07-06T01:52:19.344+0000] {logging_mixin.py:190} INFO - [2025-07-06T01:52:19.344+0000] {dag.py:4180} INFO - Setting next_dagrun for extract_raw_data_pipeline to 2025-07-05 07:59:00+00:00, run_after=2025-07-06 07:00:00+00:00
[2025-07-06T01:52:19.363+0000] {processor.py:208} INFO - Processing /opt/airflow/dags/driven_data_pipeline.py took 0.248 seconds
[2025-07-06T01:52:49.559+0000] {processor.py:186} INFO - Started process (PID=2115) to work on /opt/airflow/dags/driven_data_pipeline.py
[2025-07-06T01:52:49.561+0000] {processor.py:914} INFO - Processing file /opt/airflow/dags/driven_data_pipeline.py for tasks to queue
[2025-07-06T01:52:49.563+0000] {logging_mixin.py:190} INFO - [2025-07-06T01:52:49.563+0000] {dagbag.py:588} INFO - Filling up the DagBag from /opt/airflow/dags/driven_data_pipeline.py
[2025-07-06T01:52:49.747+0000] {processor.py:925} INFO - DAG(s) 'extract_raw_data_pipeline' retrieved from /opt/airflow/dags/driven_data_pipeline.py
[2025-07-06T01:52:49.778+0000] {logging_mixin.py:190} INFO - [2025-07-06T01:52:49.778+0000] {dag.py:3239} INFO - Sync 1 DAGs
[2025-07-06T01:52:49.801+0000] {logging_mixin.py:190} INFO - [2025-07-06T01:52:49.801+0000] {dag.py:4180} INFO - Setting next_dagrun for extract_raw_data_pipeline to 2025-07-05 07:59:00+00:00, run_after=2025-07-06 07:00:00+00:00
[2025-07-06T01:52:49.822+0000] {processor.py:208} INFO - Processing /opt/airflow/dags/driven_data_pipeline.py took 0.270 seconds
[2025-07-06T01:53:20.027+0000] {processor.py:186} INFO - Started process (PID=2123) to work on /opt/airflow/dags/driven_data_pipeline.py
[2025-07-06T01:53:20.028+0000] {processor.py:914} INFO - Processing file /opt/airflow/dags/driven_data_pipeline.py for tasks to queue
[2025-07-06T01:53:20.032+0000] {logging_mixin.py:190} INFO - [2025-07-06T01:53:20.031+0000] {dagbag.py:588} INFO - Filling up the DagBag from /opt/airflow/dags/driven_data_pipeline.py
[2025-07-06T01:53:20.212+0000] {processor.py:925} INFO - DAG(s) 'extract_raw_data_pipeline' retrieved from /opt/airflow/dags/driven_data_pipeline.py
[2025-07-06T01:53:20.238+0000] {logging_mixin.py:190} INFO - [2025-07-06T01:53:20.238+0000] {dag.py:3239} INFO - Sync 1 DAGs
[2025-07-06T01:53:20.260+0000] {logging_mixin.py:190} INFO - [2025-07-06T01:53:20.260+0000] {dag.py:4180} INFO - Setting next_dagrun for extract_raw_data_pipeline to 2025-07-05 07:59:00+00:00, run_after=2025-07-06 07:00:00+00:00
[2025-07-06T01:53:20.278+0000] {processor.py:208} INFO - Processing /opt/airflow/dags/driven_data_pipeline.py took 0.259 seconds
[2025-07-06T01:53:50.490+0000] {processor.py:186} INFO - Started process (PID=2132) to work on /opt/airflow/dags/driven_data_pipeline.py
[2025-07-06T01:53:50.491+0000] {processor.py:914} INFO - Processing file /opt/airflow/dags/driven_data_pipeline.py for tasks to queue
[2025-07-06T01:53:50.494+0000] {logging_mixin.py:190} INFO - [2025-07-06T01:53:50.494+0000] {dagbag.py:588} INFO - Filling up the DagBag from /opt/airflow/dags/driven_data_pipeline.py
[2025-07-06T01:53:50.671+0000] {processor.py:925} INFO - DAG(s) 'extract_raw_data_pipeline' retrieved from /opt/airflow/dags/driven_data_pipeline.py
[2025-07-06T01:53:50.698+0000] {logging_mixin.py:190} INFO - [2025-07-06T01:53:50.698+0000] {dag.py:3239} INFO - Sync 1 DAGs
[2025-07-06T01:53:50.721+0000] {logging_mixin.py:190} INFO - [2025-07-06T01:53:50.720+0000] {dag.py:4180} INFO - Setting next_dagrun for extract_raw_data_pipeline to 2025-07-05 07:59:00+00:00, run_after=2025-07-06 07:00:00+00:00
[2025-07-06T01:53:50.740+0000] {processor.py:208} INFO - Processing /opt/airflow/dags/driven_data_pipeline.py took 0.257 seconds
[2025-07-06T01:54:20.939+0000] {processor.py:186} INFO - Started process (PID=2140) to work on /opt/airflow/dags/driven_data_pipeline.py
[2025-07-06T01:54:20.940+0000] {processor.py:914} INFO - Processing file /opt/airflow/dags/driven_data_pipeline.py for tasks to queue
[2025-07-06T01:54:20.943+0000] {logging_mixin.py:190} INFO - [2025-07-06T01:54:20.943+0000] {dagbag.py:588} INFO - Filling up the DagBag from /opt/airflow/dags/driven_data_pipeline.py
[2025-07-06T01:54:21.114+0000] {processor.py:925} INFO - DAG(s) 'extract_raw_data_pipeline' retrieved from /opt/airflow/dags/driven_data_pipeline.py
[2025-07-06T01:54:21.139+0000] {logging_mixin.py:190} INFO - [2025-07-06T01:54:21.139+0000] {dag.py:3239} INFO - Sync 1 DAGs
[2025-07-06T01:54:21.161+0000] {logging_mixin.py:190} INFO - [2025-07-06T01:54:21.160+0000] {dag.py:4180} INFO - Setting next_dagrun for extract_raw_data_pipeline to 2025-07-05 07:59:00+00:00, run_after=2025-07-06 07:00:00+00:00
[2025-07-06T01:54:21.178+0000] {processor.py:208} INFO - Processing /opt/airflow/dags/driven_data_pipeline.py took 0.247 seconds
[2025-07-06T01:54:51.381+0000] {processor.py:186} INFO - Started process (PID=2148) to work on /opt/airflow/dags/driven_data_pipeline.py
[2025-07-06T01:54:51.383+0000] {processor.py:914} INFO - Processing file /opt/airflow/dags/driven_data_pipeline.py for tasks to queue
[2025-07-06T01:54:51.385+0000] {logging_mixin.py:190} INFO - [2025-07-06T01:54:51.385+0000] {dagbag.py:588} INFO - Filling up the DagBag from /opt/airflow/dags/driven_data_pipeline.py
[2025-07-06T01:54:51.557+0000] {processor.py:925} INFO - DAG(s) 'extract_raw_data_pipeline' retrieved from /opt/airflow/dags/driven_data_pipeline.py
[2025-07-06T01:54:51.583+0000] {logging_mixin.py:190} INFO - [2025-07-06T01:54:51.583+0000] {dag.py:3239} INFO - Sync 1 DAGs
[2025-07-06T01:54:51.603+0000] {logging_mixin.py:190} INFO - [2025-07-06T01:54:51.603+0000] {dag.py:4180} INFO - Setting next_dagrun for extract_raw_data_pipeline to 2025-07-05 07:59:00+00:00, run_after=2025-07-06 07:00:00+00:00
[2025-07-06T01:54:51.621+0000] {processor.py:208} INFO - Processing /opt/airflow/dags/driven_data_pipeline.py took 0.247 seconds
[2025-07-06T01:55:21.824+0000] {processor.py:186} INFO - Started process (PID=2156) to work on /opt/airflow/dags/driven_data_pipeline.py
[2025-07-06T01:55:21.825+0000] {processor.py:914} INFO - Processing file /opt/airflow/dags/driven_data_pipeline.py for tasks to queue
[2025-07-06T01:55:21.828+0000] {logging_mixin.py:190} INFO - [2025-07-06T01:55:21.828+0000] {dagbag.py:588} INFO - Filling up the DagBag from /opt/airflow/dags/driven_data_pipeline.py
[2025-07-06T01:55:22.002+0000] {processor.py:925} INFO - DAG(s) 'extract_raw_data_pipeline' retrieved from /opt/airflow/dags/driven_data_pipeline.py
[2025-07-06T01:55:22.026+0000] {logging_mixin.py:190} INFO - [2025-07-06T01:55:22.026+0000] {dag.py:3239} INFO - Sync 1 DAGs
[2025-07-06T01:55:22.046+0000] {logging_mixin.py:190} INFO - [2025-07-06T01:55:22.046+0000] {dag.py:4180} INFO - Setting next_dagrun for extract_raw_data_pipeline to 2025-07-05 07:59:00+00:00, run_after=2025-07-06 07:00:00+00:00
[2025-07-06T01:55:22.063+0000] {processor.py:208} INFO - Processing /opt/airflow/dags/driven_data_pipeline.py took 0.246 seconds
[2025-07-06T01:55:52.265+0000] {processor.py:186} INFO - Started process (PID=2165) to work on /opt/airflow/dags/driven_data_pipeline.py
[2025-07-06T01:55:52.266+0000] {processor.py:914} INFO - Processing file /opt/airflow/dags/driven_data_pipeline.py for tasks to queue
[2025-07-06T01:55:52.269+0000] {logging_mixin.py:190} INFO - [2025-07-06T01:55:52.269+0000] {dagbag.py:588} INFO - Filling up the DagBag from /opt/airflow/dags/driven_data_pipeline.py
[2025-07-06T01:55:52.442+0000] {processor.py:925} INFO - DAG(s) 'extract_raw_data_pipeline' retrieved from /opt/airflow/dags/driven_data_pipeline.py
[2025-07-06T01:55:52.468+0000] {logging_mixin.py:190} INFO - [2025-07-06T01:55:52.468+0000] {dag.py:3239} INFO - Sync 1 DAGs
[2025-07-06T01:55:52.490+0000] {logging_mixin.py:190} INFO - [2025-07-06T01:55:52.490+0000] {dag.py:4180} INFO - Setting next_dagrun for extract_raw_data_pipeline to 2025-07-05 07:59:00+00:00, run_after=2025-07-06 07:00:00+00:00
[2025-07-06T01:55:52.508+0000] {processor.py:208} INFO - Processing /opt/airflow/dags/driven_data_pipeline.py took 0.250 seconds
[2025-07-06T01:56:22.706+0000] {processor.py:186} INFO - Started process (PID=2173) to work on /opt/airflow/dags/driven_data_pipeline.py
[2025-07-06T01:56:22.707+0000] {processor.py:914} INFO - Processing file /opt/airflow/dags/driven_data_pipeline.py for tasks to queue
[2025-07-06T01:56:22.710+0000] {logging_mixin.py:190} INFO - [2025-07-06T01:56:22.710+0000] {dagbag.py:588} INFO - Filling up the DagBag from /opt/airflow/dags/driven_data_pipeline.py
[2025-07-06T01:56:22.883+0000] {processor.py:925} INFO - DAG(s) 'extract_raw_data_pipeline' retrieved from /opt/airflow/dags/driven_data_pipeline.py
[2025-07-06T01:56:22.908+0000] {logging_mixin.py:190} INFO - [2025-07-06T01:56:22.908+0000] {dag.py:3239} INFO - Sync 1 DAGs
[2025-07-06T01:56:22.929+0000] {logging_mixin.py:190} INFO - [2025-07-06T01:56:22.929+0000] {dag.py:4180} INFO - Setting next_dagrun for extract_raw_data_pipeline to 2025-07-05 07:59:00+00:00, run_after=2025-07-06 07:00:00+00:00
[2025-07-06T01:56:22.948+0000] {processor.py:208} INFO - Processing /opt/airflow/dags/driven_data_pipeline.py took 0.249 seconds
[2025-07-06T01:56:53.144+0000] {processor.py:186} INFO - Started process (PID=2181) to work on /opt/airflow/dags/driven_data_pipeline.py
[2025-07-06T01:56:53.145+0000] {processor.py:914} INFO - Processing file /opt/airflow/dags/driven_data_pipeline.py for tasks to queue
[2025-07-06T01:56:53.148+0000] {logging_mixin.py:190} INFO - [2025-07-06T01:56:53.148+0000] {dagbag.py:588} INFO - Filling up the DagBag from /opt/airflow/dags/driven_data_pipeline.py
[2025-07-06T01:56:53.321+0000] {processor.py:925} INFO - DAG(s) 'extract_raw_data_pipeline' retrieved from /opt/airflow/dags/driven_data_pipeline.py
[2025-07-06T01:56:53.346+0000] {logging_mixin.py:190} INFO - [2025-07-06T01:56:53.346+0000] {dag.py:3239} INFO - Sync 1 DAGs
[2025-07-06T01:56:53.366+0000] {logging_mixin.py:190} INFO - [2025-07-06T01:56:53.365+0000] {dag.py:4180} INFO - Setting next_dagrun for extract_raw_data_pipeline to 2025-07-05 07:59:00+00:00, run_after=2025-07-06 07:00:00+00:00
[2025-07-06T01:56:53.383+0000] {processor.py:208} INFO - Processing /opt/airflow/dags/driven_data_pipeline.py took 0.247 seconds
[2025-07-06T01:57:23.584+0000] {processor.py:186} INFO - Started process (PID=2189) to work on /opt/airflow/dags/driven_data_pipeline.py
[2025-07-06T01:57:23.585+0000] {processor.py:914} INFO - Processing file /opt/airflow/dags/driven_data_pipeline.py for tasks to queue
[2025-07-06T01:57:23.589+0000] {logging_mixin.py:190} INFO - [2025-07-06T01:57:23.588+0000] {dagbag.py:588} INFO - Filling up the DagBag from /opt/airflow/dags/driven_data_pipeline.py
[2025-07-06T01:57:23.778+0000] {processor.py:925} INFO - DAG(s) 'extract_raw_data_pipeline' retrieved from /opt/airflow/dags/driven_data_pipeline.py
[2025-07-06T01:57:23.805+0000] {logging_mixin.py:190} INFO - [2025-07-06T01:57:23.805+0000] {dag.py:3239} INFO - Sync 1 DAGs
[2025-07-06T01:57:23.827+0000] {logging_mixin.py:190} INFO - [2025-07-06T01:57:23.826+0000] {dag.py:4180} INFO - Setting next_dagrun for extract_raw_data_pipeline to 2025-07-05 07:59:00+00:00, run_after=2025-07-06 07:00:00+00:00
[2025-07-06T01:57:23.847+0000] {processor.py:208} INFO - Processing /opt/airflow/dags/driven_data_pipeline.py took 0.271 seconds
[2025-07-06T01:57:54.050+0000] {processor.py:186} INFO - Started process (PID=2198) to work on /opt/airflow/dags/driven_data_pipeline.py
[2025-07-06T01:57:54.051+0000] {processor.py:914} INFO - Processing file /opt/airflow/dags/driven_data_pipeline.py for tasks to queue
[2025-07-06T01:57:54.054+0000] {logging_mixin.py:190} INFO - [2025-07-06T01:57:54.054+0000] {dagbag.py:588} INFO - Filling up the DagBag from /opt/airflow/dags/driven_data_pipeline.py
[2025-07-06T01:57:54.234+0000] {processor.py:925} INFO - DAG(s) 'extract_raw_data_pipeline' retrieved from /opt/airflow/dags/driven_data_pipeline.py
[2025-07-06T01:57:54.260+0000] {logging_mixin.py:190} INFO - [2025-07-06T01:57:54.259+0000] {dag.py:3239} INFO - Sync 1 DAGs
[2025-07-06T01:57:54.281+0000] {logging_mixin.py:190} INFO - [2025-07-06T01:57:54.281+0000] {dag.py:4180} INFO - Setting next_dagrun for extract_raw_data_pipeline to 2025-07-05 07:59:00+00:00, run_after=2025-07-06 07:00:00+00:00
[2025-07-06T01:57:54.301+0000] {processor.py:208} INFO - Processing /opt/airflow/dags/driven_data_pipeline.py took 0.257 seconds
[2025-07-06T01:58:24.505+0000] {processor.py:186} INFO - Started process (PID=2206) to work on /opt/airflow/dags/driven_data_pipeline.py
[2025-07-06T01:58:24.507+0000] {processor.py:914} INFO - Processing file /opt/airflow/dags/driven_data_pipeline.py for tasks to queue
[2025-07-06T01:58:24.510+0000] {logging_mixin.py:190} INFO - [2025-07-06T01:58:24.509+0000] {dagbag.py:588} INFO - Filling up the DagBag from /opt/airflow/dags/driven_data_pipeline.py
[2025-07-06T01:58:24.685+0000] {processor.py:925} INFO - DAG(s) 'extract_raw_data_pipeline' retrieved from /opt/airflow/dags/driven_data_pipeline.py
[2025-07-06T01:58:24.713+0000] {logging_mixin.py:190} INFO - [2025-07-06T01:58:24.712+0000] {dag.py:3239} INFO - Sync 1 DAGs
[2025-07-06T01:58:24.734+0000] {logging_mixin.py:190} INFO - [2025-07-06T01:58:24.734+0000] {dag.py:4180} INFO - Setting next_dagrun for extract_raw_data_pipeline to 2025-07-05 07:59:00+00:00, run_after=2025-07-06 07:00:00+00:00
[2025-07-06T01:58:24.753+0000] {processor.py:208} INFO - Processing /opt/airflow/dags/driven_data_pipeline.py took 0.255 seconds
[2025-07-06T01:58:54.957+0000] {processor.py:186} INFO - Started process (PID=2214) to work on /opt/airflow/dags/driven_data_pipeline.py
[2025-07-06T01:58:54.958+0000] {processor.py:914} INFO - Processing file /opt/airflow/dags/driven_data_pipeline.py for tasks to queue
[2025-07-06T01:58:54.961+0000] {logging_mixin.py:190} INFO - [2025-07-06T01:58:54.960+0000] {dagbag.py:588} INFO - Filling up the DagBag from /opt/airflow/dags/driven_data_pipeline.py
[2025-07-06T01:58:55.136+0000] {processor.py:925} INFO - DAG(s) 'extract_raw_data_pipeline' retrieved from /opt/airflow/dags/driven_data_pipeline.py
[2025-07-06T01:58:55.161+0000] {logging_mixin.py:190} INFO - [2025-07-06T01:58:55.161+0000] {dag.py:3239} INFO - Sync 1 DAGs
[2025-07-06T01:58:55.181+0000] {logging_mixin.py:190} INFO - [2025-07-06T01:58:55.181+0000] {dag.py:4180} INFO - Setting next_dagrun for extract_raw_data_pipeline to 2025-07-05 07:59:00+00:00, run_after=2025-07-06 07:00:00+00:00
[2025-07-06T01:58:55.199+0000] {processor.py:208} INFO - Processing /opt/airflow/dags/driven_data_pipeline.py took 0.250 seconds
[2025-07-06T01:59:25.399+0000] {processor.py:186} INFO - Started process (PID=2222) to work on /opt/airflow/dags/driven_data_pipeline.py
[2025-07-06T01:59:25.401+0000] {processor.py:914} INFO - Processing file /opt/airflow/dags/driven_data_pipeline.py for tasks to queue
[2025-07-06T01:59:25.404+0000] {logging_mixin.py:190} INFO - [2025-07-06T01:59:25.403+0000] {dagbag.py:588} INFO - Filling up the DagBag from /opt/airflow/dags/driven_data_pipeline.py
[2025-07-06T01:59:25.576+0000] {processor.py:925} INFO - DAG(s) 'extract_raw_data_pipeline' retrieved from /opt/airflow/dags/driven_data_pipeline.py
[2025-07-06T01:59:25.601+0000] {logging_mixin.py:190} INFO - [2025-07-06T01:59:25.601+0000] {dag.py:3239} INFO - Sync 1 DAGs
[2025-07-06T01:59:25.621+0000] {logging_mixin.py:190} INFO - [2025-07-06T01:59:25.621+0000] {dag.py:4180} INFO - Setting next_dagrun for extract_raw_data_pipeline to 2025-07-05 07:59:00+00:00, run_after=2025-07-06 07:00:00+00:00
[2025-07-06T01:59:25.639+0000] {processor.py:208} INFO - Processing /opt/airflow/dags/driven_data_pipeline.py took 0.246 seconds
[2025-07-06T01:59:55.846+0000] {processor.py:186} INFO - Started process (PID=2230) to work on /opt/airflow/dags/driven_data_pipeline.py
[2025-07-06T01:59:55.847+0000] {processor.py:914} INFO - Processing file /opt/airflow/dags/driven_data_pipeline.py for tasks to queue
[2025-07-06T01:59:55.850+0000] {logging_mixin.py:190} INFO - [2025-07-06T01:59:55.849+0000] {dagbag.py:588} INFO - Filling up the DagBag from /opt/airflow/dags/driven_data_pipeline.py
[2025-07-06T01:59:56.065+0000] {processor.py:925} INFO - DAG(s) 'extract_raw_data_pipeline' retrieved from /opt/airflow/dags/driven_data_pipeline.py
[2025-07-06T01:59:56.100+0000] {logging_mixin.py:190} INFO - [2025-07-06T01:59:56.100+0000] {dag.py:3239} INFO - Sync 1 DAGs
[2025-07-06T01:59:56.132+0000] {logging_mixin.py:190} INFO - [2025-07-06T01:59:56.132+0000] {dag.py:4180} INFO - Setting next_dagrun for extract_raw_data_pipeline to 2025-07-05 07:59:00+00:00, run_after=2025-07-06 07:00:00+00:00
[2025-07-06T01:59:56.159+0000] {processor.py:208} INFO - Processing /opt/airflow/dags/driven_data_pipeline.py took 0.321 seconds
[2025-07-06T02:00:26.375+0000] {processor.py:186} INFO - Started process (PID=2238) to work on /opt/airflow/dags/driven_data_pipeline.py
[2025-07-06T02:00:26.377+0000] {processor.py:914} INFO - Processing file /opt/airflow/dags/driven_data_pipeline.py for tasks to queue
[2025-07-06T02:00:26.380+0000] {logging_mixin.py:190} INFO - [2025-07-06T02:00:26.379+0000] {dagbag.py:588} INFO - Filling up the DagBag from /opt/airflow/dags/driven_data_pipeline.py
[2025-07-06T02:00:26.569+0000] {processor.py:925} INFO - DAG(s) 'extract_raw_data_pipeline' retrieved from /opt/airflow/dags/driven_data_pipeline.py
[2025-07-06T02:00:26.597+0000] {logging_mixin.py:190} INFO - [2025-07-06T02:00:26.597+0000] {dag.py:3239} INFO - Sync 1 DAGs
[2025-07-06T02:00:26.625+0000] {logging_mixin.py:190} INFO - [2025-07-06T02:00:26.625+0000] {dag.py:4180} INFO - Setting next_dagrun for extract_raw_data_pipeline to 2025-07-05 07:59:00+00:00, run_after=2025-07-06 07:00:00+00:00
[2025-07-06T02:00:26.653+0000] {processor.py:208} INFO - Processing /opt/airflow/dags/driven_data_pipeline.py took 0.285 seconds
[2025-07-06T02:00:56.876+0000] {processor.py:186} INFO - Started process (PID=2247) to work on /opt/airflow/dags/driven_data_pipeline.py
[2025-07-06T02:00:56.877+0000] {processor.py:914} INFO - Processing file /opt/airflow/dags/driven_data_pipeline.py for tasks to queue
[2025-07-06T02:00:56.880+0000] {logging_mixin.py:190} INFO - [2025-07-06T02:00:56.880+0000] {dagbag.py:588} INFO - Filling up the DagBag from /opt/airflow/dags/driven_data_pipeline.py
[2025-07-06T02:00:57.091+0000] {processor.py:925} INFO - DAG(s) 'extract_raw_data_pipeline' retrieved from /opt/airflow/dags/driven_data_pipeline.py
[2025-07-06T02:00:57.122+0000] {logging_mixin.py:190} INFO - [2025-07-06T02:00:57.122+0000] {dag.py:3239} INFO - Sync 1 DAGs
[2025-07-06T02:00:57.146+0000] {logging_mixin.py:190} INFO - [2025-07-06T02:00:57.146+0000] {dag.py:4180} INFO - Setting next_dagrun for extract_raw_data_pipeline to 2025-07-05 07:59:00+00:00, run_after=2025-07-06 07:00:00+00:00
[2025-07-06T02:00:57.166+0000] {processor.py:208} INFO - Processing /opt/airflow/dags/driven_data_pipeline.py took 0.299 seconds
[2025-07-06T02:01:27.418+0000] {processor.py:186} INFO - Started process (PID=2255) to work on /opt/airflow/dags/driven_data_pipeline.py
[2025-07-06T02:01:27.420+0000] {processor.py:914} INFO - Processing file /opt/airflow/dags/driven_data_pipeline.py for tasks to queue
[2025-07-06T02:01:27.423+0000] {logging_mixin.py:190} INFO - [2025-07-06T02:01:27.422+0000] {dagbag.py:588} INFO - Filling up the DagBag from /opt/airflow/dags/driven_data_pipeline.py
[2025-07-06T02:01:27.613+0000] {processor.py:925} INFO - DAG(s) 'extract_raw_data_pipeline' retrieved from /opt/airflow/dags/driven_data_pipeline.py
[2025-07-06T02:01:27.641+0000] {logging_mixin.py:190} INFO - [2025-07-06T02:01:27.640+0000] {dag.py:3239} INFO - Sync 1 DAGs
[2025-07-06T02:01:27.662+0000] {logging_mixin.py:190} INFO - [2025-07-06T02:01:27.662+0000] {dag.py:4180} INFO - Setting next_dagrun for extract_raw_data_pipeline to 2025-07-05 07:59:00+00:00, run_after=2025-07-06 07:00:00+00:00
[2025-07-06T02:01:27.680+0000] {processor.py:208} INFO - Processing /opt/airflow/dags/driven_data_pipeline.py took 0.269 seconds
[2025-07-06T02:01:57.889+0000] {processor.py:186} INFO - Started process (PID=2263) to work on /opt/airflow/dags/driven_data_pipeline.py
[2025-07-06T02:01:57.890+0000] {processor.py:914} INFO - Processing file /opt/airflow/dags/driven_data_pipeline.py for tasks to queue
[2025-07-06T02:01:57.893+0000] {logging_mixin.py:190} INFO - [2025-07-06T02:01:57.892+0000] {dagbag.py:588} INFO - Filling up the DagBag from /opt/airflow/dags/driven_data_pipeline.py
[2025-07-06T02:01:58.068+0000] {processor.py:925} INFO - DAG(s) 'extract_raw_data_pipeline' retrieved from /opt/airflow/dags/driven_data_pipeline.py
[2025-07-06T02:01:58.094+0000] {logging_mixin.py:190} INFO - [2025-07-06T02:01:58.094+0000] {dag.py:3239} INFO - Sync 1 DAGs
[2025-07-06T02:01:58.117+0000] {logging_mixin.py:190} INFO - [2025-07-06T02:01:58.117+0000] {dag.py:4180} INFO - Setting next_dagrun for extract_raw_data_pipeline to 2025-07-05 07:59:00+00:00, run_after=2025-07-06 07:00:00+00:00
[2025-07-06T02:01:58.137+0000] {processor.py:208} INFO - Processing /opt/airflow/dags/driven_data_pipeline.py took 0.256 seconds
[2025-07-06T02:02:28.344+0000] {processor.py:186} INFO - Started process (PID=2271) to work on /opt/airflow/dags/driven_data_pipeline.py
[2025-07-06T02:02:28.345+0000] {processor.py:914} INFO - Processing file /opt/airflow/dags/driven_data_pipeline.py for tasks to queue
[2025-07-06T02:02:28.348+0000] {logging_mixin.py:190} INFO - [2025-07-06T02:02:28.348+0000] {dagbag.py:588} INFO - Filling up the DagBag from /opt/airflow/dags/driven_data_pipeline.py
[2025-07-06T02:02:28.529+0000] {processor.py:925} INFO - DAG(s) 'extract_raw_data_pipeline' retrieved from /opt/airflow/dags/driven_data_pipeline.py
[2025-07-06T02:02:28.554+0000] {logging_mixin.py:190} INFO - [2025-07-06T02:02:28.554+0000] {dag.py:3239} INFO - Sync 1 DAGs
[2025-07-06T02:02:28.576+0000] {logging_mixin.py:190} INFO - [2025-07-06T02:02:28.576+0000] {dag.py:4180} INFO - Setting next_dagrun for extract_raw_data_pipeline to 2025-07-05 07:59:00+00:00, run_after=2025-07-06 07:00:00+00:00
[2025-07-06T02:02:28.593+0000] {processor.py:208} INFO - Processing /opt/airflow/dags/driven_data_pipeline.py took 0.256 seconds
[2025-07-06T02:02:58.804+0000] {processor.py:186} INFO - Started process (PID=2279) to work on /opt/airflow/dags/driven_data_pipeline.py
[2025-07-06T02:02:58.805+0000] {processor.py:914} INFO - Processing file /opt/airflow/dags/driven_data_pipeline.py for tasks to queue
[2025-07-06T02:02:58.808+0000] {logging_mixin.py:190} INFO - [2025-07-06T02:02:58.807+0000] {dagbag.py:588} INFO - Filling up the DagBag from /opt/airflow/dags/driven_data_pipeline.py
[2025-07-06T02:02:58.997+0000] {processor.py:925} INFO - DAG(s) 'extract_raw_data_pipeline' retrieved from /opt/airflow/dags/driven_data_pipeline.py
[2025-07-06T02:02:59.023+0000] {logging_mixin.py:190} INFO - [2025-07-06T02:02:59.022+0000] {dag.py:3239} INFO - Sync 1 DAGs
[2025-07-06T02:02:59.043+0000] {logging_mixin.py:190} INFO - [2025-07-06T02:02:59.043+0000] {dag.py:4180} INFO - Setting next_dagrun for extract_raw_data_pipeline to 2025-07-05 07:59:00+00:00, run_after=2025-07-06 07:00:00+00:00
[2025-07-06T02:02:59.062+0000] {processor.py:208} INFO - Processing /opt/airflow/dags/driven_data_pipeline.py took 0.266 seconds
[2025-07-06T02:03:29.299+0000] {processor.py:186} INFO - Started process (PID=2287) to work on /opt/airflow/dags/driven_data_pipeline.py
[2025-07-06T02:03:29.300+0000] {processor.py:914} INFO - Processing file /opt/airflow/dags/driven_data_pipeline.py for tasks to queue
[2025-07-06T02:03:29.303+0000] {logging_mixin.py:190} INFO - [2025-07-06T02:03:29.302+0000] {dagbag.py:588} INFO - Filling up the DagBag from /opt/airflow/dags/driven_data_pipeline.py
[2025-07-06T02:03:29.484+0000] {processor.py:925} INFO - DAG(s) 'extract_raw_data_pipeline' retrieved from /opt/airflow/dags/driven_data_pipeline.py
[2025-07-06T02:03:29.509+0000] {logging_mixin.py:190} INFO - [2025-07-06T02:03:29.508+0000] {dag.py:3239} INFO - Sync 1 DAGs
[2025-07-06T02:03:29.528+0000] {logging_mixin.py:190} INFO - [2025-07-06T02:03:29.528+0000] {dag.py:4180} INFO - Setting next_dagrun for extract_raw_data_pipeline to 2025-07-05 07:59:00+00:00, run_after=2025-07-06 07:00:00+00:00
[2025-07-06T02:03:29.547+0000] {processor.py:208} INFO - Processing /opt/airflow/dags/driven_data_pipeline.py took 0.256 seconds
[2025-07-06T02:03:59.749+0000] {processor.py:186} INFO - Started process (PID=2295) to work on /opt/airflow/dags/driven_data_pipeline.py
[2025-07-06T02:03:59.750+0000] {processor.py:914} INFO - Processing file /opt/airflow/dags/driven_data_pipeline.py for tasks to queue
[2025-07-06T02:03:59.753+0000] {logging_mixin.py:190} INFO - [2025-07-06T02:03:59.752+0000] {dagbag.py:588} INFO - Filling up the DagBag from /opt/airflow/dags/driven_data_pipeline.py
[2025-07-06T02:03:59.931+0000] {processor.py:925} INFO - DAG(s) 'extract_raw_data_pipeline' retrieved from /opt/airflow/dags/driven_data_pipeline.py
[2025-07-06T02:03:59.956+0000] {logging_mixin.py:190} INFO - [2025-07-06T02:03:59.956+0000] {dag.py:3239} INFO - Sync 1 DAGs
[2025-07-06T02:03:59.978+0000] {logging_mixin.py:190} INFO - [2025-07-06T02:03:59.978+0000] {dag.py:4180} INFO - Setting next_dagrun for extract_raw_data_pipeline to 2025-07-05 07:59:00+00:00, run_after=2025-07-06 07:00:00+00:00
[2025-07-06T02:03:59.995+0000] {processor.py:208} INFO - Processing /opt/airflow/dags/driven_data_pipeline.py took 0.253 seconds
[2025-07-06T02:04:30.193+0000] {processor.py:186} INFO - Started process (PID=2303) to work on /opt/airflow/dags/driven_data_pipeline.py
[2025-07-06T02:04:30.194+0000] {processor.py:914} INFO - Processing file /opt/airflow/dags/driven_data_pipeline.py for tasks to queue
[2025-07-06T02:04:30.197+0000] {logging_mixin.py:190} INFO - [2025-07-06T02:04:30.197+0000] {dagbag.py:588} INFO - Filling up the DagBag from /opt/airflow/dags/driven_data_pipeline.py
[2025-07-06T02:04:30.381+0000] {processor.py:925} INFO - DAG(s) 'extract_raw_data_pipeline' retrieved from /opt/airflow/dags/driven_data_pipeline.py
[2025-07-06T02:04:30.408+0000] {logging_mixin.py:190} INFO - [2025-07-06T02:04:30.408+0000] {dag.py:3239} INFO - Sync 1 DAGs
[2025-07-06T02:04:30.430+0000] {logging_mixin.py:190} INFO - [2025-07-06T02:04:30.430+0000] {dag.py:4180} INFO - Setting next_dagrun for extract_raw_data_pipeline to 2025-07-05 07:59:00+00:00, run_after=2025-07-06 07:00:00+00:00
[2025-07-06T02:04:30.450+0000] {processor.py:208} INFO - Processing /opt/airflow/dags/driven_data_pipeline.py took 0.264 seconds
[2025-07-06T02:05:00.656+0000] {processor.py:186} INFO - Started process (PID=2311) to work on /opt/airflow/dags/driven_data_pipeline.py
[2025-07-06T02:05:00.657+0000] {processor.py:914} INFO - Processing file /opt/airflow/dags/driven_data_pipeline.py for tasks to queue
[2025-07-06T02:05:00.660+0000] {logging_mixin.py:190} INFO - [2025-07-06T02:05:00.660+0000] {dagbag.py:588} INFO - Filling up the DagBag from /opt/airflow/dags/driven_data_pipeline.py
[2025-07-06T02:05:00.837+0000] {processor.py:925} INFO - DAG(s) 'extract_raw_data_pipeline' retrieved from /opt/airflow/dags/driven_data_pipeline.py
[2025-07-06T02:05:00.863+0000] {logging_mixin.py:190} INFO - [2025-07-06T02:05:00.863+0000] {dag.py:3239} INFO - Sync 1 DAGs
[2025-07-06T02:05:00.883+0000] {logging_mixin.py:190} INFO - [2025-07-06T02:05:00.883+0000] {dag.py:4180} INFO - Setting next_dagrun for extract_raw_data_pipeline to 2025-07-05 07:59:00+00:00, run_after=2025-07-06 07:00:00+00:00
[2025-07-06T02:05:00.902+0000] {processor.py:208} INFO - Processing /opt/airflow/dags/driven_data_pipeline.py took 0.253 seconds
[2025-07-06T02:05:31.126+0000] {processor.py:186} INFO - Started process (PID=2325) to work on /opt/airflow/dags/driven_data_pipeline.py
[2025-07-06T02:05:31.132+0000] {processor.py:914} INFO - Processing file /opt/airflow/dags/driven_data_pipeline.py for tasks to queue
[2025-07-06T02:05:31.143+0000] {logging_mixin.py:190} INFO - [2025-07-06T02:05:31.142+0000] {dagbag.py:588} INFO - Filling up the DagBag from /opt/airflow/dags/driven_data_pipeline.py
[2025-07-06T02:05:31.337+0000] {processor.py:925} INFO - DAG(s) 'extract_raw_data_pipeline' retrieved from /opt/airflow/dags/driven_data_pipeline.py
[2025-07-06T02:05:31.363+0000] {logging_mixin.py:190} INFO - [2025-07-06T02:05:31.363+0000] {dag.py:3239} INFO - Sync 1 DAGs
[2025-07-06T02:05:31.384+0000] {logging_mixin.py:190} INFO - [2025-07-06T02:05:31.384+0000] {dag.py:4180} INFO - Setting next_dagrun for extract_raw_data_pipeline to 2025-07-05 07:59:00+00:00, run_after=2025-07-06 07:00:00+00:00
[2025-07-06T02:05:31.402+0000] {processor.py:208} INFO - Processing /opt/airflow/dags/driven_data_pipeline.py took 0.296 seconds
[2025-07-06T02:06:01.612+0000] {processor.py:186} INFO - Started process (PID=2333) to work on /opt/airflow/dags/driven_data_pipeline.py
[2025-07-06T02:06:01.614+0000] {processor.py:914} INFO - Processing file /opt/airflow/dags/driven_data_pipeline.py for tasks to queue
[2025-07-06T02:06:01.617+0000] {logging_mixin.py:190} INFO - [2025-07-06T02:06:01.617+0000] {dagbag.py:588} INFO - Filling up the DagBag from /opt/airflow/dags/driven_data_pipeline.py
[2025-07-06T02:06:01.837+0000] {processor.py:925} INFO - DAG(s) 'extract_raw_data_pipeline' retrieved from /opt/airflow/dags/driven_data_pipeline.py
[2025-07-06T02:06:01.866+0000] {logging_mixin.py:190} INFO - [2025-07-06T02:06:01.866+0000] {dag.py:3239} INFO - Sync 1 DAGs
[2025-07-06T02:06:01.891+0000] {logging_mixin.py:190} INFO - [2025-07-06T02:06:01.891+0000] {dag.py:4180} INFO - Setting next_dagrun for extract_raw_data_pipeline to 2025-07-05 07:59:00+00:00, run_after=2025-07-06 07:00:00+00:00
[2025-07-06T02:06:01.912+0000] {processor.py:208} INFO - Processing /opt/airflow/dags/driven_data_pipeline.py took 0.308 seconds
[2025-07-06T02:06:32.140+0000] {processor.py:186} INFO - Started process (PID=2341) to work on /opt/airflow/dags/driven_data_pipeline.py
[2025-07-06T02:06:32.142+0000] {processor.py:914} INFO - Processing file /opt/airflow/dags/driven_data_pipeline.py for tasks to queue
[2025-07-06T02:06:32.145+0000] {logging_mixin.py:190} INFO - [2025-07-06T02:06:32.144+0000] {dagbag.py:588} INFO - Filling up the DagBag from /opt/airflow/dags/driven_data_pipeline.py
[2025-07-06T02:06:32.318+0000] {processor.py:925} INFO - DAG(s) 'extract_raw_data_pipeline' retrieved from /opt/airflow/dags/driven_data_pipeline.py
[2025-07-06T02:06:32.343+0000] {logging_mixin.py:190} INFO - [2025-07-06T02:06:32.343+0000] {dag.py:3239} INFO - Sync 1 DAGs
[2025-07-06T02:06:32.364+0000] {logging_mixin.py:190} INFO - [2025-07-06T02:06:32.364+0000] {dag.py:4180} INFO - Setting next_dagrun for extract_raw_data_pipeline to 2025-07-05 07:59:00+00:00, run_after=2025-07-06 07:00:00+00:00
[2025-07-06T02:06:32.382+0000] {processor.py:208} INFO - Processing /opt/airflow/dags/driven_data_pipeline.py took 0.249 seconds
[2025-07-06T02:07:02.606+0000] {processor.py:186} INFO - Started process (PID=2349) to work on /opt/airflow/dags/driven_data_pipeline.py
[2025-07-06T02:07:02.608+0000] {processor.py:914} INFO - Processing file /opt/airflow/dags/driven_data_pipeline.py for tasks to queue
[2025-07-06T02:07:02.612+0000] {logging_mixin.py:190} INFO - [2025-07-06T02:07:02.611+0000] {dagbag.py:588} INFO - Filling up the DagBag from /opt/airflow/dags/driven_data_pipeline.py
[2025-07-06T02:07:02.813+0000] {processor.py:925} INFO - DAG(s) 'extract_raw_data_pipeline' retrieved from /opt/airflow/dags/driven_data_pipeline.py
[2025-07-06T02:07:02.842+0000] {logging_mixin.py:190} INFO - [2025-07-06T02:07:02.842+0000] {dag.py:3239} INFO - Sync 1 DAGs
[2025-07-06T02:07:02.866+0000] {logging_mixin.py:190} INFO - [2025-07-06T02:07:02.866+0000] {dag.py:4180} INFO - Setting next_dagrun for extract_raw_data_pipeline to 2025-07-05 07:59:00+00:00, run_after=2025-07-06 07:00:00+00:00
[2025-07-06T02:07:02.886+0000] {processor.py:208} INFO - Processing /opt/airflow/dags/driven_data_pipeline.py took 0.289 seconds
[2025-07-06T02:07:33.097+0000] {processor.py:186} INFO - Started process (PID=2357) to work on /opt/airflow/dags/driven_data_pipeline.py
[2025-07-06T02:07:33.099+0000] {processor.py:914} INFO - Processing file /opt/airflow/dags/driven_data_pipeline.py for tasks to queue
[2025-07-06T02:07:33.102+0000] {logging_mixin.py:190} INFO - [2025-07-06T02:07:33.101+0000] {dagbag.py:588} INFO - Filling up the DagBag from /opt/airflow/dags/driven_data_pipeline.py
[2025-07-06T02:07:33.283+0000] {processor.py:925} INFO - DAG(s) 'extract_raw_data_pipeline' retrieved from /opt/airflow/dags/driven_data_pipeline.py
[2025-07-06T02:07:33.308+0000] {logging_mixin.py:190} INFO - [2025-07-06T02:07:33.308+0000] {dag.py:3239} INFO - Sync 1 DAGs
[2025-07-06T02:07:33.328+0000] {logging_mixin.py:190} INFO - [2025-07-06T02:07:33.328+0000] {dag.py:4180} INFO - Setting next_dagrun for extract_raw_data_pipeline to 2025-07-05 07:59:00+00:00, run_after=2025-07-06 07:00:00+00:00
[2025-07-06T02:07:33.346+0000] {processor.py:208} INFO - Processing /opt/airflow/dags/driven_data_pipeline.py took 0.256 seconds
[2025-07-06T02:08:03.572+0000] {processor.py:186} INFO - Started process (PID=2365) to work on /opt/airflow/dags/driven_data_pipeline.py
[2025-07-06T02:08:03.573+0000] {processor.py:914} INFO - Processing file /opt/airflow/dags/driven_data_pipeline.py for tasks to queue
[2025-07-06T02:08:03.576+0000] {logging_mixin.py:190} INFO - [2025-07-06T02:08:03.576+0000] {dagbag.py:588} INFO - Filling up the DagBag from /opt/airflow/dags/driven_data_pipeline.py
[2025-07-06T02:08:03.760+0000] {processor.py:925} INFO - DAG(s) 'extract_raw_data_pipeline' retrieved from /opt/airflow/dags/driven_data_pipeline.py
[2025-07-06T02:08:03.786+0000] {logging_mixin.py:190} INFO - [2025-07-06T02:08:03.786+0000] {dag.py:3239} INFO - Sync 1 DAGs
[2025-07-06T02:08:03.808+0000] {logging_mixin.py:190} INFO - [2025-07-06T02:08:03.807+0000] {dag.py:4180} INFO - Setting next_dagrun for extract_raw_data_pipeline to 2025-07-05 07:59:00+00:00, run_after=2025-07-06 07:00:00+00:00
[2025-07-06T02:08:03.826+0000] {processor.py:208} INFO - Processing /opt/airflow/dags/driven_data_pipeline.py took 0.262 seconds
[2025-07-06T02:08:34.034+0000] {processor.py:186} INFO - Started process (PID=2373) to work on /opt/airflow/dags/driven_data_pipeline.py
[2025-07-06T02:08:34.035+0000] {processor.py:914} INFO - Processing file /opt/airflow/dags/driven_data_pipeline.py for tasks to queue
[2025-07-06T02:08:34.038+0000] {logging_mixin.py:190} INFO - [2025-07-06T02:08:34.038+0000] {dagbag.py:588} INFO - Filling up the DagBag from /opt/airflow/dags/driven_data_pipeline.py
[2025-07-06T02:08:34.233+0000] {processor.py:925} INFO - DAG(s) 'extract_raw_data_pipeline' retrieved from /opt/airflow/dags/driven_data_pipeline.py
[2025-07-06T02:08:34.271+0000] {logging_mixin.py:190} INFO - [2025-07-06T02:08:34.270+0000] {dag.py:3239} INFO - Sync 1 DAGs
[2025-07-06T02:08:34.296+0000] {logging_mixin.py:190} INFO - [2025-07-06T02:08:34.296+0000] {dag.py:4180} INFO - Setting next_dagrun for extract_raw_data_pipeline to 2025-07-05 07:59:00+00:00, run_after=2025-07-06 07:00:00+00:00
[2025-07-06T02:08:34.316+0000] {processor.py:208} INFO - Processing /opt/airflow/dags/driven_data_pipeline.py took 0.290 seconds
[2025-07-06T02:09:04.525+0000] {processor.py:186} INFO - Started process (PID=2381) to work on /opt/airflow/dags/driven_data_pipeline.py
[2025-07-06T02:09:04.526+0000] {processor.py:914} INFO - Processing file /opt/airflow/dags/driven_data_pipeline.py for tasks to queue
[2025-07-06T02:09:04.529+0000] {logging_mixin.py:190} INFO - [2025-07-06T02:09:04.529+0000] {dagbag.py:588} INFO - Filling up the DagBag from /opt/airflow/dags/driven_data_pipeline.py
[2025-07-06T02:09:04.712+0000] {processor.py:925} INFO - DAG(s) 'extract_raw_data_pipeline' retrieved from /opt/airflow/dags/driven_data_pipeline.py
[2025-07-06T02:09:04.738+0000] {logging_mixin.py:190} INFO - [2025-07-06T02:09:04.738+0000] {dag.py:3239} INFO - Sync 1 DAGs
[2025-07-06T02:09:04.759+0000] {logging_mixin.py:190} INFO - [2025-07-06T02:09:04.759+0000] {dag.py:4180} INFO - Setting next_dagrun for extract_raw_data_pipeline to 2025-07-05 07:59:00+00:00, run_after=2025-07-06 07:00:00+00:00
[2025-07-06T02:09:04.778+0000] {processor.py:208} INFO - Processing /opt/airflow/dags/driven_data_pipeline.py took 0.261 seconds
[2025-07-06T02:09:34.979+0000] {processor.py:186} INFO - Started process (PID=2389) to work on /opt/airflow/dags/driven_data_pipeline.py
[2025-07-06T02:09:34.980+0000] {processor.py:914} INFO - Processing file /opt/airflow/dags/driven_data_pipeline.py for tasks to queue
[2025-07-06T02:09:34.983+0000] {logging_mixin.py:190} INFO - [2025-07-06T02:09:34.983+0000] {dagbag.py:588} INFO - Filling up the DagBag from /opt/airflow/dags/driven_data_pipeline.py
[2025-07-06T02:09:35.158+0000] {processor.py:925} INFO - DAG(s) 'extract_raw_data_pipeline' retrieved from /opt/airflow/dags/driven_data_pipeline.py
[2025-07-06T02:09:35.183+0000] {logging_mixin.py:190} INFO - [2025-07-06T02:09:35.183+0000] {dag.py:3239} INFO - Sync 1 DAGs
[2025-07-06T02:09:35.203+0000] {logging_mixin.py:190} INFO - [2025-07-06T02:09:35.203+0000] {dag.py:4180} INFO - Setting next_dagrun for extract_raw_data_pipeline to 2025-07-05 07:59:00+00:00, run_after=2025-07-06 07:00:00+00:00
[2025-07-06T02:09:35.222+0000] {processor.py:208} INFO - Processing /opt/airflow/dags/driven_data_pipeline.py took 0.250 seconds
[2025-07-06T02:10:05.422+0000] {processor.py:186} INFO - Started process (PID=2397) to work on /opt/airflow/dags/driven_data_pipeline.py
[2025-07-06T02:10:05.423+0000] {processor.py:914} INFO - Processing file /opt/airflow/dags/driven_data_pipeline.py for tasks to queue
[2025-07-06T02:10:05.426+0000] {logging_mixin.py:190} INFO - [2025-07-06T02:10:05.426+0000] {dagbag.py:588} INFO - Filling up the DagBag from /opt/airflow/dags/driven_data_pipeline.py
[2025-07-06T02:10:05.605+0000] {processor.py:925} INFO - DAG(s) 'extract_raw_data_pipeline' retrieved from /opt/airflow/dags/driven_data_pipeline.py
[2025-07-06T02:10:05.630+0000] {logging_mixin.py:190} INFO - [2025-07-06T02:10:05.630+0000] {dag.py:3239} INFO - Sync 1 DAGs
[2025-07-06T02:10:05.652+0000] {logging_mixin.py:190} INFO - [2025-07-06T02:10:05.652+0000] {dag.py:4180} INFO - Setting next_dagrun for extract_raw_data_pipeline to 2025-07-05 07:59:00+00:00, run_after=2025-07-06 07:00:00+00:00
[2025-07-06T02:10:05.670+0000] {processor.py:208} INFO - Processing /opt/airflow/dags/driven_data_pipeline.py took 0.255 seconds
[2025-07-06T02:10:35.873+0000] {processor.py:186} INFO - Started process (PID=2406) to work on /opt/airflow/dags/driven_data_pipeline.py
[2025-07-06T02:10:35.874+0000] {processor.py:914} INFO - Processing file /opt/airflow/dags/driven_data_pipeline.py for tasks to queue
[2025-07-06T02:10:35.877+0000] {logging_mixin.py:190} INFO - [2025-07-06T02:10:35.876+0000] {dagbag.py:588} INFO - Filling up the DagBag from /opt/airflow/dags/driven_data_pipeline.py
[2025-07-06T02:10:36.051+0000] {processor.py:925} INFO - DAG(s) 'extract_raw_data_pipeline' retrieved from /opt/airflow/dags/driven_data_pipeline.py
[2025-07-06T02:10:36.077+0000] {logging_mixin.py:190} INFO - [2025-07-06T02:10:36.077+0000] {dag.py:3239} INFO - Sync 1 DAGs
[2025-07-06T02:10:36.099+0000] {logging_mixin.py:190} INFO - [2025-07-06T02:10:36.099+0000] {dag.py:4180} INFO - Setting next_dagrun for extract_raw_data_pipeline to 2025-07-05 07:59:00+00:00, run_after=2025-07-06 07:00:00+00:00
[2025-07-06T02:10:36.118+0000] {processor.py:208} INFO - Processing /opt/airflow/dags/driven_data_pipeline.py took 0.252 seconds
[2025-07-06T02:11:06.322+0000] {processor.py:186} INFO - Started process (PID=2414) to work on /opt/airflow/dags/driven_data_pipeline.py
[2025-07-06T02:11:06.323+0000] {processor.py:914} INFO - Processing file /opt/airflow/dags/driven_data_pipeline.py for tasks to queue
[2025-07-06T02:11:06.326+0000] {logging_mixin.py:190} INFO - [2025-07-06T02:11:06.325+0000] {dagbag.py:588} INFO - Filling up the DagBag from /opt/airflow/dags/driven_data_pipeline.py
[2025-07-06T02:11:06.500+0000] {processor.py:925} INFO - DAG(s) 'extract_raw_data_pipeline' retrieved from /opt/airflow/dags/driven_data_pipeline.py
[2025-07-06T02:11:06.534+0000] {logging_mixin.py:190} INFO - [2025-07-06T02:11:06.534+0000] {dag.py:3239} INFO - Sync 1 DAGs
[2025-07-06T02:11:06.562+0000] {logging_mixin.py:190} INFO - [2025-07-06T02:11:06.561+0000] {dag.py:4180} INFO - Setting next_dagrun for extract_raw_data_pipeline to 2025-07-05 07:59:00+00:00, run_after=2025-07-06 07:00:00+00:00
[2025-07-06T02:11:06.587+0000] {processor.py:208} INFO - Processing /opt/airflow/dags/driven_data_pipeline.py took 0.272 seconds
