[0m01:42:50.868116 [debug] [MainThread]: Sending event: {'category': 'dbt', 'action': 'invocation', 'label': 'start', 'context': [<snowplow_tracker.self_describing_json.SelfDescribingJson object at 0x74946b913a10>, <snowplow_tracker.self_describing_json.SelfDescribingJson object at 0x74946a59ddc0>, <snowplow_tracker.self_describing_json.SelfDescribingJson object at 0x74946991b800>]}


============================== 01:42:50.903523 | c5c63c5f-7e93-49db-9d61-27b027c6a6c3 ==============================
[0m01:42:50.903523 [info ] [MainThread]: Running with dbt=1.8.0
[0m01:42:50.904320 [debug] [MainThread]: running dbt with arguments {'printer_width': '80', 'indirect_selection': 'eager', 'write_json': 'True', 'log_cache_events': 'False', 'partial_parse': 'True', 'cache_selected_only': 'False', 'profiles_dir': '/opt/airflow/dbt', 'version_check': 'True', 'debug': 'False', 'log_path': '/opt/airflow/dbt/logs', 'fail_fast': 'False', 'warn_error': 'None', 'use_colors': 'True', 'use_experimental_parser': 'False', 'no_print': 'None', 'quiet': 'False', 'log_format': 'default', 'static_parser': 'True', 'warn_error_options': 'WarnErrorOptions(include=[], exclude=[])', 'introspect': 'True', 'target_path': 'None', 'invocation_command': 'dbt run --select tag:staging', 'send_anonymous_usage_stats': 'True'}
[0m01:42:51.171456 [debug] [MainThread]: Sending event: {'category': 'dbt', 'action': 'project_id', 'label': 'c5c63c5f-7e93-49db-9d61-27b027c6a6c3', 'context': [<snowplow_tracker.self_describing_json.SelfDescribingJson object at 0x749468b81af0>]}
[0m01:42:51.229475 [debug] [MainThread]: Sending event: {'category': 'dbt', 'action': 'adapter_info', 'label': 'c5c63c5f-7e93-49db-9d61-27b027c6a6c3', 'context': [<snowplow_tracker.self_describing_json.SelfDescribingJson object at 0x74946a6b40e0>]}
[0m01:42:51.230802 [info ] [MainThread]: Registered adapter: postgres=1.8.2
[0m01:42:51.362323 [debug] [MainThread]: checksum: dbb12d416fdb55e3665e4828703bbedf40c5c90ed7ca6ff39bbbfb29b12b0a92, vars: {}, profile: , target: , version: 1.8.0
[0m01:42:51.365621 [info ] [MainThread]: Unable to do partial parsing because saved manifest not found. Starting full parse.
[0m01:42:51.366314 [debug] [MainThread]: Sending event: {'category': 'dbt', 'action': 'partial_parser', 'label': 'c5c63c5f-7e93-49db-9d61-27b027c6a6c3', 'context': [<snowplow_tracker.self_describing_json.SelfDescribingJson object at 0x749468b81a90>]}
[0m01:42:52.741312 [debug] [MainThread]: Sending event: {'category': 'dbt', 'action': 'load_project', 'label': 'c5c63c5f-7e93-49db-9d61-27b027c6a6c3', 'context': [<snowplow_tracker.self_describing_json.SelfDescribingJson object at 0x749468c46ab0>]}
[0m01:42:52.867080 [debug] [MainThread]: Sending event: {'category': 'dbt', 'action': 'resource_counts', 'label': 'c5c63c5f-7e93-49db-9d61-27b027c6a6c3', 'context': [<snowplow_tracker.self_describing_json.SelfDescribingJson object at 0x749467310260>]}
[0m01:42:52.867903 [info ] [MainThread]: Found 9 models, 10 sources, 428 macros
[0m01:42:52.868591 [debug] [MainThread]: Sending event: {'category': 'dbt', 'action': 'runnable_timing', 'label': 'c5c63c5f-7e93-49db-9d61-27b027c6a6c3', 'context': [<snowplow_tracker.self_describing_json.SelfDescribingJson object at 0x749467bc29f0>]}
[0m01:42:52.870904 [info ] [MainThread]: 
[0m01:42:52.871814 [debug] [MainThread]: Acquiring new postgres connection 'master'
[0m01:42:52.876708 [debug] [ThreadPool]: Acquiring new postgres connection 'list_airflow'
[0m01:42:52.928654 [debug] [ThreadPool]: Using postgres connection "list_airflow"
[0m01:42:52.929321 [debug] [ThreadPool]: On list_airflow: /* {"app": "dbt", "dbt_version": "1.8.0", "profile_name": "default", "target_name": "dev", "connection_name": "list_airflow"} */

    select distinct nspname from pg_namespace
  
[0m01:42:52.929778 [debug] [ThreadPool]: Opening a new connection, currently in state init
[0m01:42:52.935997 [debug] [ThreadPool]: SQL status: SELECT 5 in 0.006 seconds
[0m01:42:52.937558 [debug] [ThreadPool]: On list_airflow: Close
[0m01:42:52.938498 [debug] [ThreadPool]: Re-using an available connection from the pool (formerly list_airflow, now create_airflow_driven_staging)
[0m01:42:52.939191 [debug] [ThreadPool]: Creating schema "database: "airflow"
schema: "driven_staging"
"
[0m01:42:52.944344 [debug] [ThreadPool]: Using postgres connection "create_airflow_driven_staging"
[0m01:42:52.945520 [debug] [ThreadPool]: On create_airflow_driven_staging: BEGIN
[0m01:42:52.946033 [debug] [ThreadPool]: Opening a new connection, currently in state closed
[0m01:42:52.951224 [debug] [ThreadPool]: SQL status: BEGIN in 0.005 seconds
[0m01:42:52.951932 [debug] [ThreadPool]: Using postgres connection "create_airflow_driven_staging"
[0m01:42:52.952517 [debug] [ThreadPool]: On create_airflow_driven_staging: /* {"app": "dbt", "dbt_version": "1.8.0", "profile_name": "default", "target_name": "dev", "connection_name": "create_airflow_driven_staging"} */
create schema if not exists "driven_staging"
[0m01:42:52.954108 [debug] [ThreadPool]: SQL status: CREATE SCHEMA in 0.001 seconds
[0m01:42:52.955309 [debug] [ThreadPool]: On create_airflow_driven_staging: COMMIT
[0m01:42:52.955783 [debug] [ThreadPool]: Using postgres connection "create_airflow_driven_staging"
[0m01:42:52.956251 [debug] [ThreadPool]: On create_airflow_driven_staging: COMMIT
[0m01:42:52.960182 [debug] [ThreadPool]: SQL status: COMMIT in 0.003 seconds
[0m01:42:52.960740 [debug] [ThreadPool]: On create_airflow_driven_staging: Close
[0m01:42:52.963137 [debug] [ThreadPool]: Re-using an available connection from the pool (formerly create_airflow_driven_staging, now list_airflow_driven_trusted)
[0m01:42:52.969133 [debug] [ThreadPool]: Using postgres connection "list_airflow_driven_trusted"
[0m01:42:52.969731 [debug] [ThreadPool]: On list_airflow_driven_trusted: BEGIN
[0m01:42:52.970258 [debug] [ThreadPool]: Opening a new connection, currently in state closed
[0m01:42:52.975057 [debug] [ThreadPool]: SQL status: BEGIN in 0.005 seconds
[0m01:42:52.975678 [debug] [ThreadPool]: Using postgres connection "list_airflow_driven_trusted"
[0m01:42:52.976248 [debug] [ThreadPool]: On list_airflow_driven_trusted: /* {"app": "dbt", "dbt_version": "1.8.0", "profile_name": "default", "target_name": "dev", "connection_name": "list_airflow_driven_trusted"} */
select
      'airflow' as database,
      tablename as name,
      schemaname as schema,
      'table' as type
    from pg_tables
    where schemaname ilike 'driven_trusted'
    union all
    select
      'airflow' as database,
      viewname as name,
      schemaname as schema,
      'view' as type
    from pg_views
    where schemaname ilike 'driven_trusted'
    union all
    select
      'airflow' as database,
      matviewname as name,
      schemaname as schema,
      'materialized_view' as type
    from pg_matviews
    where schemaname ilike 'driven_trusted'
  
[0m01:42:52.984456 [debug] [ThreadPool]: SQL status: SELECT 0 in 0.007 seconds
[0m01:42:52.986343 [debug] [ThreadPool]: On list_airflow_driven_trusted: ROLLBACK
[0m01:42:52.987175 [debug] [ThreadPool]: On list_airflow_driven_trusted: Close
[0m01:42:52.988015 [debug] [ThreadPool]: Re-using an available connection from the pool (formerly list_airflow_driven_trusted, now list_airflow_driven_staging)
[0m01:42:52.990247 [debug] [ThreadPool]: Using postgres connection "list_airflow_driven_staging"
[0m01:42:52.990795 [debug] [ThreadPool]: On list_airflow_driven_staging: BEGIN
[0m01:42:52.991283 [debug] [ThreadPool]: Opening a new connection, currently in state closed
[0m01:42:52.996645 [debug] [ThreadPool]: SQL status: BEGIN in 0.005 seconds
[0m01:42:52.997352 [debug] [ThreadPool]: Using postgres connection "list_airflow_driven_staging"
[0m01:42:52.999187 [debug] [ThreadPool]: On list_airflow_driven_staging: /* {"app": "dbt", "dbt_version": "1.8.0", "profile_name": "default", "target_name": "dev", "connection_name": "list_airflow_driven_staging"} */
select
      'airflow' as database,
      tablename as name,
      schemaname as schema,
      'table' as type
    from pg_tables
    where schemaname ilike 'driven_staging'
    union all
    select
      'airflow' as database,
      viewname as name,
      schemaname as schema,
      'view' as type
    from pg_views
    where schemaname ilike 'driven_staging'
    union all
    select
      'airflow' as database,
      matviewname as name,
      schemaname as schema,
      'materialized_view' as type
    from pg_matviews
    where schemaname ilike 'driven_staging'
  
[0m01:42:53.003165 [debug] [ThreadPool]: SQL status: SELECT 0 in 0.003 seconds
[0m01:42:53.004650 [debug] [ThreadPool]: On list_airflow_driven_staging: ROLLBACK
[0m01:42:53.005288 [debug] [ThreadPool]: On list_airflow_driven_staging: Close
[0m01:42:53.010687 [debug] [MainThread]: Using postgres connection "master"
[0m01:42:53.011434 [debug] [MainThread]: On master: BEGIN
[0m01:42:53.012304 [debug] [MainThread]: Opening a new connection, currently in state init
[0m01:42:53.017740 [debug] [MainThread]: SQL status: BEGIN in 0.005 seconds
[0m01:42:53.018423 [debug] [MainThread]: Using postgres connection "master"
[0m01:42:53.019001 [debug] [MainThread]: On master: /* {"app": "dbt", "dbt_version": "1.8.0", "profile_name": "default", "target_name": "dev", "connection_name": "master"} */
with relation as (
        select
            pg_rewrite.ev_class as class,
            pg_rewrite.oid as id
        from pg_rewrite
    ),
    class as (
        select
            oid as id,
            relname as name,
            relnamespace as schema,
            relkind as kind
        from pg_class
    ),
    dependency as (
        select distinct
            pg_depend.objid as id,
            pg_depend.refobjid as ref
        from pg_depend
    ),
    schema as (
        select
            pg_namespace.oid as id,
            pg_namespace.nspname as name
        from pg_namespace
        where nspname != 'information_schema' and nspname not like 'pg\_%'
    ),
    referenced as (
        select
            relation.id AS id,
            referenced_class.name ,
            referenced_class.schema ,
            referenced_class.kind
        from relation
        join class as referenced_class on relation.class=referenced_class.id
        where referenced_class.kind in ('r', 'v', 'm')
    ),
    relationships as (
        select
            referenced.name as referenced_name,
            referenced.schema as referenced_schema_id,
            dependent_class.name as dependent_name,
            dependent_class.schema as dependent_schema_id,
            referenced.kind as kind
        from referenced
        join dependency on referenced.id=dependency.id
        join class as dependent_class on dependency.ref=dependent_class.id
        where
            (referenced.name != dependent_class.name or
             referenced.schema != dependent_class.schema)
    )

    select
        referenced_schema.name as referenced_schema,
        relationships.referenced_name as referenced_name,
        dependent_schema.name as dependent_schema,
        relationships.dependent_name as dependent_name
    from relationships
    join schema as dependent_schema on relationships.dependent_schema_id=dependent_schema.id
    join schema as referenced_schema on relationships.referenced_schema_id=referenced_schema.id
    group by referenced_schema, referenced_name, dependent_schema, dependent_name
    order by referenced_schema, referenced_name, dependent_schema, dependent_name;
[0m01:42:53.023615 [debug] [MainThread]: SQL status: SELECT 0 in 0.004 seconds
[0m01:42:53.025326 [debug] [MainThread]: Sending event: {'category': 'dbt', 'action': 'runnable_timing', 'label': 'c5c63c5f-7e93-49db-9d61-27b027c6a6c3', 'context': [<snowplow_tracker.self_describing_json.SelfDescribingJson object at 0x7494673ec320>]}
[0m01:42:53.026063 [debug] [MainThread]: On master: ROLLBACK
[0m01:42:53.026848 [debug] [MainThread]: Using postgres connection "master"
[0m01:42:53.027459 [debug] [MainThread]: On master: BEGIN
[0m01:42:53.028413 [debug] [MainThread]: SQL status: BEGIN in 0.000 seconds
[0m01:42:53.029019 [debug] [MainThread]: On master: COMMIT
[0m01:42:53.029571 [debug] [MainThread]: Using postgres connection "master"
[0m01:42:53.030209 [debug] [MainThread]: On master: COMMIT
[0m01:42:53.030891 [debug] [MainThread]: SQL status: COMMIT in 0.000 seconds
[0m01:42:53.031415 [debug] [MainThread]: On master: Close
[0m01:42:53.032180 [info ] [MainThread]: Concurrency: 1 threads (target='dev')
[0m01:42:53.032892 [info ] [MainThread]: 
[0m01:42:53.043631 [debug] [Thread-1 (]: Began running node model.dbt_driven_data.staging_dim_address
[0m01:42:53.044474 [info ] [Thread-1 (]: 1 of 5 START sql table model driven_staging.dim_address ........................ [RUN]
[0m01:42:53.045160 [debug] [Thread-1 (]: Re-using an available connection from the pool (formerly list_airflow_driven_staging, now model.dbt_driven_data.staging_dim_address)
[0m01:42:53.045821 [debug] [Thread-1 (]: Began compiling node model.dbt_driven_data.staging_dim_address
[0m01:42:53.104802 [debug] [Thread-1 (]: Writing injected SQL for node "model.dbt_driven_data.staging_dim_address"
[0m01:42:53.120064 [debug] [Thread-1 (]: Began executing node model.dbt_driven_data.staging_dim_address
[0m01:42:53.166869 [debug] [Thread-1 (]: Writing runtime sql for node "model.dbt_driven_data.staging_dim_address"
[0m01:42:53.189105 [debug] [Thread-1 (]: Using postgres connection "model.dbt_driven_data.staging_dim_address"
[0m01:42:53.190225 [debug] [Thread-1 (]: On model.dbt_driven_data.staging_dim_address: BEGIN
[0m01:42:53.191026 [debug] [Thread-1 (]: Opening a new connection, currently in state closed
[0m01:42:53.200787 [debug] [Thread-1 (]: SQL status: BEGIN in 0.010 seconds
[0m01:42:53.201688 [debug] [Thread-1 (]: Using postgres connection "model.dbt_driven_data.staging_dim_address"
[0m01:42:53.202759 [debug] [Thread-1 (]: On model.dbt_driven_data.staging_dim_address: /* {"app": "dbt", "dbt_version": "1.8.0", "profile_name": "default", "target_name": "dev", "node_id": "model.dbt_driven_data.staging_dim_address"} */

  
    

  create  table "airflow"."driven_staging"."dim_address__dbt_tmp"
  
  
    as
  
  (
     
 
WITH source_data AS ( 
    SELECT 
        unique_id, 
        address, 
        mac_address, 
        ip_address 
    FROM 
        "airflow"."driven_raw"."raw_batch_data" 
) 
 
SELECT 
    * 
FROM 
    source_data
  );
  
[0m01:42:53.221457 [debug] [Thread-1 (]: SQL status: SELECT 6893 in 0.018 seconds
[0m01:42:53.230140 [debug] [Thread-1 (]: Using postgres connection "model.dbt_driven_data.staging_dim_address"
[0m01:42:53.230966 [debug] [Thread-1 (]: On model.dbt_driven_data.staging_dim_address: /* {"app": "dbt", "dbt_version": "1.8.0", "profile_name": "default", "target_name": "dev", "node_id": "model.dbt_driven_data.staging_dim_address"} */
alter table "airflow"."driven_staging"."dim_address__dbt_tmp" rename to "dim_address"
[0m01:42:53.233230 [debug] [Thread-1 (]: SQL status: ALTER TABLE in 0.001 seconds
[0m01:42:53.255981 [debug] [Thread-1 (]: On model.dbt_driven_data.staging_dim_address: COMMIT
[0m01:42:53.256689 [debug] [Thread-1 (]: Using postgres connection "model.dbt_driven_data.staging_dim_address"
[0m01:42:53.257245 [debug] [Thread-1 (]: On model.dbt_driven_data.staging_dim_address: COMMIT
[0m01:42:53.273901 [debug] [Thread-1 (]: SQL status: COMMIT in 0.016 seconds
[0m01:42:53.280242 [debug] [Thread-1 (]: Applying DROP to: "airflow"."driven_staging"."dim_address__dbt_backup"
[0m01:42:53.286689 [debug] [Thread-1 (]: Using postgres connection "model.dbt_driven_data.staging_dim_address"
[0m01:42:53.287341 [debug] [Thread-1 (]: On model.dbt_driven_data.staging_dim_address: /* {"app": "dbt", "dbt_version": "1.8.0", "profile_name": "default", "target_name": "dev", "node_id": "model.dbt_driven_data.staging_dim_address"} */
drop table if exists "airflow"."driven_staging"."dim_address__dbt_backup" cascade
[0m01:42:53.288537 [debug] [Thread-1 (]: SQL status: DROP TABLE in 0.001 seconds
[0m01:42:53.291476 [debug] [Thread-1 (]: On model.dbt_driven_data.staging_dim_address: Close
[0m01:42:53.293059 [debug] [Thread-1 (]: Sending event: {'category': 'dbt', 'action': 'run_model', 'label': 'c5c63c5f-7e93-49db-9d61-27b027c6a6c3', 'context': [<snowplow_tracker.self_describing_json.SelfDescribingJson object at 0x74946771d9d0>]}
[0m01:42:53.294778 [info ] [Thread-1 (]: 1 of 5 OK created sql table model driven_staging.dim_address ................... [[32mSELECT 6893[0m in 0.25s]
[0m01:42:53.297077 [debug] [Thread-1 (]: Finished running node model.dbt_driven_data.staging_dim_address
[0m01:42:53.297863 [debug] [Thread-1 (]: Began running node model.dbt_driven_data.staging_dim_date
[0m01:42:53.298800 [info ] [Thread-1 (]: 2 of 5 START sql table model driven_staging.dim_date ........................... [RUN]
[0m01:42:53.300779 [debug] [Thread-1 (]: Re-using an available connection from the pool (formerly model.dbt_driven_data.staging_dim_address, now model.dbt_driven_data.staging_dim_date)
[0m01:42:53.301318 [debug] [Thread-1 (]: Began compiling node model.dbt_driven_data.staging_dim_date
[0m01:42:53.304540 [debug] [Thread-1 (]: Writing injected SQL for node "model.dbt_driven_data.staging_dim_date"
[0m01:42:53.312505 [debug] [Thread-1 (]: Began executing node model.dbt_driven_data.staging_dim_date
[0m01:42:53.316686 [debug] [Thread-1 (]: Writing runtime sql for node "model.dbt_driven_data.staging_dim_date"
[0m01:42:53.323640 [debug] [Thread-1 (]: Using postgres connection "model.dbt_driven_data.staging_dim_date"
[0m01:42:53.324206 [debug] [Thread-1 (]: On model.dbt_driven_data.staging_dim_date: BEGIN
[0m01:42:53.324695 [debug] [Thread-1 (]: Opening a new connection, currently in state closed
[0m01:42:53.330680 [debug] [Thread-1 (]: SQL status: BEGIN in 0.006 seconds
[0m01:42:53.331580 [debug] [Thread-1 (]: Using postgres connection "model.dbt_driven_data.staging_dim_date"
[0m01:42:53.332126 [debug] [Thread-1 (]: On model.dbt_driven_data.staging_dim_date: /* {"app": "dbt", "dbt_version": "1.8.0", "profile_name": "default", "target_name": "dev", "node_id": "model.dbt_driven_data.staging_dim_date"} */

  
    

  create  table "airflow"."driven_staging"."dim_date__dbt_tmp"
  
  
    as
  
  (
     
 
WITH source_data AS (
     SELECT 
        unique_id, 
        accessed_at 
    FROM 
        "airflow"."driven_raw"."raw_batch_data" 
) 
 
SELECT 
    * 
FROM 
    source_data
  );
  
[0m01:42:53.341172 [debug] [Thread-1 (]: SQL status: SELECT 6893 in 0.008 seconds
[0m01:42:53.344536 [debug] [Thread-1 (]: Using postgres connection "model.dbt_driven_data.staging_dim_date"
[0m01:42:53.345271 [debug] [Thread-1 (]: On model.dbt_driven_data.staging_dim_date: /* {"app": "dbt", "dbt_version": "1.8.0", "profile_name": "default", "target_name": "dev", "node_id": "model.dbt_driven_data.staging_dim_date"} */
alter table "airflow"."driven_staging"."dim_date__dbt_tmp" rename to "dim_date"
[0m01:42:53.346342 [debug] [Thread-1 (]: SQL status: ALTER TABLE in 0.001 seconds
[0m01:42:53.348146 [debug] [Thread-1 (]: On model.dbt_driven_data.staging_dim_date: COMMIT
[0m01:42:53.348796 [debug] [Thread-1 (]: Using postgres connection "model.dbt_driven_data.staging_dim_date"
[0m01:42:53.349454 [debug] [Thread-1 (]: On model.dbt_driven_data.staging_dim_date: COMMIT
[0m01:42:53.355101 [debug] [Thread-1 (]: SQL status: COMMIT in 0.005 seconds
[0m01:42:53.357538 [debug] [Thread-1 (]: Applying DROP to: "airflow"."driven_staging"."dim_date__dbt_backup"
[0m01:42:53.358458 [debug] [Thread-1 (]: Using postgres connection "model.dbt_driven_data.staging_dim_date"
[0m01:42:53.358949 [debug] [Thread-1 (]: On model.dbt_driven_data.staging_dim_date: /* {"app": "dbt", "dbt_version": "1.8.0", "profile_name": "default", "target_name": "dev", "node_id": "model.dbt_driven_data.staging_dim_date"} */
drop table if exists "airflow"."driven_staging"."dim_date__dbt_backup" cascade
[0m01:42:53.359775 [debug] [Thread-1 (]: SQL status: DROP TABLE in 0.000 seconds
[0m01:42:53.361476 [debug] [Thread-1 (]: On model.dbt_driven_data.staging_dim_date: Close
[0m01:42:53.362365 [debug] [Thread-1 (]: Sending event: {'category': 'dbt', 'action': 'run_model', 'label': 'c5c63c5f-7e93-49db-9d61-27b027c6a6c3', 'context': [<snowplow_tracker.self_describing_json.SelfDescribingJson object at 0x749468bd5df0>]}
[0m01:42:53.363169 [info ] [Thread-1 (]: 2 of 5 OK created sql table model driven_staging.dim_date ...................... [[32mSELECT 6893[0m in 0.06s]
[0m01:42:53.364016 [debug] [Thread-1 (]: Finished running node model.dbt_driven_data.staging_dim_date
[0m01:42:53.364736 [debug] [Thread-1 (]: Began running node model.dbt_driven_data.staging_dim_finance
[0m01:42:53.365511 [info ] [Thread-1 (]: 3 of 5 START sql table model driven_staging.dim_finance ........................ [RUN]
[0m01:42:53.366193 [debug] [Thread-1 (]: Re-using an available connection from the pool (formerly model.dbt_driven_data.staging_dim_date, now model.dbt_driven_data.staging_dim_finance)
[0m01:42:53.366724 [debug] [Thread-1 (]: Began compiling node model.dbt_driven_data.staging_dim_finance
[0m01:42:53.369847 [debug] [Thread-1 (]: Writing injected SQL for node "model.dbt_driven_data.staging_dim_finance"
[0m01:42:53.377720 [debug] [Thread-1 (]: Began executing node model.dbt_driven_data.staging_dim_finance
[0m01:42:53.383264 [debug] [Thread-1 (]: Writing runtime sql for node "model.dbt_driven_data.staging_dim_finance"
[0m01:42:53.391438 [debug] [Thread-1 (]: Using postgres connection "model.dbt_driven_data.staging_dim_finance"
[0m01:42:53.392128 [debug] [Thread-1 (]: On model.dbt_driven_data.staging_dim_finance: BEGIN
[0m01:42:53.392674 [debug] [Thread-1 (]: Opening a new connection, currently in state closed
[0m01:42:53.398293 [debug] [Thread-1 (]: SQL status: BEGIN in 0.005 seconds
[0m01:42:53.399141 [debug] [Thread-1 (]: Using postgres connection "model.dbt_driven_data.staging_dim_finance"
[0m01:42:53.399937 [debug] [Thread-1 (]: On model.dbt_driven_data.staging_dim_finance: /* {"app": "dbt", "dbt_version": "1.8.0", "profile_name": "default", "target_name": "dev", "node_id": "model.dbt_driven_data.staging_dim_finance"} */

  
    

  create  table "airflow"."driven_staging"."dim_finance__dbt_tmp"
  
  
    as
  
  (
     
 
WITH source_data AS ( 
    SELECT 
        unique_id, 
        iban 
    FROM 
        "airflow"."driven_raw"."raw_batch_data" 
) 
 
SELECT 
    * 
FROM 
    source_data
  );
  
[0m01:42:53.409616 [debug] [Thread-1 (]: SQL status: SELECT 6893 in 0.009 seconds
[0m01:42:53.414499 [debug] [Thread-1 (]: Using postgres connection "model.dbt_driven_data.staging_dim_finance"
[0m01:42:53.415362 [debug] [Thread-1 (]: On model.dbt_driven_data.staging_dim_finance: /* {"app": "dbt", "dbt_version": "1.8.0", "profile_name": "default", "target_name": "dev", "node_id": "model.dbt_driven_data.staging_dim_finance"} */
alter table "airflow"."driven_staging"."dim_finance__dbt_tmp" rename to "dim_finance"
[0m01:42:53.416508 [debug] [Thread-1 (]: SQL status: ALTER TABLE in 0.000 seconds
[0m01:42:53.418489 [debug] [Thread-1 (]: On model.dbt_driven_data.staging_dim_finance: COMMIT
[0m01:42:53.419051 [debug] [Thread-1 (]: Using postgres connection "model.dbt_driven_data.staging_dim_finance"
[0m01:42:53.419640 [debug] [Thread-1 (]: On model.dbt_driven_data.staging_dim_finance: COMMIT
[0m01:42:53.426105 [debug] [Thread-1 (]: SQL status: COMMIT in 0.006 seconds
[0m01:42:53.428900 [debug] [Thread-1 (]: Applying DROP to: "airflow"."driven_staging"."dim_finance__dbt_backup"
[0m01:42:53.430192 [debug] [Thread-1 (]: Using postgres connection "model.dbt_driven_data.staging_dim_finance"
[0m01:42:53.430771 [debug] [Thread-1 (]: On model.dbt_driven_data.staging_dim_finance: /* {"app": "dbt", "dbt_version": "1.8.0", "profile_name": "default", "target_name": "dev", "node_id": "model.dbt_driven_data.staging_dim_finance"} */
drop table if exists "airflow"."driven_staging"."dim_finance__dbt_backup" cascade
[0m01:42:53.431689 [debug] [Thread-1 (]: SQL status: DROP TABLE in 0.000 seconds
[0m01:42:53.433348 [debug] [Thread-1 (]: On model.dbt_driven_data.staging_dim_finance: Close
[0m01:42:53.434108 [debug] [Thread-1 (]: Sending event: {'category': 'dbt', 'action': 'run_model', 'label': 'c5c63c5f-7e93-49db-9d61-27b027c6a6c3', 'context': [<snowplow_tracker.self_describing_json.SelfDescribingJson object at 0x749465353470>]}
[0m01:42:53.434835 [info ] [Thread-1 (]: 3 of 5 OK created sql table model driven_staging.dim_finance ................... [[32mSELECT 6893[0m in 0.07s]
[0m01:42:53.435645 [debug] [Thread-1 (]: Finished running node model.dbt_driven_data.staging_dim_finance
[0m01:42:53.436343 [debug] [Thread-1 (]: Began running node model.dbt_driven_data.staging_dim_person
[0m01:42:53.436967 [info ] [Thread-1 (]: 4 of 5 START sql table model driven_staging.dim_person ......................... [RUN]
[0m01:42:53.437610 [debug] [Thread-1 (]: Re-using an available connection from the pool (formerly model.dbt_driven_data.staging_dim_finance, now model.dbt_driven_data.staging_dim_person)
[0m01:42:53.438188 [debug] [Thread-1 (]: Began compiling node model.dbt_driven_data.staging_dim_person
[0m01:42:53.441274 [debug] [Thread-1 (]: Writing injected SQL for node "model.dbt_driven_data.staging_dim_person"
[0m01:42:53.449363 [debug] [Thread-1 (]: Began executing node model.dbt_driven_data.staging_dim_person
[0m01:42:53.453055 [debug] [Thread-1 (]: Writing runtime sql for node "model.dbt_driven_data.staging_dim_person"
[0m01:42:53.459864 [debug] [Thread-1 (]: Using postgres connection "model.dbt_driven_data.staging_dim_person"
[0m01:42:53.460706 [debug] [Thread-1 (]: On model.dbt_driven_data.staging_dim_person: BEGIN
[0m01:42:53.461324 [debug] [Thread-1 (]: Opening a new connection, currently in state closed
[0m01:42:53.466677 [debug] [Thread-1 (]: SQL status: BEGIN in 0.005 seconds
[0m01:42:53.467467 [debug] [Thread-1 (]: Using postgres connection "model.dbt_driven_data.staging_dim_person"
[0m01:42:53.468098 [debug] [Thread-1 (]: On model.dbt_driven_data.staging_dim_person: /* {"app": "dbt", "dbt_version": "1.8.0", "profile_name": "default", "target_name": "dev", "node_id": "model.dbt_driven_data.staging_dim_person"} */

  
    

  create  table "airflow"."driven_staging"."dim_person__dbt_tmp"
  
  
    as
  
  (
     
 
WITH source_data AS ( 
    SELECT 
        unique_id, 
        person_name, 
        user_name, 
        email, 
        phone, 
        birth_date, 
        personal_number 
    FROM 
        "airflow"."driven_raw"."raw_batch_data" 
) 
 
SELECT 
    * 
FROM 
    source_data
  );
  
[0m01:42:53.490292 [debug] [Thread-1 (]: SQL status: SELECT 6893 in 0.022 seconds
[0m01:42:53.493362 [debug] [Thread-1 (]: Using postgres connection "model.dbt_driven_data.staging_dim_person"
[0m01:42:53.494176 [debug] [Thread-1 (]: On model.dbt_driven_data.staging_dim_person: /* {"app": "dbt", "dbt_version": "1.8.0", "profile_name": "default", "target_name": "dev", "node_id": "model.dbt_driven_data.staging_dim_person"} */
alter table "airflow"."driven_staging"."dim_person__dbt_tmp" rename to "dim_person"
[0m01:42:53.495281 [debug] [Thread-1 (]: SQL status: ALTER TABLE in 0.000 seconds
[0m01:42:53.497001 [debug] [Thread-1 (]: On model.dbt_driven_data.staging_dim_person: COMMIT
[0m01:42:53.497727 [debug] [Thread-1 (]: Using postgres connection "model.dbt_driven_data.staging_dim_person"
[0m01:42:53.498482 [debug] [Thread-1 (]: On model.dbt_driven_data.staging_dim_person: COMMIT
[0m01:42:53.505342 [debug] [Thread-1 (]: SQL status: COMMIT in 0.006 seconds
[0m01:42:53.507859 [debug] [Thread-1 (]: Applying DROP to: "airflow"."driven_staging"."dim_person__dbt_backup"
[0m01:42:53.508724 [debug] [Thread-1 (]: Using postgres connection "model.dbt_driven_data.staging_dim_person"
[0m01:42:53.509211 [debug] [Thread-1 (]: On model.dbt_driven_data.staging_dim_person: /* {"app": "dbt", "dbt_version": "1.8.0", "profile_name": "default", "target_name": "dev", "node_id": "model.dbt_driven_data.staging_dim_person"} */
drop table if exists "airflow"."driven_staging"."dim_person__dbt_backup" cascade
[0m01:42:53.509934 [debug] [Thread-1 (]: SQL status: DROP TABLE in 0.000 seconds
[0m01:42:53.512478 [debug] [Thread-1 (]: On model.dbt_driven_data.staging_dim_person: Close
[0m01:42:53.513213 [debug] [Thread-1 (]: Sending event: {'category': 'dbt', 'action': 'run_model', 'label': 'c5c63c5f-7e93-49db-9d61-27b027c6a6c3', 'context': [<snowplow_tracker.self_describing_json.SelfDescribingJson object at 0x749468c9ecc0>]}
[0m01:42:53.513908 [info ] [Thread-1 (]: 4 of 5 OK created sql table model driven_staging.dim_person .................... [[32mSELECT 6893[0m in 0.08s]
[0m01:42:53.514933 [debug] [Thread-1 (]: Finished running node model.dbt_driven_data.staging_dim_person
[0m01:42:53.515528 [debug] [Thread-1 (]: Began running node model.dbt_driven_data.staging_fact_network_usage
[0m01:42:53.516168 [info ] [Thread-1 (]: 5 of 5 START sql table model driven_staging.fact_network_usage ................. [RUN]
[0m01:42:53.516801 [debug] [Thread-1 (]: Re-using an available connection from the pool (formerly model.dbt_driven_data.staging_dim_person, now model.dbt_driven_data.staging_fact_network_usage)
[0m01:42:53.517303 [debug] [Thread-1 (]: Began compiling node model.dbt_driven_data.staging_fact_network_usage
[0m01:42:53.520383 [debug] [Thread-1 (]: Writing injected SQL for node "model.dbt_driven_data.staging_fact_network_usage"
[0m01:42:53.527525 [debug] [Thread-1 (]: Began executing node model.dbt_driven_data.staging_fact_network_usage
[0m01:42:53.531755 [debug] [Thread-1 (]: Writing runtime sql for node "model.dbt_driven_data.staging_fact_network_usage"
[0m01:42:53.538683 [debug] [Thread-1 (]: Using postgres connection "model.dbt_driven_data.staging_fact_network_usage"
[0m01:42:53.539247 [debug] [Thread-1 (]: On model.dbt_driven_data.staging_fact_network_usage: BEGIN
[0m01:42:53.539710 [debug] [Thread-1 (]: Opening a new connection, currently in state closed
[0m01:42:53.545510 [debug] [Thread-1 (]: SQL status: BEGIN in 0.006 seconds
[0m01:42:53.546583 [debug] [Thread-1 (]: Using postgres connection "model.dbt_driven_data.staging_fact_network_usage"
[0m01:42:53.547280 [debug] [Thread-1 (]: On model.dbt_driven_data.staging_fact_network_usage: /* {"app": "dbt", "dbt_version": "1.8.0", "profile_name": "default", "target_name": "dev", "node_id": "model.dbt_driven_data.staging_fact_network_usage"} */

  
    

  create  table "airflow"."driven_staging"."fact_network_usage__dbt_tmp"
  
  
    as
  
  (
     
 
WITH source_data AS ( 
    SELECT 
        unique_id, 
        session_duration, 
        download_speed, 
        upload_speed, 
        consumed_traffic 
    FROM 
        "airflow"."driven_raw"."raw_batch_data" 
) 
 
SELECT 
    * 
FROM 
    source_data
  );
  
[0m01:42:53.557081 [debug] [Thread-1 (]: SQL status: SELECT 6893 in 0.009 seconds
[0m01:42:53.560703 [debug] [Thread-1 (]: Using postgres connection "model.dbt_driven_data.staging_fact_network_usage"
[0m01:42:53.561390 [debug] [Thread-1 (]: On model.dbt_driven_data.staging_fact_network_usage: /* {"app": "dbt", "dbt_version": "1.8.0", "profile_name": "default", "target_name": "dev", "node_id": "model.dbt_driven_data.staging_fact_network_usage"} */
alter table "airflow"."driven_staging"."fact_network_usage__dbt_tmp" rename to "fact_network_usage"
[0m01:42:53.562611 [debug] [Thread-1 (]: SQL status: ALTER TABLE in 0.000 seconds
[0m01:42:53.564643 [debug] [Thread-1 (]: On model.dbt_driven_data.staging_fact_network_usage: COMMIT
[0m01:42:53.565328 [debug] [Thread-1 (]: Using postgres connection "model.dbt_driven_data.staging_fact_network_usage"
[0m01:42:53.565865 [debug] [Thread-1 (]: On model.dbt_driven_data.staging_fact_network_usage: COMMIT
[0m01:42:53.571239 [debug] [Thread-1 (]: SQL status: COMMIT in 0.005 seconds
[0m01:42:53.573523 [debug] [Thread-1 (]: Applying DROP to: "airflow"."driven_staging"."fact_network_usage__dbt_backup"
[0m01:42:53.574436 [debug] [Thread-1 (]: Using postgres connection "model.dbt_driven_data.staging_fact_network_usage"
[0m01:42:53.574937 [debug] [Thread-1 (]: On model.dbt_driven_data.staging_fact_network_usage: /* {"app": "dbt", "dbt_version": "1.8.0", "profile_name": "default", "target_name": "dev", "node_id": "model.dbt_driven_data.staging_fact_network_usage"} */
drop table if exists "airflow"."driven_staging"."fact_network_usage__dbt_backup" cascade
[0m01:42:53.575729 [debug] [Thread-1 (]: SQL status: DROP TABLE in 0.000 seconds
[0m01:42:53.577515 [debug] [Thread-1 (]: On model.dbt_driven_data.staging_fact_network_usage: Close
[0m01:42:53.578581 [debug] [Thread-1 (]: Sending event: {'category': 'dbt', 'action': 'run_model', 'label': 'c5c63c5f-7e93-49db-9d61-27b027c6a6c3', 'context': [<snowplow_tracker.self_describing_json.SelfDescribingJson object at 0x749467732120>]}
[0m01:42:53.579420 [info ] [Thread-1 (]: 5 of 5 OK created sql table model driven_staging.fact_network_usage ............ [[32mSELECT 6893[0m in 0.06s]
[0m01:42:53.580290 [debug] [Thread-1 (]: Finished running node model.dbt_driven_data.staging_fact_network_usage
[0m01:42:53.582296 [debug] [MainThread]: Using postgres connection "master"
[0m01:42:53.582869 [debug] [MainThread]: On master: BEGIN
[0m01:42:53.583392 [debug] [MainThread]: Opening a new connection, currently in state closed
[0m01:42:53.588171 [debug] [MainThread]: SQL status: BEGIN in 0.005 seconds
[0m01:42:53.588785 [debug] [MainThread]: On master: COMMIT
[0m01:42:53.589509 [debug] [MainThread]: Using postgres connection "master"
[0m01:42:53.590151 [debug] [MainThread]: On master: COMMIT
[0m01:42:53.591043 [debug] [MainThread]: SQL status: COMMIT in 0.000 seconds
[0m01:42:53.591737 [debug] [MainThread]: On master: Close
[0m01:42:53.592513 [debug] [MainThread]: Connection 'master' was properly closed.
[0m01:42:53.593088 [debug] [MainThread]: Connection 'model.dbt_driven_data.staging_fact_network_usage' was properly closed.
[0m01:42:53.596033 [info ] [MainThread]: 
[0m01:42:53.596773 [info ] [MainThread]: Finished running 5 table models in 0 hours 0 minutes and 0.72 seconds (0.72s).
[0m01:42:53.598857 [debug] [MainThread]: Command end result
[0m01:42:53.650135 [info ] [MainThread]: 
[0m01:42:53.651009 [info ] [MainThread]: [32mCompleted successfully[0m
[0m01:42:53.651706 [info ] [MainThread]: 
[0m01:42:53.652296 [info ] [MainThread]: Done. PASS=5 WARN=0 ERROR=0 SKIP=0 TOTAL=5
[0m01:42:53.653598 [debug] [MainThread]: Resource report: {"command_name": "run", "command_success": true, "command_wall_clock_time": 2.887791, "process_user_time": 4.027338, "process_kernel_time": 0.691886, "process_mem_max_rss": "123852", "process_out_blocks": "4056", "process_in_blocks": "0"}
[0m01:42:53.654341 [debug] [MainThread]: Command `dbt run` succeeded at 01:42:53.654229 after 2.89 seconds
[0m01:42:53.654949 [debug] [MainThread]: Sending event: {'category': 'dbt', 'action': 'invocation', 'label': 'end', 'context': [<snowplow_tracker.self_describing_json.SelfDescribingJson object at 0x749469852000>, <snowplow_tracker.self_describing_json.SelfDescribingJson object at 0x749465283c20>, <snowplow_tracker.self_describing_json.SelfDescribingJson object at 0x749465288320>]}
[0m01:42:53.655515 [debug] [MainThread]: Flushing usage events
[0m01:42:57.334759 [debug] [MainThread]: Sending event: {'category': 'dbt', 'action': 'invocation', 'label': 'start', 'context': [<snowplow_tracker.self_describing_json.SelfDescribingJson object at 0x76bbc534df70>, <snowplow_tracker.self_describing_json.SelfDescribingJson object at 0x76bbc37458e0>, <snowplow_tracker.self_describing_json.SelfDescribingJson object at 0x76bbc3a365a0>]}


============================== 01:42:57.346292 | 48740dd6-3033-4661-b3bd-0066664d0173 ==============================
[0m01:42:57.346292 [info ] [MainThread]: Running with dbt=1.8.0
[0m01:42:57.347117 [debug] [MainThread]: running dbt with arguments {'printer_width': '80', 'indirect_selection': 'eager', 'write_json': 'True', 'log_cache_events': 'False', 'partial_parse': 'True', 'cache_selected_only': 'False', 'profiles_dir': '/opt/airflow/dbt', 'version_check': 'True', 'debug': 'False', 'log_path': '/opt/airflow/dbt/logs', 'warn_error': 'None', 'fail_fast': 'False', 'use_colors': 'True', 'use_experimental_parser': 'False', 'no_print': 'None', 'quiet': 'False', 'warn_error_options': 'WarnErrorOptions(include=[], exclude=[])', 'static_parser': 'True', 'log_format': 'default', 'introspect': 'True', 'target_path': 'None', 'invocation_command': 'dbt run --select tag:trusted', 'send_anonymous_usage_stats': 'True'}
[0m01:42:57.572720 [debug] [MainThread]: Sending event: {'category': 'dbt', 'action': 'project_id', 'label': '48740dd6-3033-4661-b3bd-0066664d0173', 'context': [<snowplow_tracker.self_describing_json.SelfDescribingJson object at 0x76bbc327af00>]}
[0m01:42:57.632550 [debug] [MainThread]: Sending event: {'category': 'dbt', 'action': 'adapter_info', 'label': '48740dd6-3033-4661-b3bd-0066664d0173', 'context': [<snowplow_tracker.self_describing_json.SelfDescribingJson object at 0x76bbc3ece570>]}
[0m01:42:57.633708 [info ] [MainThread]: Registered adapter: postgres=1.8.2
[0m01:42:57.783768 [debug] [MainThread]: checksum: dbb12d416fdb55e3665e4828703bbedf40c5c90ed7ca6ff39bbbfb29b12b0a92, vars: {}, profile: , target: , version: 1.8.0
[0m01:42:58.044217 [debug] [MainThread]: Partial parsing enabled: 0 files deleted, 0 files added, 0 files changed.
[0m01:42:58.045066 [debug] [MainThread]: Partial parsing enabled, no changes found, skipping parsing
[0m01:42:58.082528 [debug] [MainThread]: Sending event: {'category': 'dbt', 'action': 'load_project', 'label': '48740dd6-3033-4661-b3bd-0066664d0173', 'context': [<snowplow_tracker.self_describing_json.SelfDescribingJson object at 0x76bbc44e2240>]}
[0m01:42:58.203583 [debug] [MainThread]: Sending event: {'category': 'dbt', 'action': 'resource_counts', 'label': '48740dd6-3033-4661-b3bd-0066664d0173', 'context': [<snowplow_tracker.self_describing_json.SelfDescribingJson object at 0x76bbc1735ca0>]}
[0m01:42:58.204479 [info ] [MainThread]: Found 9 models, 10 sources, 428 macros
[0m01:42:58.205212 [debug] [MainThread]: Sending event: {'category': 'dbt', 'action': 'runnable_timing', 'label': '48740dd6-3033-4661-b3bd-0066664d0173', 'context': [<snowplow_tracker.self_describing_json.SelfDescribingJson object at 0x76bbc3675c40>]}
[0m01:42:58.207414 [info ] [MainThread]: 
[0m01:42:58.208417 [debug] [MainThread]: Acquiring new postgres connection 'master'
[0m01:42:58.213243 [debug] [ThreadPool]: Acquiring new postgres connection 'list_airflow'
[0m01:42:58.263993 [debug] [ThreadPool]: Using postgres connection "list_airflow"
[0m01:42:58.264655 [debug] [ThreadPool]: On list_airflow: /* {"app": "dbt", "dbt_version": "1.8.0", "profile_name": "default", "target_name": "dev", "connection_name": "list_airflow"} */

    select distinct nspname from pg_namespace
  
[0m01:42:58.265199 [debug] [ThreadPool]: Opening a new connection, currently in state init
[0m01:42:58.271962 [debug] [ThreadPool]: SQL status: SELECT 6 in 0.007 seconds
[0m01:42:58.273637 [debug] [ThreadPool]: On list_airflow: Close
[0m01:42:58.274653 [debug] [ThreadPool]: Re-using an available connection from the pool (formerly list_airflow, now create_airflow_driven_trusted)
[0m01:42:58.275286 [debug] [ThreadPool]: Creating schema "database: "airflow"
schema: "driven_trusted"
"
[0m01:42:58.280980 [debug] [ThreadPool]: Using postgres connection "create_airflow_driven_trusted"
[0m01:42:58.281780 [debug] [ThreadPool]: On create_airflow_driven_trusted: BEGIN
[0m01:42:58.282337 [debug] [ThreadPool]: Opening a new connection, currently in state closed
[0m01:42:58.288197 [debug] [ThreadPool]: SQL status: BEGIN in 0.006 seconds
[0m01:42:58.288861 [debug] [ThreadPool]: Using postgres connection "create_airflow_driven_trusted"
[0m01:42:58.289342 [debug] [ThreadPool]: On create_airflow_driven_trusted: /* {"app": "dbt", "dbt_version": "1.8.0", "profile_name": "default", "target_name": "dev", "connection_name": "create_airflow_driven_trusted"} */
create schema if not exists "driven_trusted"
[0m01:42:58.290412 [debug] [ThreadPool]: SQL status: CREATE SCHEMA in 0.001 seconds
[0m01:42:58.291532 [debug] [ThreadPool]: On create_airflow_driven_trusted: COMMIT
[0m01:42:58.292102 [debug] [ThreadPool]: Using postgres connection "create_airflow_driven_trusted"
[0m01:42:58.292673 [debug] [ThreadPool]: On create_airflow_driven_trusted: COMMIT
[0m01:42:58.297855 [debug] [ThreadPool]: SQL status: COMMIT in 0.005 seconds
[0m01:42:58.298505 [debug] [ThreadPool]: On create_airflow_driven_trusted: Close
[0m01:42:58.300913 [debug] [ThreadPool]: Re-using an available connection from the pool (formerly create_airflow_driven_trusted, now list_airflow_driven_staging)
[0m01:42:58.306661 [debug] [ThreadPool]: Using postgres connection "list_airflow_driven_staging"
[0m01:42:58.307287 [debug] [ThreadPool]: On list_airflow_driven_staging: BEGIN
[0m01:42:58.307829 [debug] [ThreadPool]: Opening a new connection, currently in state closed
[0m01:42:58.313688 [debug] [ThreadPool]: SQL status: BEGIN in 0.006 seconds
[0m01:42:58.314426 [debug] [ThreadPool]: Using postgres connection "list_airflow_driven_staging"
[0m01:42:58.314974 [debug] [ThreadPool]: On list_airflow_driven_staging: /* {"app": "dbt", "dbt_version": "1.8.0", "profile_name": "default", "target_name": "dev", "connection_name": "list_airflow_driven_staging"} */
select
      'airflow' as database,
      tablename as name,
      schemaname as schema,
      'table' as type
    from pg_tables
    where schemaname ilike 'driven_staging'
    union all
    select
      'airflow' as database,
      viewname as name,
      schemaname as schema,
      'view' as type
    from pg_views
    where schemaname ilike 'driven_staging'
    union all
    select
      'airflow' as database,
      matviewname as name,
      schemaname as schema,
      'materialized_view' as type
    from pg_matviews
    where schemaname ilike 'driven_staging'
  
[0m01:42:58.318931 [debug] [ThreadPool]: SQL status: SELECT 5 in 0.003 seconds
[0m01:42:58.320521 [debug] [ThreadPool]: On list_airflow_driven_staging: ROLLBACK
[0m01:42:58.321203 [debug] [ThreadPool]: On list_airflow_driven_staging: Close
[0m01:42:58.322046 [debug] [ThreadPool]: Re-using an available connection from the pool (formerly list_airflow_driven_staging, now list_airflow_driven_trusted)
[0m01:42:58.325320 [debug] [ThreadPool]: Using postgres connection "list_airflow_driven_trusted"
[0m01:42:58.325834 [debug] [ThreadPool]: On list_airflow_driven_trusted: BEGIN
[0m01:42:58.326378 [debug] [ThreadPool]: Opening a new connection, currently in state closed
[0m01:42:58.332224 [debug] [ThreadPool]: SQL status: BEGIN in 0.006 seconds
[0m01:42:58.333072 [debug] [ThreadPool]: Using postgres connection "list_airflow_driven_trusted"
[0m01:42:58.333716 [debug] [ThreadPool]: On list_airflow_driven_trusted: /* {"app": "dbt", "dbt_version": "1.8.0", "profile_name": "default", "target_name": "dev", "connection_name": "list_airflow_driven_trusted"} */
select
      'airflow' as database,
      tablename as name,
      schemaname as schema,
      'table' as type
    from pg_tables
    where schemaname ilike 'driven_trusted'
    union all
    select
      'airflow' as database,
      viewname as name,
      schemaname as schema,
      'view' as type
    from pg_views
    where schemaname ilike 'driven_trusted'
    union all
    select
      'airflow' as database,
      matviewname as name,
      schemaname as schema,
      'materialized_view' as type
    from pg_matviews
    where schemaname ilike 'driven_trusted'
  
[0m01:42:58.338234 [debug] [ThreadPool]: SQL status: SELECT 0 in 0.004 seconds
[0m01:42:58.339860 [debug] [ThreadPool]: On list_airflow_driven_trusted: ROLLBACK
[0m01:42:58.340594 [debug] [ThreadPool]: On list_airflow_driven_trusted: Close
[0m01:42:58.346329 [debug] [MainThread]: Using postgres connection "master"
[0m01:42:58.347117 [debug] [MainThread]: On master: BEGIN
[0m01:42:58.347663 [debug] [MainThread]: Opening a new connection, currently in state init
[0m01:42:58.354172 [debug] [MainThread]: SQL status: BEGIN in 0.006 seconds
[0m01:42:58.354930 [debug] [MainThread]: Using postgres connection "master"
[0m01:42:58.355528 [debug] [MainThread]: On master: /* {"app": "dbt", "dbt_version": "1.8.0", "profile_name": "default", "target_name": "dev", "connection_name": "master"} */
with relation as (
        select
            pg_rewrite.ev_class as class,
            pg_rewrite.oid as id
        from pg_rewrite
    ),
    class as (
        select
            oid as id,
            relname as name,
            relnamespace as schema,
            relkind as kind
        from pg_class
    ),
    dependency as (
        select distinct
            pg_depend.objid as id,
            pg_depend.refobjid as ref
        from pg_depend
    ),
    schema as (
        select
            pg_namespace.oid as id,
            pg_namespace.nspname as name
        from pg_namespace
        where nspname != 'information_schema' and nspname not like 'pg\_%'
    ),
    referenced as (
        select
            relation.id AS id,
            referenced_class.name ,
            referenced_class.schema ,
            referenced_class.kind
        from relation
        join class as referenced_class on relation.class=referenced_class.id
        where referenced_class.kind in ('r', 'v', 'm')
    ),
    relationships as (
        select
            referenced.name as referenced_name,
            referenced.schema as referenced_schema_id,
            dependent_class.name as dependent_name,
            dependent_class.schema as dependent_schema_id,
            referenced.kind as kind
        from referenced
        join dependency on referenced.id=dependency.id
        join class as dependent_class on dependency.ref=dependent_class.id
        where
            (referenced.name != dependent_class.name or
             referenced.schema != dependent_class.schema)
    )

    select
        referenced_schema.name as referenced_schema,
        relationships.referenced_name as referenced_name,
        dependent_schema.name as dependent_schema,
        relationships.dependent_name as dependent_name
    from relationships
    join schema as dependent_schema on relationships.dependent_schema_id=dependent_schema.id
    join schema as referenced_schema on relationships.referenced_schema_id=referenced_schema.id
    group by referenced_schema, referenced_name, dependent_schema, dependent_name
    order by referenced_schema, referenced_name, dependent_schema, dependent_name;
[0m01:42:58.361588 [debug] [MainThread]: SQL status: SELECT 0 in 0.005 seconds
[0m01:42:58.363405 [debug] [MainThread]: Sending event: {'category': 'dbt', 'action': 'runnable_timing', 'label': '48740dd6-3033-4661-b3bd-0066664d0173', 'context': [<snowplow_tracker.self_describing_json.SelfDescribingJson object at 0x76bbc1735e50>]}
[0m01:42:58.364162 [debug] [MainThread]: On master: ROLLBACK
[0m01:42:58.364959 [debug] [MainThread]: Using postgres connection "master"
[0m01:42:58.365473 [debug] [MainThread]: On master: BEGIN
[0m01:42:58.366430 [debug] [MainThread]: SQL status: BEGIN in 0.000 seconds
[0m01:42:58.366979 [debug] [MainThread]: On master: COMMIT
[0m01:42:58.367482 [debug] [MainThread]: Using postgres connection "master"
[0m01:42:58.368007 [debug] [MainThread]: On master: COMMIT
[0m01:42:58.368696 [debug] [MainThread]: SQL status: COMMIT in 0.000 seconds
[0m01:42:58.369240 [debug] [MainThread]: On master: Close
[0m01:42:58.369977 [info ] [MainThread]: Concurrency: 1 threads (target='dev')
[0m01:42:58.370601 [info ] [MainThread]: 
[0m01:42:58.380535 [debug] [Thread-1 (]: Began running node model.dbt_driven_data.trusted_non_pii_data
[0m01:42:58.381419 [info ] [Thread-1 (]: 1 of 4 START sql table model driven_trusted.non_pii_data ....................... [RUN]
[0m01:42:58.382241 [debug] [Thread-1 (]: Re-using an available connection from the pool (formerly list_airflow_driven_trusted, now model.dbt_driven_data.trusted_non_pii_data)
[0m01:42:58.382792 [debug] [Thread-1 (]: Began compiling node model.dbt_driven_data.trusted_non_pii_data
[0m01:42:58.391391 [debug] [Thread-1 (]: Writing injected SQL for node "model.dbt_driven_data.trusted_non_pii_data"
[0m01:42:58.401899 [debug] [Thread-1 (]: Began executing node model.dbt_driven_data.trusted_non_pii_data
[0m01:42:58.440903 [debug] [Thread-1 (]: Writing runtime sql for node "model.dbt_driven_data.trusted_non_pii_data"
[0m01:42:58.449571 [debug] [Thread-1 (]: Using postgres connection "model.dbt_driven_data.trusted_non_pii_data"
[0m01:42:58.450223 [debug] [Thread-1 (]: On model.dbt_driven_data.trusted_non_pii_data: BEGIN
[0m01:42:58.450734 [debug] [Thread-1 (]: Opening a new connection, currently in state closed
[0m01:42:58.456354 [debug] [Thread-1 (]: SQL status: BEGIN in 0.006 seconds
[0m01:42:58.457041 [debug] [Thread-1 (]: Using postgres connection "model.dbt_driven_data.trusted_non_pii_data"
[0m01:42:58.457661 [debug] [Thread-1 (]: On model.dbt_driven_data.trusted_non_pii_data: /* {"app": "dbt", "dbt_version": "1.8.0", "profile_name": "default", "target_name": "dev", "node_id": "model.dbt_driven_data.trusted_non_pii_data"} */

  
    

  create  table "airflow"."driven_trusted"."non_pii_data__dbt_tmp"
  
  
    as
  
  (
     
 
WITH source_data AS ( 
    SELECT 
        '***MASKED***' AS person_name, 
        SUBSTRING(dp.user_name, 1, 5) || '*****'  user_name, 
        SUBSTRING(dp.email, 1, 5) || '*****' AS email, 
        '***MASKED***'  AS personal_number,  
        '***MASKED***' AS birth_date,  
        '***MASKED***' AS address, 
        '***MASKED***'  AS phone,  
        SUBSTRING(da.mac_address, 1, 5) || '*****' AS mac_address, 
        SUBSTRING(da.ip_address, 1, 5) || '*****' AS ip_address, 
        SUBSTRING(df.iban, 1, 5) || '*****' AS iban, 
        dd.accessed_at, 
        fnu.session_duration, 
        fnu.download_speed, 
        fnu.upload_speed, 
        fnu.consumed_traffic, 
        fnu.unique_id 
    FROM
     "airflow"."driven_staging"."fact_network_usage" fnu 
    INNER JOIN 
        "airflow"."driven_staging"."dim_address" da ON 
fnu.unique_id = da.unique_id 
    INNER JOIN 
        "airflow"."driven_staging"."dim_date" dd ON da.unique_id = 
dd.unique_id 
    INNER JOIN 
        "airflow"."driven_staging"."dim_finance" df ON dd.unique_id 
= df.unique_id 
    INNER JOIN 
        "airflow"."driven_staging"."dim_person" dp ON df.unique_id 
= dp.unique_id 
) 
 
SELECT 
    * 
FROM 
    source_data
  );
  
[0m01:42:58.872186 [debug] [Thread-1 (]: SQL status: SELECT 6893 in 0.414 seconds
[0m01:42:58.878319 [debug] [Thread-1 (]: Using postgres connection "model.dbt_driven_data.trusted_non_pii_data"
[0m01:42:58.878916 [debug] [Thread-1 (]: On model.dbt_driven_data.trusted_non_pii_data: /* {"app": "dbt", "dbt_version": "1.8.0", "profile_name": "default", "target_name": "dev", "node_id": "model.dbt_driven_data.trusted_non_pii_data"} */
alter table "airflow"."driven_trusted"."non_pii_data__dbt_tmp" rename to "non_pii_data"
[0m01:42:58.879904 [debug] [Thread-1 (]: SQL status: ALTER TABLE in 0.000 seconds
[0m01:42:58.897501 [debug] [Thread-1 (]: On model.dbt_driven_data.trusted_non_pii_data: COMMIT
[0m01:42:58.898315 [debug] [Thread-1 (]: Using postgres connection "model.dbt_driven_data.trusted_non_pii_data"
[0m01:42:58.898969 [debug] [Thread-1 (]: On model.dbt_driven_data.trusted_non_pii_data: COMMIT
[0m01:42:58.907002 [debug] [Thread-1 (]: SQL status: COMMIT in 0.007 seconds
[0m01:42:58.914256 [debug] [Thread-1 (]: Applying DROP to: "airflow"."driven_trusted"."non_pii_data__dbt_backup"
[0m01:42:58.920158 [debug] [Thread-1 (]: Using postgres connection "model.dbt_driven_data.trusted_non_pii_data"
[0m01:42:58.920735 [debug] [Thread-1 (]: On model.dbt_driven_data.trusted_non_pii_data: /* {"app": "dbt", "dbt_version": "1.8.0", "profile_name": "default", "target_name": "dev", "node_id": "model.dbt_driven_data.trusted_non_pii_data"} */
drop table if exists "airflow"."driven_trusted"."non_pii_data__dbt_backup" cascade
[0m01:42:58.921557 [debug] [Thread-1 (]: SQL status: DROP TABLE in 0.000 seconds
[0m01:42:58.923867 [debug] [Thread-1 (]: On model.dbt_driven_data.trusted_non_pii_data: Close
[0m01:42:58.925299 [debug] [Thread-1 (]: Sending event: {'category': 'dbt', 'action': 'run_model', 'label': '48740dd6-3033-4661-b3bd-0066664d0173', 'context': [<snowplow_tracker.self_describing_json.SelfDescribingJson object at 0x76bbc4b5e1b0>]}
[0m01:42:58.926183 [info ] [Thread-1 (]: 1 of 4 OK created sql table model driven_trusted.non_pii_data .................. [[32mSELECT 6893[0m in 0.54s]
[0m01:42:58.927529 [debug] [Thread-1 (]: Finished running node model.dbt_driven_data.trusted_non_pii_data
[0m01:42:58.928207 [debug] [Thread-1 (]: Began running node model.dbt_driven_data.trusted_payment_data
[0m01:42:58.928994 [info ] [Thread-1 (]: 2 of 4 START sql table model driven_trusted.payment_data ....................... [RUN]
[0m01:42:58.929690 [debug] [Thread-1 (]: Re-using an available connection from the pool (formerly model.dbt_driven_data.trusted_non_pii_data, now model.dbt_driven_data.trusted_payment_data)
[0m01:42:58.930270 [debug] [Thread-1 (]: Began compiling node model.dbt_driven_data.trusted_payment_data
[0m01:42:58.933679 [debug] [Thread-1 (]: Writing injected SQL for node "model.dbt_driven_data.trusted_payment_data"
[0m01:42:58.940762 [debug] [Thread-1 (]: Began executing node model.dbt_driven_data.trusted_payment_data
[0m01:42:58.944817 [debug] [Thread-1 (]: Writing runtime sql for node "model.dbt_driven_data.trusted_payment_data"
[0m01:42:58.952809 [debug] [Thread-1 (]: Using postgres connection "model.dbt_driven_data.trusted_payment_data"
[0m01:42:58.953432 [debug] [Thread-1 (]: On model.dbt_driven_data.trusted_payment_data: BEGIN
[0m01:42:58.953915 [debug] [Thread-1 (]: Opening a new connection, currently in state closed
[0m01:42:58.959277 [debug] [Thread-1 (]: SQL status: BEGIN in 0.005 seconds
[0m01:42:58.959948 [debug] [Thread-1 (]: Using postgres connection "model.dbt_driven_data.trusted_payment_data"
[0m01:42:58.960937 [debug] [Thread-1 (]: On model.dbt_driven_data.trusted_payment_data: /* {"app": "dbt", "dbt_version": "1.8.0", "profile_name": "default", "target_name": "dev", "node_id": "model.dbt_driven_data.trusted_payment_data"} */

  
    

  create  table "airflow"."driven_trusted"."payment_data__dbt_tmp"
  
  
    as
  
  (
     
 
WITH source_data AS ( 
    SELECT 
        fnu.unique_id, 
        df.iban, 
        fnu.download_speed, 
        fnu.upload_speed, 
        fnu.session_duration, 
        fnu.consumed_traffic, 
        ((fnu.download_speed + fnu.upload_speed + 1)/2) + 
(fnu.consumed_traffic / (fnu.session_duration + 1)) AS payment_amount 
    FROM 
        "airflow"."driven_staging"."fact_network_usage" fnu 
    JOIN 
        "airflow"."driven_staging"."dim_finance" df 
    ON 
     fnu.unique_id = df.unique_id 
) 
 
SELECT 
    * 
FROM 
    source_data
  );
  
[0m01:42:58.991497 [debug] [Thread-1 (]: SQL status: SELECT 6893 in 0.030 seconds
[0m01:42:58.995301 [debug] [Thread-1 (]: Using postgres connection "model.dbt_driven_data.trusted_payment_data"
[0m01:42:58.996026 [debug] [Thread-1 (]: On model.dbt_driven_data.trusted_payment_data: /* {"app": "dbt", "dbt_version": "1.8.0", "profile_name": "default", "target_name": "dev", "node_id": "model.dbt_driven_data.trusted_payment_data"} */
alter table "airflow"."driven_trusted"."payment_data__dbt_tmp" rename to "payment_data"
[0m01:42:58.996919 [debug] [Thread-1 (]: SQL status: ALTER TABLE in 0.000 seconds
[0m01:42:58.998854 [debug] [Thread-1 (]: On model.dbt_driven_data.trusted_payment_data: COMMIT
[0m01:42:58.999394 [debug] [Thread-1 (]: Using postgres connection "model.dbt_driven_data.trusted_payment_data"
[0m01:42:58.999888 [debug] [Thread-1 (]: On model.dbt_driven_data.trusted_payment_data: COMMIT
[0m01:42:59.005448 [debug] [Thread-1 (]: SQL status: COMMIT in 0.005 seconds
[0m01:42:59.007739 [debug] [Thread-1 (]: Applying DROP to: "airflow"."driven_trusted"."payment_data__dbt_backup"
[0m01:42:59.008657 [debug] [Thread-1 (]: Using postgres connection "model.dbt_driven_data.trusted_payment_data"
[0m01:42:59.009132 [debug] [Thread-1 (]: On model.dbt_driven_data.trusted_payment_data: /* {"app": "dbt", "dbt_version": "1.8.0", "profile_name": "default", "target_name": "dev", "node_id": "model.dbt_driven_data.trusted_payment_data"} */
drop table if exists "airflow"."driven_trusted"."payment_data__dbt_backup" cascade
[0m01:42:59.009872 [debug] [Thread-1 (]: SQL status: DROP TABLE in 0.000 seconds
[0m01:42:59.011957 [debug] [Thread-1 (]: On model.dbt_driven_data.trusted_payment_data: Close
[0m01:42:59.012873 [debug] [Thread-1 (]: Sending event: {'category': 'dbt', 'action': 'run_model', 'label': '48740dd6-3033-4661-b3bd-0066664d0173', 'context': [<snowplow_tracker.self_describing_json.SelfDescribingJson object at 0x76bbc0570680>]}
[0m01:42:59.013639 [info ] [Thread-1 (]: 2 of 4 OK created sql table model driven_trusted.payment_data .................. [[32mSELECT 6893[0m in 0.08s]
[0m01:42:59.014555 [debug] [Thread-1 (]: Finished running node model.dbt_driven_data.trusted_payment_data
[0m01:42:59.015207 [debug] [Thread-1 (]: Began running node model.dbt_driven_data.trusted_pii_data
[0m01:42:59.015925 [info ] [Thread-1 (]: 3 of 4 START sql table model driven_trusted.pii_data ........................... [RUN]
[0m01:42:59.016592 [debug] [Thread-1 (]: Re-using an available connection from the pool (formerly model.dbt_driven_data.trusted_payment_data, now model.dbt_driven_data.trusted_pii_data)
[0m01:42:59.017115 [debug] [Thread-1 (]: Began compiling node model.dbt_driven_data.trusted_pii_data
[0m01:42:59.021228 [debug] [Thread-1 (]: Writing injected SQL for node "model.dbt_driven_data.trusted_pii_data"
[0m01:42:59.028457 [debug] [Thread-1 (]: Began executing node model.dbt_driven_data.trusted_pii_data
[0m01:42:59.033201 [debug] [Thread-1 (]: Writing runtime sql for node "model.dbt_driven_data.trusted_pii_data"
[0m01:42:59.040649 [debug] [Thread-1 (]: Using postgres connection "model.dbt_driven_data.trusted_pii_data"
[0m01:42:59.041224 [debug] [Thread-1 (]: On model.dbt_driven_data.trusted_pii_data: BEGIN
[0m01:42:59.041739 [debug] [Thread-1 (]: Opening a new connection, currently in state closed
[0m01:42:59.047486 [debug] [Thread-1 (]: SQL status: BEGIN in 0.006 seconds
[0m01:42:59.048288 [debug] [Thread-1 (]: Using postgres connection "model.dbt_driven_data.trusted_pii_data"
[0m01:42:59.048895 [debug] [Thread-1 (]: On model.dbt_driven_data.trusted_pii_data: /* {"app": "dbt", "dbt_version": "1.8.0", "profile_name": "default", "target_name": "dev", "node_id": "model.dbt_driven_data.trusted_pii_data"} */

  
    

  create  table "airflow"."driven_trusted"."pii_data__dbt_tmp"
  
  
    as
  
  (
     
 
WITH source_data AS ( 
    SELECT 
        dp.person_name, 
        dp.user_name, 
        dp.email, 
        dp.personal_number,  
        dp.birth_date,  
        da.address, 
        dp.phone,  
        da.mac_address, 
        da.ip_address, 
        df.iban, 
        dd.accessed_at, 
        fnu.session_duration, 
        fnu.download_speed, 
        fnu.upload_speed,
        fnu.consumed_traffic, 
        fnu.unique_id 
    FROM 
        "airflow"."driven_staging"."fact_network_usage" fnu 
    INNER JOIN 
        "airflow"."driven_staging"."dim_address" da ON 
fnu.unique_id = da.unique_id 
    INNER JOIN 
        "airflow"."driven_staging"."dim_date" dd ON da.unique_id = 
dd.unique_id 
    INNER JOIN 
        "airflow"."driven_staging"."dim_finance" df ON dd.unique_id 
= df.unique_id 
    INNER JOIN 
        "airflow"."driven_staging"."dim_person" dp ON df.unique_id 
= dp.unique_id 
) 
 
SELECT 
    * 
FROM 
    source_data
  );
  
[0m01:42:59.144509 [debug] [Thread-1 (]: SQL status: SELECT 6893 in 0.095 seconds
[0m01:42:59.147967 [debug] [Thread-1 (]: Using postgres connection "model.dbt_driven_data.trusted_pii_data"
[0m01:42:59.148572 [debug] [Thread-1 (]: On model.dbt_driven_data.trusted_pii_data: /* {"app": "dbt", "dbt_version": "1.8.0", "profile_name": "default", "target_name": "dev", "node_id": "model.dbt_driven_data.trusted_pii_data"} */
alter table "airflow"."driven_trusted"."pii_data__dbt_tmp" rename to "pii_data"
[0m01:42:59.149465 [debug] [Thread-1 (]: SQL status: ALTER TABLE in 0.000 seconds
[0m01:42:59.151265 [debug] [Thread-1 (]: On model.dbt_driven_data.trusted_pii_data: COMMIT
[0m01:42:59.151773 [debug] [Thread-1 (]: Using postgres connection "model.dbt_driven_data.trusted_pii_data"
[0m01:42:59.152256 [debug] [Thread-1 (]: On model.dbt_driven_data.trusted_pii_data: COMMIT
[0m01:42:59.157943 [debug] [Thread-1 (]: SQL status: COMMIT in 0.005 seconds
[0m01:42:59.160599 [debug] [Thread-1 (]: Applying DROP to: "airflow"."driven_trusted"."pii_data__dbt_backup"
[0m01:42:59.161664 [debug] [Thread-1 (]: Using postgres connection "model.dbt_driven_data.trusted_pii_data"
[0m01:42:59.162203 [debug] [Thread-1 (]: On model.dbt_driven_data.trusted_pii_data: /* {"app": "dbt", "dbt_version": "1.8.0", "profile_name": "default", "target_name": "dev", "node_id": "model.dbt_driven_data.trusted_pii_data"} */
drop table if exists "airflow"."driven_trusted"."pii_data__dbt_backup" cascade
[0m01:42:59.163106 [debug] [Thread-1 (]: SQL status: DROP TABLE in 0.000 seconds
[0m01:42:59.164591 [debug] [Thread-1 (]: On model.dbt_driven_data.trusted_pii_data: Close
[0m01:42:59.165363 [debug] [Thread-1 (]: Sending event: {'category': 'dbt', 'action': 'run_model', 'label': '48740dd6-3033-4661-b3bd-0066664d0173', 'context': [<snowplow_tracker.self_describing_json.SelfDescribingJson object at 0x76bbc055e7b0>]}
[0m01:42:59.166282 [info ] [Thread-1 (]: 3 of 4 OK created sql table model driven_trusted.pii_data ...................... [[32mSELECT 6893[0m in 0.15s]
[0m01:42:59.167145 [debug] [Thread-1 (]: Finished running node model.dbt_driven_data.trusted_pii_data
[0m01:42:59.167751 [debug] [Thread-1 (]: Began running node model.dbt_driven_data.trusted_technical_data
[0m01:42:59.168449 [info ] [Thread-1 (]: 4 of 4 START sql table model driven_trusted.technical_data ..................... [RUN]
[0m01:42:59.169058 [debug] [Thread-1 (]: Re-using an available connection from the pool (formerly model.dbt_driven_data.trusted_pii_data, now model.dbt_driven_data.trusted_technical_data)
[0m01:42:59.169549 [debug] [Thread-1 (]: Began compiling node model.dbt_driven_data.trusted_technical_data
[0m01:42:59.172862 [debug] [Thread-1 (]: Writing injected SQL for node "model.dbt_driven_data.trusted_technical_data"
[0m01:42:59.180909 [debug] [Thread-1 (]: Began executing node model.dbt_driven_data.trusted_technical_data
[0m01:42:59.184823 [debug] [Thread-1 (]: Writing runtime sql for node "model.dbt_driven_data.trusted_technical_data"
[0m01:42:59.191649 [debug] [Thread-1 (]: Using postgres connection "model.dbt_driven_data.trusted_technical_data"
[0m01:42:59.192230 [debug] [Thread-1 (]: On model.dbt_driven_data.trusted_technical_data: BEGIN
[0m01:42:59.192704 [debug] [Thread-1 (]: Opening a new connection, currently in state closed
[0m01:42:59.198421 [debug] [Thread-1 (]: SQL status: BEGIN in 0.006 seconds
[0m01:42:59.199107 [debug] [Thread-1 (]: Using postgres connection "model.dbt_driven_data.trusted_technical_data"
[0m01:42:59.199874 [debug] [Thread-1 (]: On model.dbt_driven_data.trusted_technical_data: /* {"app": "dbt", "dbt_version": "1.8.0", "profile_name": "default", "target_name": "dev", "node_id": "model.dbt_driven_data.trusted_technical_data"} */

  
    

  create  table "airflow"."driven_trusted"."technical_data__dbt_tmp"
  
  
    as
  
  (
     
 
WITH source_data AS ( 
    SELECT 
        fnu.unique_id, 
        da.address, 
        da.mac_address, 
        da.ip_address, 
        fnu.download_speed, 
        fnu.upload_speed, 
        ROUND((fnu.session_duration/60), 1) as min_session_duration, 
        CASE
         WHEN fnu.download_speed < 50 OR fnu.upload_speed < 30 OR 
fnu.session_duration/60 < 1 THEN true 
            ELSE false 
        END AS technical_issue 
    FROM 
        "airflow"."driven_staging"."fact_network_usage" fnu 
    JOIN 
        "airflow"."driven_staging"."dim_address" da 
    ON 
     fnu.unique_id = da.unique_id 
) 
 
SELECT 
    * 
FROM 
    source_data
  );
  
[0m01:42:59.242699 [debug] [Thread-1 (]: SQL status: SELECT 6893 in 0.042 seconds
[0m01:42:59.245895 [debug] [Thread-1 (]: Using postgres connection "model.dbt_driven_data.trusted_technical_data"
[0m01:42:59.246532 [debug] [Thread-1 (]: On model.dbt_driven_data.trusted_technical_data: /* {"app": "dbt", "dbt_version": "1.8.0", "profile_name": "default", "target_name": "dev", "node_id": "model.dbt_driven_data.trusted_technical_data"} */
alter table "airflow"."driven_trusted"."technical_data__dbt_tmp" rename to "technical_data"
[0m01:42:59.247414 [debug] [Thread-1 (]: SQL status: ALTER TABLE in 0.000 seconds
[0m01:42:59.249224 [debug] [Thread-1 (]: On model.dbt_driven_data.trusted_technical_data: COMMIT
[0m01:42:59.249724 [debug] [Thread-1 (]: Using postgres connection "model.dbt_driven_data.trusted_technical_data"
[0m01:42:59.250346 [debug] [Thread-1 (]: On model.dbt_driven_data.trusted_technical_data: COMMIT
[0m01:42:59.257737 [debug] [Thread-1 (]: SQL status: COMMIT in 0.007 seconds
[0m01:42:59.260490 [debug] [Thread-1 (]: Applying DROP to: "airflow"."driven_trusted"."technical_data__dbt_backup"
[0m01:42:59.261490 [debug] [Thread-1 (]: Using postgres connection "model.dbt_driven_data.trusted_technical_data"
[0m01:42:59.262040 [debug] [Thread-1 (]: On model.dbt_driven_data.trusted_technical_data: /* {"app": "dbt", "dbt_version": "1.8.0", "profile_name": "default", "target_name": "dev", "node_id": "model.dbt_driven_data.trusted_technical_data"} */
drop table if exists "airflow"."driven_trusted"."technical_data__dbt_backup" cascade
[0m01:42:59.263024 [debug] [Thread-1 (]: SQL status: DROP TABLE in 0.000 seconds
[0m01:42:59.264417 [debug] [Thread-1 (]: On model.dbt_driven_data.trusted_technical_data: Close
[0m01:42:59.265203 [debug] [Thread-1 (]: Sending event: {'category': 'dbt', 'action': 'run_model', 'label': '48740dd6-3033-4661-b3bd-0066664d0173', 'context': [<snowplow_tracker.self_describing_json.SelfDescribingJson object at 0x76bbc07a4890>]}
[0m01:42:59.265895 [info ] [Thread-1 (]: 4 of 4 OK created sql table model driven_trusted.technical_data ................ [[32mSELECT 6893[0m in 0.10s]
[0m01:42:59.266893 [debug] [Thread-1 (]: Finished running node model.dbt_driven_data.trusted_technical_data
[0m01:42:59.268963 [debug] [MainThread]: Using postgres connection "master"
[0m01:42:59.269542 [debug] [MainThread]: On master: BEGIN
[0m01:42:59.270051 [debug] [MainThread]: Opening a new connection, currently in state closed
[0m01:42:59.274910 [debug] [MainThread]: SQL status: BEGIN in 0.005 seconds
[0m01:42:59.275661 [debug] [MainThread]: On master: COMMIT
[0m01:42:59.276228 [debug] [MainThread]: Using postgres connection "master"
[0m01:42:59.276817 [debug] [MainThread]: On master: COMMIT
[0m01:42:59.277749 [debug] [MainThread]: SQL status: COMMIT in 0.000 seconds
[0m01:42:59.278381 [debug] [MainThread]: On master: Close
[0m01:42:59.279182 [debug] [MainThread]: Connection 'master' was properly closed.
[0m01:42:59.279737 [debug] [MainThread]: Connection 'model.dbt_driven_data.trusted_technical_data' was properly closed.
[0m01:42:59.280382 [info ] [MainThread]: 
[0m01:42:59.280933 [info ] [MainThread]: Finished running 4 table models in 0 hours 0 minutes and 1.07 seconds (1.07s).
[0m01:42:59.282744 [debug] [MainThread]: Command end result
[0m01:42:59.339344 [info ] [MainThread]: 
[0m01:42:59.340336 [info ] [MainThread]: [32mCompleted successfully[0m
[0m01:42:59.341048 [info ] [MainThread]: 
[0m01:42:59.341679 [info ] [MainThread]: Done. PASS=4 WARN=0 ERROR=0 SKIP=0 TOTAL=4
[0m01:42:59.342967 [debug] [MainThread]: Resource report: {"command_name": "run", "command_success": true, "command_wall_clock_time": 2.0759084, "process_user_time": 2.658508, "process_kernel_time": 0.364343, "process_mem_max_rss": "119912", "process_in_blocks": "0", "process_out_blocks": "0"}
[0m01:42:59.344012 [debug] [MainThread]: Command `dbt run` succeeded at 01:42:59.343904 after 2.08 seconds
[0m01:42:59.345249 [debug] [MainThread]: Sending event: {'category': 'dbt', 'action': 'invocation', 'label': 'end', 'context': [<snowplow_tracker.self_describing_json.SelfDescribingJson object at 0x76bbc534df70>, <snowplow_tracker.self_describing_json.SelfDescribingJson object at 0x76bbc37e2720>, <snowplow_tracker.self_describing_json.SelfDescribingJson object at 0x76bbc38c4e30>]}
[0m01:42:59.346020 [debug] [MainThread]: Flushing usage events
[0m01:47:29.543903 [debug] [MainThread]: Sending event: {'category': 'dbt', 'action': 'invocation', 'label': 'start', 'context': [<snowplow_tracker.self_describing_json.SelfDescribingJson object at 0x7703a2815250>, <snowplow_tracker.self_describing_json.SelfDescribingJson object at 0x7703a343fc20>, <snowplow_tracker.self_describing_json.SelfDescribingJson object at 0x7703a2815040>]}


============================== 01:47:29.550099 | 7627e2ab-e7d0-4fca-9d80-fb0215930824 ==============================
[0m01:47:29.550099 [info ] [MainThread]: Running with dbt=1.8.0
[0m01:47:29.550775 [debug] [MainThread]: running dbt with arguments {'printer_width': '80', 'indirect_selection': 'eager', 'write_json': 'True', 'log_cache_events': 'False', 'partial_parse': 'True', 'cache_selected_only': 'False', 'profiles_dir': '/opt/airflow/dbt', 'fail_fast': 'False', 'warn_error': 'None', 'log_path': '/opt/airflow/dbt/logs', 'version_check': 'True', 'debug': 'False', 'use_colors': 'True', 'use_experimental_parser': 'False', 'no_print': 'None', 'quiet': 'False', 'warn_error_options': 'WarnErrorOptions(include=[], exclude=[])', 'introspect': 'True', 'static_parser': 'True', 'log_format': 'default', 'target_path': 'None', 'invocation_command': 'dbt run --select tag:staging', 'send_anonymous_usage_stats': 'True'}
[0m01:47:29.773730 [debug] [MainThread]: Sending event: {'category': 'dbt', 'action': 'project_id', 'label': '7627e2ab-e7d0-4fca-9d80-fb0215930824', 'context': [<snowplow_tracker.self_describing_json.SelfDescribingJson object at 0x7703a24463f0>]}
[0m01:47:29.832585 [debug] [MainThread]: Sending event: {'category': 'dbt', 'action': 'adapter_info', 'label': '7627e2ab-e7d0-4fca-9d80-fb0215930824', 'context': [<snowplow_tracker.self_describing_json.SelfDescribingJson object at 0x7703a19670b0>]}
[0m01:47:29.833675 [info ] [MainThread]: Registered adapter: postgres=1.8.2
[0m01:47:29.966096 [debug] [MainThread]: checksum: dbb12d416fdb55e3665e4828703bbedf40c5c90ed7ca6ff39bbbfb29b12b0a92, vars: {}, profile: , target: , version: 1.8.0
[0m01:47:30.184855 [debug] [MainThread]: Partial parsing enabled: 0 files deleted, 0 files added, 0 files changed.
[0m01:47:30.185514 [debug] [MainThread]: Partial parsing enabled, no changes found, skipping parsing
[0m01:47:30.221733 [debug] [MainThread]: Sending event: {'category': 'dbt', 'action': 'load_project', 'label': '7627e2ab-e7d0-4fca-9d80-fb0215930824', 'context': [<snowplow_tracker.self_describing_json.SelfDescribingJson object at 0x7703a1553140>]}
[0m01:47:30.345997 [debug] [MainThread]: Sending event: {'category': 'dbt', 'action': 'resource_counts', 'label': '7627e2ab-e7d0-4fca-9d80-fb0215930824', 'context': [<snowplow_tracker.self_describing_json.SelfDescribingJson object at 0x7703a11a8590>]}
[0m01:47:30.346859 [info ] [MainThread]: Found 9 models, 10 sources, 428 macros
[0m01:47:30.347569 [debug] [MainThread]: Sending event: {'category': 'dbt', 'action': 'runnable_timing', 'label': '7627e2ab-e7d0-4fca-9d80-fb0215930824', 'context': [<snowplow_tracker.self_describing_json.SelfDescribingJson object at 0x7703a0d35cd0>]}
[0m01:47:30.349917 [info ] [MainThread]: 
[0m01:47:30.350888 [debug] [MainThread]: Acquiring new postgres connection 'master'
[0m01:47:30.356113 [debug] [ThreadPool]: Acquiring new postgres connection 'list_airflow'
[0m01:47:30.406187 [debug] [ThreadPool]: Using postgres connection "list_airflow"
[0m01:47:30.407122 [debug] [ThreadPool]: On list_airflow: /* {"app": "dbt", "dbt_version": "1.8.0", "profile_name": "default", "target_name": "dev", "connection_name": "list_airflow"} */

    select distinct nspname from pg_namespace
  
[0m01:47:30.407727 [debug] [ThreadPool]: Opening a new connection, currently in state init
[0m01:47:30.414083 [debug] [ThreadPool]: SQL status: SELECT 7 in 0.006 seconds
[0m01:47:30.415739 [debug] [ThreadPool]: On list_airflow: Close
[0m01:47:30.417990 [debug] [ThreadPool]: Re-using an available connection from the pool (formerly list_airflow, now list_airflow_driven_trusted)
[0m01:47:30.425067 [debug] [ThreadPool]: Using postgres connection "list_airflow_driven_trusted"
[0m01:47:30.425720 [debug] [ThreadPool]: On list_airflow_driven_trusted: BEGIN
[0m01:47:30.426279 [debug] [ThreadPool]: Opening a new connection, currently in state closed
[0m01:47:30.431303 [debug] [ThreadPool]: SQL status: BEGIN in 0.005 seconds
[0m01:47:30.431871 [debug] [ThreadPool]: Using postgres connection "list_airflow_driven_trusted"
[0m01:47:30.432421 [debug] [ThreadPool]: On list_airflow_driven_trusted: /* {"app": "dbt", "dbt_version": "1.8.0", "profile_name": "default", "target_name": "dev", "connection_name": "list_airflow_driven_trusted"} */
select
      'airflow' as database,
      tablename as name,
      schemaname as schema,
      'table' as type
    from pg_tables
    where schemaname ilike 'driven_trusted'
    union all
    select
      'airflow' as database,
      viewname as name,
      schemaname as schema,
      'view' as type
    from pg_views
    where schemaname ilike 'driven_trusted'
    union all
    select
      'airflow' as database,
      matviewname as name,
      schemaname as schema,
      'materialized_view' as type
    from pg_matviews
    where schemaname ilike 'driven_trusted'
  
[0m01:47:30.435699 [debug] [ThreadPool]: SQL status: SELECT 4 in 0.003 seconds
[0m01:47:30.438529 [debug] [ThreadPool]: On list_airflow_driven_trusted: ROLLBACK
[0m01:47:30.439531 [debug] [ThreadPool]: On list_airflow_driven_trusted: Close
[0m01:47:30.440409 [debug] [ThreadPool]: Re-using an available connection from the pool (formerly list_airflow_driven_trusted, now list_airflow_driven_staging)
[0m01:47:30.445436 [debug] [ThreadPool]: Using postgres connection "list_airflow_driven_staging"
[0m01:47:30.446113 [debug] [ThreadPool]: On list_airflow_driven_staging: BEGIN
[0m01:47:30.446677 [debug] [ThreadPool]: Opening a new connection, currently in state closed
[0m01:47:30.451836 [debug] [ThreadPool]: SQL status: BEGIN in 0.005 seconds
[0m01:47:30.452464 [debug] [ThreadPool]: Using postgres connection "list_airflow_driven_staging"
[0m01:47:30.453739 [debug] [ThreadPool]: On list_airflow_driven_staging: /* {"app": "dbt", "dbt_version": "1.8.0", "profile_name": "default", "target_name": "dev", "connection_name": "list_airflow_driven_staging"} */
select
      'airflow' as database,
      tablename as name,
      schemaname as schema,
      'table' as type
    from pg_tables
    where schemaname ilike 'driven_staging'
    union all
    select
      'airflow' as database,
      viewname as name,
      schemaname as schema,
      'view' as type
    from pg_views
    where schemaname ilike 'driven_staging'
    union all
    select
      'airflow' as database,
      matviewname as name,
      schemaname as schema,
      'materialized_view' as type
    from pg_matviews
    where schemaname ilike 'driven_staging'
  
[0m01:47:30.457671 [debug] [ThreadPool]: SQL status: SELECT 5 in 0.003 seconds
[0m01:47:30.459492 [debug] [ThreadPool]: On list_airflow_driven_staging: ROLLBACK
[0m01:47:30.460223 [debug] [ThreadPool]: On list_airflow_driven_staging: Close
[0m01:47:30.466352 [debug] [MainThread]: Using postgres connection "master"
[0m01:47:30.466980 [debug] [MainThread]: On master: BEGIN
[0m01:47:30.467573 [debug] [MainThread]: Opening a new connection, currently in state init
[0m01:47:30.473416 [debug] [MainThread]: SQL status: BEGIN in 0.006 seconds
[0m01:47:30.474217 [debug] [MainThread]: Using postgres connection "master"
[0m01:47:30.475144 [debug] [MainThread]: On master: /* {"app": "dbt", "dbt_version": "1.8.0", "profile_name": "default", "target_name": "dev", "connection_name": "master"} */
with relation as (
        select
            pg_rewrite.ev_class as class,
            pg_rewrite.oid as id
        from pg_rewrite
    ),
    class as (
        select
            oid as id,
            relname as name,
            relnamespace as schema,
            relkind as kind
        from pg_class
    ),
    dependency as (
        select distinct
            pg_depend.objid as id,
            pg_depend.refobjid as ref
        from pg_depend
    ),
    schema as (
        select
            pg_namespace.oid as id,
            pg_namespace.nspname as name
        from pg_namespace
        where nspname != 'information_schema' and nspname not like 'pg\_%'
    ),
    referenced as (
        select
            relation.id AS id,
            referenced_class.name ,
            referenced_class.schema ,
            referenced_class.kind
        from relation
        join class as referenced_class on relation.class=referenced_class.id
        where referenced_class.kind in ('r', 'v', 'm')
    ),
    relationships as (
        select
            referenced.name as referenced_name,
            referenced.schema as referenced_schema_id,
            dependent_class.name as dependent_name,
            dependent_class.schema as dependent_schema_id,
            referenced.kind as kind
        from referenced
        join dependency on referenced.id=dependency.id
        join class as dependent_class on dependency.ref=dependent_class.id
        where
            (referenced.name != dependent_class.name or
             referenced.schema != dependent_class.schema)
    )

    select
        referenced_schema.name as referenced_schema,
        relationships.referenced_name as referenced_name,
        dependent_schema.name as dependent_schema,
        relationships.dependent_name as dependent_name
    from relationships
    join schema as dependent_schema on relationships.dependent_schema_id=dependent_schema.id
    join schema as referenced_schema on relationships.referenced_schema_id=referenced_schema.id
    group by referenced_schema, referenced_name, dependent_schema, dependent_name
    order by referenced_schema, referenced_name, dependent_schema, dependent_name;
[0m01:47:30.479634 [debug] [MainThread]: SQL status: SELECT 0 in 0.003 seconds
[0m01:47:30.481519 [debug] [MainThread]: Sending event: {'category': 'dbt', 'action': 'runnable_timing', 'label': '7627e2ab-e7d0-4fca-9d80-fb0215930824', 'context': [<snowplow_tracker.self_describing_json.SelfDescribingJson object at 0x7703a09b36e0>]}
[0m01:47:30.482170 [debug] [MainThread]: On master: ROLLBACK
[0m01:47:30.482836 [debug] [MainThread]: Using postgres connection "master"
[0m01:47:30.483455 [debug] [MainThread]: On master: BEGIN
[0m01:47:30.484437 [debug] [MainThread]: SQL status: BEGIN in 0.000 seconds
[0m01:47:30.484992 [debug] [MainThread]: On master: COMMIT
[0m01:47:30.485542 [debug] [MainThread]: Using postgres connection "master"
[0m01:47:30.486100 [debug] [MainThread]: On master: COMMIT
[0m01:47:30.486999 [debug] [MainThread]: SQL status: COMMIT in 0.000 seconds
[0m01:47:30.487631 [debug] [MainThread]: On master: Close
[0m01:47:30.488987 [info ] [MainThread]: Concurrency: 1 threads (target='dev')
[0m01:47:30.492462 [info ] [MainThread]: 
[0m01:47:30.502384 [debug] [Thread-1 (]: Began running node model.dbt_driven_data.staging_dim_address
[0m01:47:30.503935 [info ] [Thread-1 (]: 1 of 5 START sql table model driven_staging.dim_address ........................ [RUN]
[0m01:47:30.504768 [debug] [Thread-1 (]: Re-using an available connection from the pool (formerly list_airflow_driven_staging, now model.dbt_driven_data.staging_dim_address)
[0m01:47:30.505387 [debug] [Thread-1 (]: Began compiling node model.dbt_driven_data.staging_dim_address
[0m01:47:30.513233 [debug] [Thread-1 (]: Writing injected SQL for node "model.dbt_driven_data.staging_dim_address"
[0m01:47:30.521412 [debug] [Thread-1 (]: Began executing node model.dbt_driven_data.staging_dim_address
[0m01:47:30.560509 [debug] [Thread-1 (]: Writing runtime sql for node "model.dbt_driven_data.staging_dim_address"
[0m01:47:30.567714 [debug] [Thread-1 (]: Using postgres connection "model.dbt_driven_data.staging_dim_address"
[0m01:47:30.568302 [debug] [Thread-1 (]: On model.dbt_driven_data.staging_dim_address: BEGIN
[0m01:47:30.568801 [debug] [Thread-1 (]: Opening a new connection, currently in state closed
[0m01:47:30.574081 [debug] [Thread-1 (]: SQL status: BEGIN in 0.005 seconds
[0m01:47:30.574928 [debug] [Thread-1 (]: Using postgres connection "model.dbt_driven_data.staging_dim_address"
[0m01:47:30.575539 [debug] [Thread-1 (]: On model.dbt_driven_data.staging_dim_address: /* {"app": "dbt", "dbt_version": "1.8.0", "profile_name": "default", "target_name": "dev", "node_id": "model.dbt_driven_data.staging_dim_address"} */

  
    

  create  table "airflow"."driven_staging"."dim_address__dbt_tmp"
  
  
    as
  
  (
     
 
WITH source_data AS ( 
    SELECT 
        unique_id, 
        address, 
        mac_address, 
        ip_address 
    FROM 
        "airflow"."driven_raw"."raw_batch_data" 
) 
 
SELECT 
    * 
FROM 
    source_data
  );
  
[0m01:47:30.599098 [debug] [Thread-1 (]: SQL status: SELECT 13860 in 0.023 seconds
[0m01:47:30.605573 [debug] [Thread-1 (]: Using postgres connection "model.dbt_driven_data.staging_dim_address"
[0m01:47:30.606210 [debug] [Thread-1 (]: On model.dbt_driven_data.staging_dim_address: /* {"app": "dbt", "dbt_version": "1.8.0", "profile_name": "default", "target_name": "dev", "node_id": "model.dbt_driven_data.staging_dim_address"} */
alter table "airflow"."driven_staging"."dim_address" rename to "dim_address__dbt_backup"
[0m01:47:30.607142 [debug] [Thread-1 (]: SQL status: ALTER TABLE in 0.000 seconds
[0m01:47:30.610234 [debug] [Thread-1 (]: Using postgres connection "model.dbt_driven_data.staging_dim_address"
[0m01:47:30.610731 [debug] [Thread-1 (]: On model.dbt_driven_data.staging_dim_address: /* {"app": "dbt", "dbt_version": "1.8.0", "profile_name": "default", "target_name": "dev", "node_id": "model.dbt_driven_data.staging_dim_address"} */
alter table "airflow"."driven_staging"."dim_address__dbt_tmp" rename to "dim_address"
[0m01:47:30.611477 [debug] [Thread-1 (]: SQL status: ALTER TABLE in 0.000 seconds
[0m01:47:30.629920 [debug] [Thread-1 (]: On model.dbt_driven_data.staging_dim_address: COMMIT
[0m01:47:30.630528 [debug] [Thread-1 (]: Using postgres connection "model.dbt_driven_data.staging_dim_address"
[0m01:47:30.630976 [debug] [Thread-1 (]: On model.dbt_driven_data.staging_dim_address: COMMIT
[0m01:47:30.702170 [debug] [Thread-1 (]: SQL status: COMMIT in 0.071 seconds
[0m01:47:30.708172 [debug] [Thread-1 (]: Applying DROP to: "airflow"."driven_staging"."dim_address__dbt_backup"
[0m01:47:30.713691 [debug] [Thread-1 (]: Using postgres connection "model.dbt_driven_data.staging_dim_address"
[0m01:47:30.714188 [debug] [Thread-1 (]: On model.dbt_driven_data.staging_dim_address: /* {"app": "dbt", "dbt_version": "1.8.0", "profile_name": "default", "target_name": "dev", "node_id": "model.dbt_driven_data.staging_dim_address"} */
drop table if exists "airflow"."driven_staging"."dim_address__dbt_backup" cascade
[0m01:47:30.721378 [debug] [Thread-1 (]: SQL status: DROP TABLE in 0.007 seconds
[0m01:47:30.723963 [debug] [Thread-1 (]: On model.dbt_driven_data.staging_dim_address: Close
[0m01:47:30.725354 [debug] [Thread-1 (]: Sending event: {'category': 'dbt', 'action': 'run_model', 'label': '7627e2ab-e7d0-4fca-9d80-fb0215930824', 'context': [<snowplow_tracker.self_describing_json.SelfDescribingJson object at 0x7703a3d41af0>]}
[0m01:47:30.726095 [info ] [Thread-1 (]: 1 of 5 OK created sql table model driven_staging.dim_address ................... [[32mSELECT 13860[0m in 0.22s]
[0m01:47:30.726844 [debug] [Thread-1 (]: Finished running node model.dbt_driven_data.staging_dim_address
[0m01:47:30.727547 [debug] [Thread-1 (]: Began running node model.dbt_driven_data.staging_dim_date
[0m01:47:30.728143 [info ] [Thread-1 (]: 2 of 5 START sql table model driven_staging.dim_date ........................... [RUN]
[0m01:47:30.728776 [debug] [Thread-1 (]: Re-using an available connection from the pool (formerly model.dbt_driven_data.staging_dim_address, now model.dbt_driven_data.staging_dim_date)
[0m01:47:30.729309 [debug] [Thread-1 (]: Began compiling node model.dbt_driven_data.staging_dim_date
[0m01:47:30.732851 [debug] [Thread-1 (]: Writing injected SQL for node "model.dbt_driven_data.staging_dim_date"
[0m01:47:30.740603 [debug] [Thread-1 (]: Began executing node model.dbt_driven_data.staging_dim_date
[0m01:47:30.744299 [debug] [Thread-1 (]: Writing runtime sql for node "model.dbt_driven_data.staging_dim_date"
[0m01:47:30.750890 [debug] [Thread-1 (]: Using postgres connection "model.dbt_driven_data.staging_dim_date"
[0m01:47:30.751393 [debug] [Thread-1 (]: On model.dbt_driven_data.staging_dim_date: BEGIN
[0m01:47:30.751907 [debug] [Thread-1 (]: Opening a new connection, currently in state closed
[0m01:47:30.757258 [debug] [Thread-1 (]: SQL status: BEGIN in 0.005 seconds
[0m01:47:30.758238 [debug] [Thread-1 (]: Using postgres connection "model.dbt_driven_data.staging_dim_date"
[0m01:47:30.758850 [debug] [Thread-1 (]: On model.dbt_driven_data.staging_dim_date: /* {"app": "dbt", "dbt_version": "1.8.0", "profile_name": "default", "target_name": "dev", "node_id": "model.dbt_driven_data.staging_dim_date"} */

  
    

  create  table "airflow"."driven_staging"."dim_date__dbt_tmp"
  
  
    as
  
  (
     
 
WITH source_data AS (
     SELECT 
        unique_id, 
        accessed_at 
    FROM 
        "airflow"."driven_raw"."raw_batch_data" 
) 
 
SELECT 
    * 
FROM 
    source_data
  );
  
[0m01:47:30.774133 [debug] [Thread-1 (]: SQL status: SELECT 13860 in 0.014 seconds
[0m01:47:30.777729 [debug] [Thread-1 (]: Using postgres connection "model.dbt_driven_data.staging_dim_date"
[0m01:47:30.778309 [debug] [Thread-1 (]: On model.dbt_driven_data.staging_dim_date: /* {"app": "dbt", "dbt_version": "1.8.0", "profile_name": "default", "target_name": "dev", "node_id": "model.dbt_driven_data.staging_dim_date"} */
alter table "airflow"."driven_staging"."dim_date" rename to "dim_date__dbt_backup"
[0m01:47:30.779153 [debug] [Thread-1 (]: SQL status: ALTER TABLE in 0.000 seconds
[0m01:47:30.781838 [debug] [Thread-1 (]: Using postgres connection "model.dbt_driven_data.staging_dim_date"
[0m01:47:30.782355 [debug] [Thread-1 (]: On model.dbt_driven_data.staging_dim_date: /* {"app": "dbt", "dbt_version": "1.8.0", "profile_name": "default", "target_name": "dev", "node_id": "model.dbt_driven_data.staging_dim_date"} */
alter table "airflow"."driven_staging"."dim_date__dbt_tmp" rename to "dim_date"
[0m01:47:30.783198 [debug] [Thread-1 (]: SQL status: ALTER TABLE in 0.000 seconds
[0m01:47:30.785222 [debug] [Thread-1 (]: On model.dbt_driven_data.staging_dim_date: COMMIT
[0m01:47:30.785775 [debug] [Thread-1 (]: Using postgres connection "model.dbt_driven_data.staging_dim_date"
[0m01:47:30.786711 [debug] [Thread-1 (]: On model.dbt_driven_data.staging_dim_date: COMMIT
[0m01:47:30.794835 [debug] [Thread-1 (]: SQL status: COMMIT in 0.007 seconds
[0m01:47:30.797340 [debug] [Thread-1 (]: Applying DROP to: "airflow"."driven_staging"."dim_date__dbt_backup"
[0m01:47:30.798277 [debug] [Thread-1 (]: Using postgres connection "model.dbt_driven_data.staging_dim_date"
[0m01:47:30.798745 [debug] [Thread-1 (]: On model.dbt_driven_data.staging_dim_date: /* {"app": "dbt", "dbt_version": "1.8.0", "profile_name": "default", "target_name": "dev", "node_id": "model.dbt_driven_data.staging_dim_date"} */
drop table if exists "airflow"."driven_staging"."dim_date__dbt_backup" cascade
[0m01:47:30.803464 [debug] [Thread-1 (]: SQL status: DROP TABLE in 0.004 seconds
[0m01:47:30.804989 [debug] [Thread-1 (]: On model.dbt_driven_data.staging_dim_date: Close
[0m01:47:30.805724 [debug] [Thread-1 (]: Sending event: {'category': 'dbt', 'action': 'run_model', 'label': '7627e2ab-e7d0-4fca-9d80-fb0215930824', 'context': [<snowplow_tracker.self_describing_json.SelfDescribingJson object at 0x77039f7e7170>]}
[0m01:47:30.806480 [info ] [Thread-1 (]: 2 of 5 OK created sql table model driven_staging.dim_date ...................... [[32mSELECT 13860[0m in 0.08s]
[0m01:47:30.807410 [debug] [Thread-1 (]: Finished running node model.dbt_driven_data.staging_dim_date
[0m01:47:30.808044 [debug] [Thread-1 (]: Began running node model.dbt_driven_data.staging_dim_finance
[0m01:47:30.808671 [info ] [Thread-1 (]: 3 of 5 START sql table model driven_staging.dim_finance ........................ [RUN]
[0m01:47:30.809344 [debug] [Thread-1 (]: Re-using an available connection from the pool (formerly model.dbt_driven_data.staging_dim_date, now model.dbt_driven_data.staging_dim_finance)
[0m01:47:30.809957 [debug] [Thread-1 (]: Began compiling node model.dbt_driven_data.staging_dim_finance
[0m01:47:30.812955 [debug] [Thread-1 (]: Writing injected SQL for node "model.dbt_driven_data.staging_dim_finance"
[0m01:47:30.820655 [debug] [Thread-1 (]: Began executing node model.dbt_driven_data.staging_dim_finance
[0m01:47:30.825350 [debug] [Thread-1 (]: Writing runtime sql for node "model.dbt_driven_data.staging_dim_finance"
[0m01:47:30.832793 [debug] [Thread-1 (]: Using postgres connection "model.dbt_driven_data.staging_dim_finance"
[0m01:47:30.833404 [debug] [Thread-1 (]: On model.dbt_driven_data.staging_dim_finance: BEGIN
[0m01:47:30.833991 [debug] [Thread-1 (]: Opening a new connection, currently in state closed
[0m01:47:30.839631 [debug] [Thread-1 (]: SQL status: BEGIN in 0.006 seconds
[0m01:47:30.840457 [debug] [Thread-1 (]: Using postgres connection "model.dbt_driven_data.staging_dim_finance"
[0m01:47:30.841040 [debug] [Thread-1 (]: On model.dbt_driven_data.staging_dim_finance: /* {"app": "dbt", "dbt_version": "1.8.0", "profile_name": "default", "target_name": "dev", "node_id": "model.dbt_driven_data.staging_dim_finance"} */

  
    

  create  table "airflow"."driven_staging"."dim_finance__dbt_tmp"
  
  
    as
  
  (
     
 
WITH source_data AS ( 
    SELECT 
        unique_id, 
        iban 
    FROM 
        "airflow"."driven_raw"."raw_batch_data" 
) 
 
SELECT 
    * 
FROM 
    source_data
  );
  
[0m01:47:30.858604 [debug] [Thread-1 (]: SQL status: SELECT 13860 in 0.017 seconds
[0m01:47:30.861919 [debug] [Thread-1 (]: Using postgres connection "model.dbt_driven_data.staging_dim_finance"
[0m01:47:30.862619 [debug] [Thread-1 (]: On model.dbt_driven_data.staging_dim_finance: /* {"app": "dbt", "dbt_version": "1.8.0", "profile_name": "default", "target_name": "dev", "node_id": "model.dbt_driven_data.staging_dim_finance"} */
alter table "airflow"."driven_staging"."dim_finance" rename to "dim_finance__dbt_backup"
[0m01:47:30.863528 [debug] [Thread-1 (]: SQL status: ALTER TABLE in 0.000 seconds
[0m01:47:30.866232 [debug] [Thread-1 (]: Using postgres connection "model.dbt_driven_data.staging_dim_finance"
[0m01:47:30.866709 [debug] [Thread-1 (]: On model.dbt_driven_data.staging_dim_finance: /* {"app": "dbt", "dbt_version": "1.8.0", "profile_name": "default", "target_name": "dev", "node_id": "model.dbt_driven_data.staging_dim_finance"} */
alter table "airflow"."driven_staging"."dim_finance__dbt_tmp" rename to "dim_finance"
[0m01:47:30.867426 [debug] [Thread-1 (]: SQL status: ALTER TABLE in 0.000 seconds
[0m01:47:30.869293 [debug] [Thread-1 (]: On model.dbt_driven_data.staging_dim_finance: COMMIT
[0m01:47:30.870187 [debug] [Thread-1 (]: Using postgres connection "model.dbt_driven_data.staging_dim_finance"
[0m01:47:30.870724 [debug] [Thread-1 (]: On model.dbt_driven_data.staging_dim_finance: COMMIT
[0m01:47:30.877805 [debug] [Thread-1 (]: SQL status: COMMIT in 0.006 seconds
[0m01:47:30.880101 [debug] [Thread-1 (]: Applying DROP to: "airflow"."driven_staging"."dim_finance__dbt_backup"
[0m01:47:30.880981 [debug] [Thread-1 (]: Using postgres connection "model.dbt_driven_data.staging_dim_finance"
[0m01:47:30.881463 [debug] [Thread-1 (]: On model.dbt_driven_data.staging_dim_finance: /* {"app": "dbt", "dbt_version": "1.8.0", "profile_name": "default", "target_name": "dev", "node_id": "model.dbt_driven_data.staging_dim_finance"} */
drop table if exists "airflow"."driven_staging"."dim_finance__dbt_backup" cascade
[0m01:47:30.885847 [debug] [Thread-1 (]: SQL status: DROP TABLE in 0.004 seconds
[0m01:47:30.887611 [debug] [Thread-1 (]: On model.dbt_driven_data.staging_dim_finance: Close
[0m01:47:30.888455 [debug] [Thread-1 (]: Sending event: {'category': 'dbt', 'action': 'run_model', 'label': '7627e2ab-e7d0-4fca-9d80-fb0215930824', 'context': [<snowplow_tracker.self_describing_json.SelfDescribingJson object at 0x77039f7e71a0>]}
[0m01:47:30.889146 [info ] [Thread-1 (]: 3 of 5 OK created sql table model driven_staging.dim_finance ................... [[32mSELECT 13860[0m in 0.08s]
[0m01:47:30.889903 [debug] [Thread-1 (]: Finished running node model.dbt_driven_data.staging_dim_finance
[0m01:47:30.890663 [debug] [Thread-1 (]: Began running node model.dbt_driven_data.staging_dim_person
[0m01:47:30.891381 [info ] [Thread-1 (]: 4 of 5 START sql table model driven_staging.dim_person ......................... [RUN]
[0m01:47:30.892032 [debug] [Thread-1 (]: Re-using an available connection from the pool (formerly model.dbt_driven_data.staging_dim_finance, now model.dbt_driven_data.staging_dim_person)
[0m01:47:30.892606 [debug] [Thread-1 (]: Began compiling node model.dbt_driven_data.staging_dim_person
[0m01:47:30.895549 [debug] [Thread-1 (]: Writing injected SQL for node "model.dbt_driven_data.staging_dim_person"
[0m01:47:30.901693 [debug] [Thread-1 (]: Began executing node model.dbt_driven_data.staging_dim_person
[0m01:47:30.905900 [debug] [Thread-1 (]: Writing runtime sql for node "model.dbt_driven_data.staging_dim_person"
[0m01:47:30.912117 [debug] [Thread-1 (]: Using postgres connection "model.dbt_driven_data.staging_dim_person"
[0m01:47:30.912641 [debug] [Thread-1 (]: On model.dbt_driven_data.staging_dim_person: BEGIN
[0m01:47:30.913165 [debug] [Thread-1 (]: Opening a new connection, currently in state closed
[0m01:47:30.918436 [debug] [Thread-1 (]: SQL status: BEGIN in 0.005 seconds
[0m01:47:30.919107 [debug] [Thread-1 (]: Using postgres connection "model.dbt_driven_data.staging_dim_person"
[0m01:47:30.920076 [debug] [Thread-1 (]: On model.dbt_driven_data.staging_dim_person: /* {"app": "dbt", "dbt_version": "1.8.0", "profile_name": "default", "target_name": "dev", "node_id": "model.dbt_driven_data.staging_dim_person"} */

  
    

  create  table "airflow"."driven_staging"."dim_person__dbt_tmp"
  
  
    as
  
  (
     
 
WITH source_data AS ( 
    SELECT 
        unique_id, 
        person_name, 
        user_name, 
        email, 
        phone, 
        birth_date, 
        personal_number 
    FROM 
        "airflow"."driven_raw"."raw_batch_data" 
) 
 
SELECT 
    * 
FROM 
    source_data
  );
  
[0m01:47:30.952930 [debug] [Thread-1 (]: SQL status: SELECT 13860 in 0.032 seconds
[0m01:47:30.956938 [debug] [Thread-1 (]: Using postgres connection "model.dbt_driven_data.staging_dim_person"
[0m01:47:30.957607 [debug] [Thread-1 (]: On model.dbt_driven_data.staging_dim_person: /* {"app": "dbt", "dbt_version": "1.8.0", "profile_name": "default", "target_name": "dev", "node_id": "model.dbt_driven_data.staging_dim_person"} */
alter table "airflow"."driven_staging"."dim_person" rename to "dim_person__dbt_backup"
[0m01:47:30.958575 [debug] [Thread-1 (]: SQL status: ALTER TABLE in 0.000 seconds
[0m01:47:30.961174 [debug] [Thread-1 (]: Using postgres connection "model.dbt_driven_data.staging_dim_person"
[0m01:47:30.961713 [debug] [Thread-1 (]: On model.dbt_driven_data.staging_dim_person: /* {"app": "dbt", "dbt_version": "1.8.0", "profile_name": "default", "target_name": "dev", "node_id": "model.dbt_driven_data.staging_dim_person"} */
alter table "airflow"."driven_staging"."dim_person__dbt_tmp" rename to "dim_person"
[0m01:47:30.962722 [debug] [Thread-1 (]: SQL status: ALTER TABLE in 0.000 seconds
[0m01:47:30.964685 [debug] [Thread-1 (]: On model.dbt_driven_data.staging_dim_person: COMMIT
[0m01:47:30.965377 [debug] [Thread-1 (]: Using postgres connection "model.dbt_driven_data.staging_dim_person"
[0m01:47:30.966000 [debug] [Thread-1 (]: On model.dbt_driven_data.staging_dim_person: COMMIT
[0m01:47:30.974911 [debug] [Thread-1 (]: SQL status: COMMIT in 0.008 seconds
[0m01:47:30.977601 [debug] [Thread-1 (]: Applying DROP to: "airflow"."driven_staging"."dim_person__dbt_backup"
[0m01:47:30.978494 [debug] [Thread-1 (]: Using postgres connection "model.dbt_driven_data.staging_dim_person"
[0m01:47:30.978973 [debug] [Thread-1 (]: On model.dbt_driven_data.staging_dim_person: /* {"app": "dbt", "dbt_version": "1.8.0", "profile_name": "default", "target_name": "dev", "node_id": "model.dbt_driven_data.staging_dim_person"} */
drop table if exists "airflow"."driven_staging"."dim_person__dbt_backup" cascade
[0m01:47:30.984181 [debug] [Thread-1 (]: SQL status: DROP TABLE in 0.005 seconds
[0m01:47:30.985657 [debug] [Thread-1 (]: On model.dbt_driven_data.staging_dim_person: Close
[0m01:47:30.986850 [debug] [Thread-1 (]: Sending event: {'category': 'dbt', 'action': 'run_model', 'label': '7627e2ab-e7d0-4fca-9d80-fb0215930824', 'context': [<snowplow_tracker.self_describing_json.SelfDescribingJson object at 0x77039f7f7590>]}
[0m01:47:30.987754 [info ] [Thread-1 (]: 4 of 5 OK created sql table model driven_staging.dim_person .................... [[32mSELECT 13860[0m in 0.09s]
[0m01:47:30.988589 [debug] [Thread-1 (]: Finished running node model.dbt_driven_data.staging_dim_person
[0m01:47:30.989246 [debug] [Thread-1 (]: Began running node model.dbt_driven_data.staging_fact_network_usage
[0m01:47:30.989937 [info ] [Thread-1 (]: 5 of 5 START sql table model driven_staging.fact_network_usage ................. [RUN]
[0m01:47:30.990830 [debug] [Thread-1 (]: Re-using an available connection from the pool (formerly model.dbt_driven_data.staging_dim_person, now model.dbt_driven_data.staging_fact_network_usage)
[0m01:47:30.991388 [debug] [Thread-1 (]: Began compiling node model.dbt_driven_data.staging_fact_network_usage
[0m01:47:30.994508 [debug] [Thread-1 (]: Writing injected SQL for node "model.dbt_driven_data.staging_fact_network_usage"
[0m01:47:31.001697 [debug] [Thread-1 (]: Began executing node model.dbt_driven_data.staging_fact_network_usage
[0m01:47:31.005898 [debug] [Thread-1 (]: Writing runtime sql for node "model.dbt_driven_data.staging_fact_network_usage"
[0m01:47:31.013160 [debug] [Thread-1 (]: Using postgres connection "model.dbt_driven_data.staging_fact_network_usage"
[0m01:47:31.013837 [debug] [Thread-1 (]: On model.dbt_driven_data.staging_fact_network_usage: BEGIN
[0m01:47:31.014349 [debug] [Thread-1 (]: Opening a new connection, currently in state closed
[0m01:47:31.019776 [debug] [Thread-1 (]: SQL status: BEGIN in 0.005 seconds
[0m01:47:31.020809 [debug] [Thread-1 (]: Using postgres connection "model.dbt_driven_data.staging_fact_network_usage"
[0m01:47:31.021740 [debug] [Thread-1 (]: On model.dbt_driven_data.staging_fact_network_usage: /* {"app": "dbt", "dbt_version": "1.8.0", "profile_name": "default", "target_name": "dev", "node_id": "model.dbt_driven_data.staging_fact_network_usage"} */

  
    

  create  table "airflow"."driven_staging"."fact_network_usage__dbt_tmp"
  
  
    as
  
  (
     
 
WITH source_data AS ( 
    SELECT 
        unique_id, 
        session_duration, 
        download_speed, 
        upload_speed, 
        consumed_traffic 
    FROM 
        "airflow"."driven_raw"."raw_batch_data" 
) 
 
SELECT 
    * 
FROM 
    source_data
  );
  
[0m01:47:31.038670 [debug] [Thread-1 (]: SQL status: SELECT 13860 in 0.016 seconds
[0m01:47:31.043199 [debug] [Thread-1 (]: Using postgres connection "model.dbt_driven_data.staging_fact_network_usage"
[0m01:47:31.043763 [debug] [Thread-1 (]: On model.dbt_driven_data.staging_fact_network_usage: /* {"app": "dbt", "dbt_version": "1.8.0", "profile_name": "default", "target_name": "dev", "node_id": "model.dbt_driven_data.staging_fact_network_usage"} */
alter table "airflow"."driven_staging"."fact_network_usage" rename to "fact_network_usage__dbt_backup"
[0m01:47:31.044682 [debug] [Thread-1 (]: SQL status: ALTER TABLE in 0.000 seconds
[0m01:47:31.048028 [debug] [Thread-1 (]: Using postgres connection "model.dbt_driven_data.staging_fact_network_usage"
[0m01:47:31.048635 [debug] [Thread-1 (]: On model.dbt_driven_data.staging_fact_network_usage: /* {"app": "dbt", "dbt_version": "1.8.0", "profile_name": "default", "target_name": "dev", "node_id": "model.dbt_driven_data.staging_fact_network_usage"} */
alter table "airflow"."driven_staging"."fact_network_usage__dbt_tmp" rename to "fact_network_usage"
[0m01:47:31.049647 [debug] [Thread-1 (]: SQL status: ALTER TABLE in 0.000 seconds
[0m01:47:31.051588 [debug] [Thread-1 (]: On model.dbt_driven_data.staging_fact_network_usage: COMMIT
[0m01:47:31.052165 [debug] [Thread-1 (]: Using postgres connection "model.dbt_driven_data.staging_fact_network_usage"
[0m01:47:31.052751 [debug] [Thread-1 (]: On model.dbt_driven_data.staging_fact_network_usage: COMMIT
[0m01:47:31.059270 [debug] [Thread-1 (]: SQL status: COMMIT in 0.006 seconds
[0m01:47:31.061857 [debug] [Thread-1 (]: Applying DROP to: "airflow"."driven_staging"."fact_network_usage__dbt_backup"
[0m01:47:31.062709 [debug] [Thread-1 (]: Using postgres connection "model.dbt_driven_data.staging_fact_network_usage"
[0m01:47:31.063265 [debug] [Thread-1 (]: On model.dbt_driven_data.staging_fact_network_usage: /* {"app": "dbt", "dbt_version": "1.8.0", "profile_name": "default", "target_name": "dev", "node_id": "model.dbt_driven_data.staging_fact_network_usage"} */
drop table if exists "airflow"."driven_staging"."fact_network_usage__dbt_backup" cascade
[0m01:47:31.067698 [debug] [Thread-1 (]: SQL status: DROP TABLE in 0.004 seconds
[0m01:47:31.069335 [debug] [Thread-1 (]: On model.dbt_driven_data.staging_fact_network_usage: Close
[0m01:47:31.071223 [debug] [Thread-1 (]: Sending event: {'category': 'dbt', 'action': 'run_model', 'label': '7627e2ab-e7d0-4fca-9d80-fb0215930824', 'context': [<snowplow_tracker.self_describing_json.SelfDescribingJson object at 0x77039f75d490>]}
[0m01:47:31.072181 [info ] [Thread-1 (]: 5 of 5 OK created sql table model driven_staging.fact_network_usage ............ [[32mSELECT 13860[0m in 0.08s]
[0m01:47:31.073101 [debug] [Thread-1 (]: Finished running node model.dbt_driven_data.staging_fact_network_usage
[0m01:47:31.075372 [debug] [MainThread]: Using postgres connection "master"
[0m01:47:31.075978 [debug] [MainThread]: On master: BEGIN
[0m01:47:31.076757 [debug] [MainThread]: Opening a new connection, currently in state closed
[0m01:47:31.081702 [debug] [MainThread]: SQL status: BEGIN in 0.005 seconds
[0m01:47:31.082349 [debug] [MainThread]: On master: COMMIT
[0m01:47:31.082956 [debug] [MainThread]: Using postgres connection "master"
[0m01:47:31.083635 [debug] [MainThread]: On master: COMMIT
[0m01:47:31.084342 [debug] [MainThread]: SQL status: COMMIT in 0.000 seconds
[0m01:47:31.084894 [debug] [MainThread]: On master: Close
[0m01:47:31.085631 [debug] [MainThread]: Connection 'master' was properly closed.
[0m01:47:31.086173 [debug] [MainThread]: Connection 'model.dbt_driven_data.staging_fact_network_usage' was properly closed.
[0m01:47:31.086908 [info ] [MainThread]: 
[0m01:47:31.087552 [info ] [MainThread]: Finished running 5 table models in 0 hours 0 minutes and 0.74 seconds (0.74s).
[0m01:47:31.089344 [debug] [MainThread]: Command end result
[0m01:47:31.140297 [info ] [MainThread]: 
[0m01:47:31.141163 [info ] [MainThread]: [32mCompleted successfully[0m
[0m01:47:31.142066 [info ] [MainThread]: 
[0m01:47:31.142754 [info ] [MainThread]: Done. PASS=5 WARN=0 ERROR=0 SKIP=0 TOTAL=5
[0m01:47:31.144032 [debug] [MainThread]: Resource report: {"command_name": "run", "command_success": true, "command_wall_clock_time": 1.6561432, "process_user_time": 2.59337, "process_kernel_time": 0.393421, "process_mem_max_rss": "119548", "process_in_blocks": "0", "process_out_blocks": "0"}
[0m01:47:31.144727 [debug] [MainThread]: Command `dbt run` succeeded at 01:47:31.144619 after 1.66 seconds
[0m01:47:31.145303 [debug] [MainThread]: Sending event: {'category': 'dbt', 'action': 'invocation', 'label': 'end', 'context': [<snowplow_tracker.self_describing_json.SelfDescribingJson object at 0x7703a343fc20>, <snowplow_tracker.self_describing_json.SelfDescribingJson object at 0x7703a2b1d2e0>, <snowplow_tracker.self_describing_json.SelfDescribingJson object at 0x7703a0932330>]}
[0m01:47:31.145883 [debug] [MainThread]: Flushing usage events
[0m01:47:34.997906 [debug] [MainThread]: Sending event: {'category': 'dbt', 'action': 'invocation', 'label': 'start', 'context': [<snowplow_tracker.self_describing_json.SelfDescribingJson object at 0x7b86c6c56e40>, <snowplow_tracker.self_describing_json.SelfDescribingJson object at 0x7b86c7b07ec0>, <snowplow_tracker.self_describing_json.SelfDescribingJson object at 0x7b86c6de3860>]}


============================== 01:47:35.004647 | ca6540c6-68bc-4efa-a38d-54c67f0e2214 ==============================
[0m01:47:35.004647 [info ] [MainThread]: Running with dbt=1.8.0
[0m01:47:35.005475 [debug] [MainThread]: running dbt with arguments {'printer_width': '80', 'indirect_selection': 'eager', 'log_cache_events': 'False', 'write_json': 'True', 'partial_parse': 'True', 'cache_selected_only': 'False', 'profiles_dir': '/opt/airflow/dbt', 'fail_fast': 'False', 'version_check': 'True', 'log_path': '/opt/airflow/dbt/logs', 'debug': 'False', 'warn_error': 'None', 'use_colors': 'True', 'use_experimental_parser': 'False', 'no_print': 'None', 'quiet': 'False', 'warn_error_options': 'WarnErrorOptions(include=[], exclude=[])', 'introspect': 'True', 'invocation_command': 'dbt run --select tag:trusted', 'log_format': 'default', 'target_path': 'None', 'static_parser': 'True', 'send_anonymous_usage_stats': 'True'}
[0m01:47:35.230745 [debug] [MainThread]: Sending event: {'category': 'dbt', 'action': 'project_id', 'label': 'ca6540c6-68bc-4efa-a38d-54c67f0e2214', 'context': [<snowplow_tracker.self_describing_json.SelfDescribingJson object at 0x7b86c6764320>]}
[0m01:47:35.292782 [debug] [MainThread]: Sending event: {'category': 'dbt', 'action': 'adapter_info', 'label': 'ca6540c6-68bc-4efa-a38d-54c67f0e2214', 'context': [<snowplow_tracker.self_describing_json.SelfDescribingJson object at 0x7b86c74fc410>]}
[0m01:47:35.293948 [info ] [MainThread]: Registered adapter: postgres=1.8.2
[0m01:47:35.428061 [debug] [MainThread]: checksum: dbb12d416fdb55e3665e4828703bbedf40c5c90ed7ca6ff39bbbfb29b12b0a92, vars: {}, profile: , target: , version: 1.8.0
[0m01:47:35.693128 [debug] [MainThread]: Partial parsing enabled: 0 files deleted, 0 files added, 0 files changed.
[0m01:47:35.693976 [debug] [MainThread]: Partial parsing enabled, no changes found, skipping parsing
[0m01:47:35.733689 [debug] [MainThread]: Sending event: {'category': 'dbt', 'action': 'load_project', 'label': 'ca6540c6-68bc-4efa-a38d-54c67f0e2214', 'context': [<snowplow_tracker.self_describing_json.SelfDescribingJson object at 0x7b86c5f4bfe0>]}
[0m01:47:35.862786 [debug] [MainThread]: Sending event: {'category': 'dbt', 'action': 'resource_counts', 'label': 'ca6540c6-68bc-4efa-a38d-54c67f0e2214', 'context': [<snowplow_tracker.self_describing_json.SelfDescribingJson object at 0x7b86c5be0440>]}
[0m01:47:35.863650 [info ] [MainThread]: Found 9 models, 10 sources, 428 macros
[0m01:47:35.864550 [debug] [MainThread]: Sending event: {'category': 'dbt', 'action': 'runnable_timing', 'label': 'ca6540c6-68bc-4efa-a38d-54c67f0e2214', 'context': [<snowplow_tracker.self_describing_json.SelfDescribingJson object at 0x7b86c5365cd0>]}
[0m01:47:35.866774 [info ] [MainThread]: 
[0m01:47:35.867911 [debug] [MainThread]: Acquiring new postgres connection 'master'
[0m01:47:35.873030 [debug] [ThreadPool]: Acquiring new postgres connection 'list_airflow'
[0m01:47:35.916881 [debug] [ThreadPool]: Using postgres connection "list_airflow"
[0m01:47:35.917543 [debug] [ThreadPool]: On list_airflow: /* {"app": "dbt", "dbt_version": "1.8.0", "profile_name": "default", "target_name": "dev", "connection_name": "list_airflow"} */

    select distinct nspname from pg_namespace
  
[0m01:47:35.918063 [debug] [ThreadPool]: Opening a new connection, currently in state init
[0m01:47:35.924843 [debug] [ThreadPool]: SQL status: SELECT 7 in 0.007 seconds
[0m01:47:35.926402 [debug] [ThreadPool]: On list_airflow: Close
[0m01:47:35.928534 [debug] [ThreadPool]: Re-using an available connection from the pool (formerly list_airflow, now list_airflow_driven_staging)
[0m01:47:35.934170 [debug] [ThreadPool]: Using postgres connection "list_airflow_driven_staging"
[0m01:47:35.934689 [debug] [ThreadPool]: On list_airflow_driven_staging: BEGIN
[0m01:47:35.935378 [debug] [ThreadPool]: Opening a new connection, currently in state closed
[0m01:47:35.940849 [debug] [ThreadPool]: SQL status: BEGIN in 0.006 seconds
[0m01:47:35.941495 [debug] [ThreadPool]: Using postgres connection "list_airflow_driven_staging"
[0m01:47:35.942118 [debug] [ThreadPool]: On list_airflow_driven_staging: /* {"app": "dbt", "dbt_version": "1.8.0", "profile_name": "default", "target_name": "dev", "connection_name": "list_airflow_driven_staging"} */
select
      'airflow' as database,
      tablename as name,
      schemaname as schema,
      'table' as type
    from pg_tables
    where schemaname ilike 'driven_staging'
    union all
    select
      'airflow' as database,
      viewname as name,
      schemaname as schema,
      'view' as type
    from pg_views
    where schemaname ilike 'driven_staging'
    union all
    select
      'airflow' as database,
      matviewname as name,
      schemaname as schema,
      'materialized_view' as type
    from pg_matviews
    where schemaname ilike 'driven_staging'
  
[0m01:47:35.945863 [debug] [ThreadPool]: SQL status: SELECT 5 in 0.003 seconds
[0m01:47:35.947513 [debug] [ThreadPool]: On list_airflow_driven_staging: ROLLBACK
[0m01:47:35.948243 [debug] [ThreadPool]: On list_airflow_driven_staging: Close
[0m01:47:35.949227 [debug] [ThreadPool]: Re-using an available connection from the pool (formerly list_airflow_driven_staging, now list_airflow_driven_trusted)
[0m01:47:35.952915 [debug] [ThreadPool]: Using postgres connection "list_airflow_driven_trusted"
[0m01:47:35.953712 [debug] [ThreadPool]: On list_airflow_driven_trusted: BEGIN
[0m01:47:35.954337 [debug] [ThreadPool]: Opening a new connection, currently in state closed
[0m01:47:35.960235 [debug] [ThreadPool]: SQL status: BEGIN in 0.006 seconds
[0m01:47:35.960917 [debug] [ThreadPool]: Using postgres connection "list_airflow_driven_trusted"
[0m01:47:35.961435 [debug] [ThreadPool]: On list_airflow_driven_trusted: /* {"app": "dbt", "dbt_version": "1.8.0", "profile_name": "default", "target_name": "dev", "connection_name": "list_airflow_driven_trusted"} */
select
      'airflow' as database,
      tablename as name,
      schemaname as schema,
      'table' as type
    from pg_tables
    where schemaname ilike 'driven_trusted'
    union all
    select
      'airflow' as database,
      viewname as name,
      schemaname as schema,
      'view' as type
    from pg_views
    where schemaname ilike 'driven_trusted'
    union all
    select
      'airflow' as database,
      matviewname as name,
      schemaname as schema,
      'materialized_view' as type
    from pg_matviews
    where schemaname ilike 'driven_trusted'
  
[0m01:47:35.964804 [debug] [ThreadPool]: SQL status: SELECT 4 in 0.003 seconds
[0m01:47:35.966362 [debug] [ThreadPool]: On list_airflow_driven_trusted: ROLLBACK
[0m01:47:35.967036 [debug] [ThreadPool]: On list_airflow_driven_trusted: Close
[0m01:47:35.974515 [debug] [MainThread]: Using postgres connection "master"
[0m01:47:35.975715 [debug] [MainThread]: On master: BEGIN
[0m01:47:35.976463 [debug] [MainThread]: Opening a new connection, currently in state init
[0m01:47:35.982200 [debug] [MainThread]: SQL status: BEGIN in 0.006 seconds
[0m01:47:35.983036 [debug] [MainThread]: Using postgres connection "master"
[0m01:47:35.983810 [debug] [MainThread]: On master: /* {"app": "dbt", "dbt_version": "1.8.0", "profile_name": "default", "target_name": "dev", "connection_name": "master"} */
with relation as (
        select
            pg_rewrite.ev_class as class,
            pg_rewrite.oid as id
        from pg_rewrite
    ),
    class as (
        select
            oid as id,
            relname as name,
            relnamespace as schema,
            relkind as kind
        from pg_class
    ),
    dependency as (
        select distinct
            pg_depend.objid as id,
            pg_depend.refobjid as ref
        from pg_depend
    ),
    schema as (
        select
            pg_namespace.oid as id,
            pg_namespace.nspname as name
        from pg_namespace
        where nspname != 'information_schema' and nspname not like 'pg\_%'
    ),
    referenced as (
        select
            relation.id AS id,
            referenced_class.name ,
            referenced_class.schema ,
            referenced_class.kind
        from relation
        join class as referenced_class on relation.class=referenced_class.id
        where referenced_class.kind in ('r', 'v', 'm')
    ),
    relationships as (
        select
            referenced.name as referenced_name,
            referenced.schema as referenced_schema_id,
            dependent_class.name as dependent_name,
            dependent_class.schema as dependent_schema_id,
            referenced.kind as kind
        from referenced
        join dependency on referenced.id=dependency.id
        join class as dependent_class on dependency.ref=dependent_class.id
        where
            (referenced.name != dependent_class.name or
             referenced.schema != dependent_class.schema)
    )

    select
        referenced_schema.name as referenced_schema,
        relationships.referenced_name as referenced_name,
        dependent_schema.name as dependent_schema,
        relationships.dependent_name as dependent_name
    from relationships
    join schema as dependent_schema on relationships.dependent_schema_id=dependent_schema.id
    join schema as referenced_schema on relationships.referenced_schema_id=referenced_schema.id
    group by referenced_schema, referenced_name, dependent_schema, dependent_name
    order by referenced_schema, referenced_name, dependent_schema, dependent_name;
[0m01:47:35.988477 [debug] [MainThread]: SQL status: SELECT 0 in 0.004 seconds
[0m01:47:35.990296 [debug] [MainThread]: Sending event: {'category': 'dbt', 'action': 'runnable_timing', 'label': 'ca6540c6-68bc-4efa-a38d-54c67f0e2214', 'context': [<snowplow_tracker.self_describing_json.SelfDescribingJson object at 0x7b86c67d3650>]}
[0m01:47:35.991017 [debug] [MainThread]: On master: ROLLBACK
[0m01:47:35.992006 [debug] [MainThread]: Using postgres connection "master"
[0m01:47:35.992766 [debug] [MainThread]: On master: BEGIN
[0m01:47:35.993721 [debug] [MainThread]: SQL status: BEGIN in 0.000 seconds
[0m01:47:35.994383 [debug] [MainThread]: On master: COMMIT
[0m01:47:35.995064 [debug] [MainThread]: Using postgres connection "master"
[0m01:47:35.995568 [debug] [MainThread]: On master: COMMIT
[0m01:47:35.996372 [debug] [MainThread]: SQL status: COMMIT in 0.000 seconds
[0m01:47:35.997052 [debug] [MainThread]: On master: Close
[0m01:47:35.998144 [info ] [MainThread]: Concurrency: 1 threads (target='dev')
[0m01:47:35.999383 [info ] [MainThread]: 
[0m01:47:36.010634 [debug] [Thread-1 (]: Began running node model.dbt_driven_data.trusted_non_pii_data
[0m01:47:36.011545 [info ] [Thread-1 (]: 1 of 4 START sql table model driven_trusted.non_pii_data ....................... [RUN]
[0m01:47:36.012562 [debug] [Thread-1 (]: Re-using an available connection from the pool (formerly list_airflow_driven_trusted, now model.dbt_driven_data.trusted_non_pii_data)
[0m01:47:36.013241 [debug] [Thread-1 (]: Began compiling node model.dbt_driven_data.trusted_non_pii_data
[0m01:47:36.022377 [debug] [Thread-1 (]: Writing injected SQL for node "model.dbt_driven_data.trusted_non_pii_data"
[0m01:47:36.033875 [debug] [Thread-1 (]: Began executing node model.dbt_driven_data.trusted_non_pii_data
[0m01:47:36.077190 [debug] [Thread-1 (]: Writing runtime sql for node "model.dbt_driven_data.trusted_non_pii_data"
[0m01:47:36.089376 [debug] [Thread-1 (]: Using postgres connection "model.dbt_driven_data.trusted_non_pii_data"
[0m01:47:36.090060 [debug] [Thread-1 (]: On model.dbt_driven_data.trusted_non_pii_data: BEGIN
[0m01:47:36.090610 [debug] [Thread-1 (]: Opening a new connection, currently in state closed
[0m01:47:36.097662 [debug] [Thread-1 (]: SQL status: BEGIN in 0.007 seconds
[0m01:47:36.098584 [debug] [Thread-1 (]: Using postgres connection "model.dbt_driven_data.trusted_non_pii_data"
[0m01:47:36.099229 [debug] [Thread-1 (]: On model.dbt_driven_data.trusted_non_pii_data: /* {"app": "dbt", "dbt_version": "1.8.0", "profile_name": "default", "target_name": "dev", "node_id": "model.dbt_driven_data.trusted_non_pii_data"} */

  
    

  create  table "airflow"."driven_trusted"."non_pii_data__dbt_tmp"
  
  
    as
  
  (
     
 
WITH source_data AS ( 
    SELECT 
        '***MASKED***' AS person_name, 
        SUBSTRING(dp.user_name, 1, 5) || '*****'  user_name, 
        SUBSTRING(dp.email, 1, 5) || '*****' AS email, 
        '***MASKED***'  AS personal_number,  
        '***MASKED***' AS birth_date,  
        '***MASKED***' AS address, 
        '***MASKED***'  AS phone,  
        SUBSTRING(da.mac_address, 1, 5) || '*****' AS mac_address, 
        SUBSTRING(da.ip_address, 1, 5) || '*****' AS ip_address, 
        SUBSTRING(df.iban, 1, 5) || '*****' AS iban, 
        dd.accessed_at, 
        fnu.session_duration, 
        fnu.download_speed, 
        fnu.upload_speed, 
        fnu.consumed_traffic, 
        fnu.unique_id 
    FROM
     "airflow"."driven_staging"."fact_network_usage" fnu 
    INNER JOIN 
        "airflow"."driven_staging"."dim_address" da ON 
fnu.unique_id = da.unique_id 
    INNER JOIN 
        "airflow"."driven_staging"."dim_date" dd ON da.unique_id = 
dd.unique_id 
    INNER JOIN 
        "airflow"."driven_staging"."dim_finance" df ON dd.unique_id 
= df.unique_id 
    INNER JOIN 
        "airflow"."driven_staging"."dim_person" dp ON df.unique_id 
= dp.unique_id 
) 
 
SELECT 
    * 
FROM 
    source_data
  );
  
[0m01:47:36.723915 [debug] [Thread-1 (]: SQL status: SELECT 13860 in 0.624 seconds
[0m01:47:36.730587 [debug] [Thread-1 (]: Using postgres connection "model.dbt_driven_data.trusted_non_pii_data"
[0m01:47:36.731200 [debug] [Thread-1 (]: On model.dbt_driven_data.trusted_non_pii_data: /* {"app": "dbt", "dbt_version": "1.8.0", "profile_name": "default", "target_name": "dev", "node_id": "model.dbt_driven_data.trusted_non_pii_data"} */
alter table "airflow"."driven_trusted"."non_pii_data" rename to "non_pii_data__dbt_backup"
[0m01:47:36.732111 [debug] [Thread-1 (]: SQL status: ALTER TABLE in 0.000 seconds
[0m01:47:36.736987 [debug] [Thread-1 (]: Using postgres connection "model.dbt_driven_data.trusted_non_pii_data"
[0m01:47:36.737702 [debug] [Thread-1 (]: On model.dbt_driven_data.trusted_non_pii_data: /* {"app": "dbt", "dbt_version": "1.8.0", "profile_name": "default", "target_name": "dev", "node_id": "model.dbt_driven_data.trusted_non_pii_data"} */
alter table "airflow"."driven_trusted"."non_pii_data__dbt_tmp" rename to "non_pii_data"
[0m01:47:36.738656 [debug] [Thread-1 (]: SQL status: ALTER TABLE in 0.000 seconds
[0m01:47:36.757814 [debug] [Thread-1 (]: On model.dbt_driven_data.trusted_non_pii_data: COMMIT
[0m01:47:36.758503 [debug] [Thread-1 (]: Using postgres connection "model.dbt_driven_data.trusted_non_pii_data"
[0m01:47:36.759113 [debug] [Thread-1 (]: On model.dbt_driven_data.trusted_non_pii_data: COMMIT
[0m01:47:36.762768 [debug] [Thread-1 (]: SQL status: COMMIT in 0.003 seconds
[0m01:47:36.768809 [debug] [Thread-1 (]: Applying DROP to: "airflow"."driven_trusted"."non_pii_data__dbt_backup"
[0m01:47:36.774994 [debug] [Thread-1 (]: Using postgres connection "model.dbt_driven_data.trusted_non_pii_data"
[0m01:47:36.775642 [debug] [Thread-1 (]: On model.dbt_driven_data.trusted_non_pii_data: /* {"app": "dbt", "dbt_version": "1.8.0", "profile_name": "default", "target_name": "dev", "node_id": "model.dbt_driven_data.trusted_non_pii_data"} */
drop table if exists "airflow"."driven_trusted"."non_pii_data__dbt_backup" cascade
[0m01:47:36.781325 [debug] [Thread-1 (]: SQL status: DROP TABLE in 0.005 seconds
[0m01:47:36.783872 [debug] [Thread-1 (]: On model.dbt_driven_data.trusted_non_pii_data: Close
[0m01:47:36.785555 [debug] [Thread-1 (]: Sending event: {'category': 'dbt', 'action': 'run_model', 'label': 'ca6540c6-68bc-4efa-a38d-54c67f0e2214', 'context': [<snowplow_tracker.self_describing_json.SelfDescribingJson object at 0x7b86c8149ac0>]}
[0m01:47:36.786764 [info ] [Thread-1 (]: 1 of 4 OK created sql table model driven_trusted.non_pii_data .................. [[32mSELECT 13860[0m in 0.77s]
[0m01:47:36.787889 [debug] [Thread-1 (]: Finished running node model.dbt_driven_data.trusted_non_pii_data
[0m01:47:36.788643 [debug] [Thread-1 (]: Began running node model.dbt_driven_data.trusted_payment_data
[0m01:47:36.789383 [info ] [Thread-1 (]: 2 of 4 START sql table model driven_trusted.payment_data ....................... [RUN]
[0m01:47:36.790149 [debug] [Thread-1 (]: Re-using an available connection from the pool (formerly model.dbt_driven_data.trusted_non_pii_data, now model.dbt_driven_data.trusted_payment_data)
[0m01:47:36.790686 [debug] [Thread-1 (]: Began compiling node model.dbt_driven_data.trusted_payment_data
[0m01:47:36.794459 [debug] [Thread-1 (]: Writing injected SQL for node "model.dbt_driven_data.trusted_payment_data"
[0m01:47:36.801580 [debug] [Thread-1 (]: Began executing node model.dbt_driven_data.trusted_payment_data
[0m01:47:36.805693 [debug] [Thread-1 (]: Writing runtime sql for node "model.dbt_driven_data.trusted_payment_data"
[0m01:47:36.813433 [debug] [Thread-1 (]: Using postgres connection "model.dbt_driven_data.trusted_payment_data"
[0m01:47:36.814066 [debug] [Thread-1 (]: On model.dbt_driven_data.trusted_payment_data: BEGIN
[0m01:47:36.814582 [debug] [Thread-1 (]: Opening a new connection, currently in state closed
[0m01:47:36.820104 [debug] [Thread-1 (]: SQL status: BEGIN in 0.005 seconds
[0m01:47:36.820916 [debug] [Thread-1 (]: Using postgres connection "model.dbt_driven_data.trusted_payment_data"
[0m01:47:36.821500 [debug] [Thread-1 (]: On model.dbt_driven_data.trusted_payment_data: /* {"app": "dbt", "dbt_version": "1.8.0", "profile_name": "default", "target_name": "dev", "node_id": "model.dbt_driven_data.trusted_payment_data"} */

  
    

  create  table "airflow"."driven_trusted"."payment_data__dbt_tmp"
  
  
    as
  
  (
     
 
WITH source_data AS ( 
    SELECT 
        fnu.unique_id, 
        df.iban, 
        fnu.download_speed, 
        fnu.upload_speed, 
        fnu.session_duration, 
        fnu.consumed_traffic, 
        ((fnu.download_speed + fnu.upload_speed + 1)/2) + 
(fnu.consumed_traffic / (fnu.session_duration + 1)) AS payment_amount 
    FROM 
        "airflow"."driven_staging"."fact_network_usage" fnu 
    JOIN 
        "airflow"."driven_staging"."dim_finance" df 
    ON 
     fnu.unique_id = df.unique_id 
) 
 
SELECT 
    * 
FROM 
    source_data
  );
  
[0m01:47:36.882097 [debug] [Thread-1 (]: SQL status: SELECT 13860 in 0.060 seconds
[0m01:47:36.885599 [debug] [Thread-1 (]: Using postgres connection "model.dbt_driven_data.trusted_payment_data"
[0m01:47:36.886154 [debug] [Thread-1 (]: On model.dbt_driven_data.trusted_payment_data: /* {"app": "dbt", "dbt_version": "1.8.0", "profile_name": "default", "target_name": "dev", "node_id": "model.dbt_driven_data.trusted_payment_data"} */
alter table "airflow"."driven_trusted"."payment_data" rename to "payment_data__dbt_backup"
[0m01:47:36.887340 [debug] [Thread-1 (]: SQL status: ALTER TABLE in 0.000 seconds
[0m01:47:36.890576 [debug] [Thread-1 (]: Using postgres connection "model.dbt_driven_data.trusted_payment_data"
[0m01:47:36.891181 [debug] [Thread-1 (]: On model.dbt_driven_data.trusted_payment_data: /* {"app": "dbt", "dbt_version": "1.8.0", "profile_name": "default", "target_name": "dev", "node_id": "model.dbt_driven_data.trusted_payment_data"} */
alter table "airflow"."driven_trusted"."payment_data__dbt_tmp" rename to "payment_data"
[0m01:47:36.892189 [debug] [Thread-1 (]: SQL status: ALTER TABLE in 0.000 seconds
[0m01:47:36.894294 [debug] [Thread-1 (]: On model.dbt_driven_data.trusted_payment_data: COMMIT
[0m01:47:36.894816 [debug] [Thread-1 (]: Using postgres connection "model.dbt_driven_data.trusted_payment_data"
[0m01:47:36.895321 [debug] [Thread-1 (]: On model.dbt_driven_data.trusted_payment_data: COMMIT
[0m01:47:36.902477 [debug] [Thread-1 (]: SQL status: COMMIT in 0.007 seconds
[0m01:47:36.905269 [debug] [Thread-1 (]: Applying DROP to: "airflow"."driven_trusted"."payment_data__dbt_backup"
[0m01:47:36.906262 [debug] [Thread-1 (]: Using postgres connection "model.dbt_driven_data.trusted_payment_data"
[0m01:47:36.906899 [debug] [Thread-1 (]: On model.dbt_driven_data.trusted_payment_data: /* {"app": "dbt", "dbt_version": "1.8.0", "profile_name": "default", "target_name": "dev", "node_id": "model.dbt_driven_data.trusted_payment_data"} */
drop table if exists "airflow"."driven_trusted"."payment_data__dbt_backup" cascade
[0m01:47:36.911929 [debug] [Thread-1 (]: SQL status: DROP TABLE in 0.004 seconds
[0m01:47:36.913463 [debug] [Thread-1 (]: On model.dbt_driven_data.trusted_payment_data: Close
[0m01:47:36.914301 [debug] [Thread-1 (]: Sending event: {'category': 'dbt', 'action': 'run_model', 'label': 'ca6540c6-68bc-4efa-a38d-54c67f0e2214', 'context': [<snowplow_tracker.self_describing_json.SelfDescribingJson object at 0x7b86c47bef60>]}
[0m01:47:36.915033 [info ] [Thread-1 (]: 2 of 4 OK created sql table model driven_trusted.payment_data .................. [[32mSELECT 13860[0m in 0.12s]
[0m01:47:36.915840 [debug] [Thread-1 (]: Finished running node model.dbt_driven_data.trusted_payment_data
[0m01:47:36.916497 [debug] [Thread-1 (]: Began running node model.dbt_driven_data.trusted_pii_data
[0m01:47:36.917191 [info ] [Thread-1 (]: 3 of 4 START sql table model driven_trusted.pii_data ........................... [RUN]
[0m01:47:36.917803 [debug] [Thread-1 (]: Re-using an available connection from the pool (formerly model.dbt_driven_data.trusted_payment_data, now model.dbt_driven_data.trusted_pii_data)
[0m01:47:36.918386 [debug] [Thread-1 (]: Began compiling node model.dbt_driven_data.trusted_pii_data
[0m01:47:36.923806 [debug] [Thread-1 (]: Writing injected SQL for node "model.dbt_driven_data.trusted_pii_data"
[0m01:47:36.930383 [debug] [Thread-1 (]: Began executing node model.dbt_driven_data.trusted_pii_data
[0m01:47:36.935344 [debug] [Thread-1 (]: Writing runtime sql for node "model.dbt_driven_data.trusted_pii_data"
[0m01:47:36.942934 [debug] [Thread-1 (]: Using postgres connection "model.dbt_driven_data.trusted_pii_data"
[0m01:47:36.943578 [debug] [Thread-1 (]: On model.dbt_driven_data.trusted_pii_data: BEGIN
[0m01:47:36.944197 [debug] [Thread-1 (]: Opening a new connection, currently in state closed
[0m01:47:36.949392 [debug] [Thread-1 (]: SQL status: BEGIN in 0.005 seconds
[0m01:47:36.950080 [debug] [Thread-1 (]: Using postgres connection "model.dbt_driven_data.trusted_pii_data"
[0m01:47:36.950805 [debug] [Thread-1 (]: On model.dbt_driven_data.trusted_pii_data: /* {"app": "dbt", "dbt_version": "1.8.0", "profile_name": "default", "target_name": "dev", "node_id": "model.dbt_driven_data.trusted_pii_data"} */

  
    

  create  table "airflow"."driven_trusted"."pii_data__dbt_tmp"
  
  
    as
  
  (
     
 
WITH source_data AS ( 
    SELECT 
        dp.person_name, 
        dp.user_name, 
        dp.email, 
        dp.personal_number,  
        dp.birth_date,  
        da.address, 
        dp.phone,  
        da.mac_address, 
        da.ip_address, 
        df.iban, 
        dd.accessed_at, 
        fnu.session_duration, 
        fnu.download_speed, 
        fnu.upload_speed,
        fnu.consumed_traffic, 
        fnu.unique_id 
    FROM 
        "airflow"."driven_staging"."fact_network_usage" fnu 
    INNER JOIN 
        "airflow"."driven_staging"."dim_address" da ON 
fnu.unique_id = da.unique_id 
    INNER JOIN 
        "airflow"."driven_staging"."dim_date" dd ON da.unique_id = 
dd.unique_id 
    INNER JOIN 
        "airflow"."driven_staging"."dim_finance" df ON dd.unique_id 
= df.unique_id 
    INNER JOIN 
        "airflow"."driven_staging"."dim_person" dp ON df.unique_id 
= dp.unique_id 
) 
 
SELECT 
    * 
FROM 
    source_data
  );
  
[0m01:47:37.585774 [debug] [Thread-1 (]: SQL status: SELECT 13860 in 0.634 seconds
[0m01:47:37.589004 [debug] [Thread-1 (]: Using postgres connection "model.dbt_driven_data.trusted_pii_data"
[0m01:47:37.589578 [debug] [Thread-1 (]: On model.dbt_driven_data.trusted_pii_data: /* {"app": "dbt", "dbt_version": "1.8.0", "profile_name": "default", "target_name": "dev", "node_id": "model.dbt_driven_data.trusted_pii_data"} */
alter table "airflow"."driven_trusted"."pii_data" rename to "pii_data__dbt_backup"
[0m01:47:37.590573 [debug] [Thread-1 (]: SQL status: ALTER TABLE in 0.000 seconds
[0m01:47:37.593315 [debug] [Thread-1 (]: Using postgres connection "model.dbt_driven_data.trusted_pii_data"
[0m01:47:37.593796 [debug] [Thread-1 (]: On model.dbt_driven_data.trusted_pii_data: /* {"app": "dbt", "dbt_version": "1.8.0", "profile_name": "default", "target_name": "dev", "node_id": "model.dbt_driven_data.trusted_pii_data"} */
alter table "airflow"."driven_trusted"."pii_data__dbt_tmp" rename to "pii_data"
[0m01:47:37.594552 [debug] [Thread-1 (]: SQL status: ALTER TABLE in 0.000 seconds
[0m01:47:37.596563 [debug] [Thread-1 (]: On model.dbt_driven_data.trusted_pii_data: COMMIT
[0m01:47:37.597070 [debug] [Thread-1 (]: Using postgres connection "model.dbt_driven_data.trusted_pii_data"
[0m01:47:37.597551 [debug] [Thread-1 (]: On model.dbt_driven_data.trusted_pii_data: COMMIT
[0m01:47:37.656314 [debug] [Thread-1 (]: SQL status: COMMIT in 0.058 seconds
[0m01:47:37.659011 [debug] [Thread-1 (]: Applying DROP to: "airflow"."driven_trusted"."pii_data__dbt_backup"
[0m01:47:37.660019 [debug] [Thread-1 (]: Using postgres connection "model.dbt_driven_data.trusted_pii_data"
[0m01:47:37.660583 [debug] [Thread-1 (]: On model.dbt_driven_data.trusted_pii_data: /* {"app": "dbt", "dbt_version": "1.8.0", "profile_name": "default", "target_name": "dev", "node_id": "model.dbt_driven_data.trusted_pii_data"} */
drop table if exists "airflow"."driven_trusted"."pii_data__dbt_backup" cascade
[0m01:47:37.665955 [debug] [Thread-1 (]: SQL status: DROP TABLE in 0.005 seconds
[0m01:47:37.667602 [debug] [Thread-1 (]: On model.dbt_driven_data.trusted_pii_data: Close
[0m01:47:37.668327 [debug] [Thread-1 (]: Sending event: {'category': 'dbt', 'action': 'run_model', 'label': 'ca6540c6-68bc-4efa-a38d-54c67f0e2214', 'context': [<snowplow_tracker.self_describing_json.SelfDescribingJson object at 0x7b86c3a286b0>]}
[0m01:47:37.669471 [info ] [Thread-1 (]: 3 of 4 OK created sql table model driven_trusted.pii_data ...................... [[32mSELECT 13860[0m in 0.75s]
[0m01:47:37.670479 [debug] [Thread-1 (]: Finished running node model.dbt_driven_data.trusted_pii_data
[0m01:47:37.671164 [debug] [Thread-1 (]: Began running node model.dbt_driven_data.trusted_technical_data
[0m01:47:37.671986 [info ] [Thread-1 (]: 4 of 4 START sql table model driven_trusted.technical_data ..................... [RUN]
[0m01:47:37.672756 [debug] [Thread-1 (]: Re-using an available connection from the pool (formerly model.dbt_driven_data.trusted_pii_data, now model.dbt_driven_data.trusted_technical_data)
[0m01:47:37.673344 [debug] [Thread-1 (]: Began compiling node model.dbt_driven_data.trusted_technical_data
[0m01:47:37.676882 [debug] [Thread-1 (]: Writing injected SQL for node "model.dbt_driven_data.trusted_technical_data"
[0m01:47:37.684642 [debug] [Thread-1 (]: Began executing node model.dbt_driven_data.trusted_technical_data
[0m01:47:37.688369 [debug] [Thread-1 (]: Writing runtime sql for node "model.dbt_driven_data.trusted_technical_data"
[0m01:47:37.695672 [debug] [Thread-1 (]: Using postgres connection "model.dbt_driven_data.trusted_technical_data"
[0m01:47:37.696265 [debug] [Thread-1 (]: On model.dbt_driven_data.trusted_technical_data: BEGIN
[0m01:47:37.696803 [debug] [Thread-1 (]: Opening a new connection, currently in state closed
[0m01:47:37.701948 [debug] [Thread-1 (]: SQL status: BEGIN in 0.005 seconds
[0m01:47:37.702791 [debug] [Thread-1 (]: Using postgres connection "model.dbt_driven_data.trusted_technical_data"
[0m01:47:37.703695 [debug] [Thread-1 (]: On model.dbt_driven_data.trusted_technical_data: /* {"app": "dbt", "dbt_version": "1.8.0", "profile_name": "default", "target_name": "dev", "node_id": "model.dbt_driven_data.trusted_technical_data"} */

  
    

  create  table "airflow"."driven_trusted"."technical_data__dbt_tmp"
  
  
    as
  
  (
     
 
WITH source_data AS ( 
    SELECT 
        fnu.unique_id, 
        da.address, 
        da.mac_address, 
        da.ip_address, 
        fnu.download_speed, 
        fnu.upload_speed, 
        ROUND((fnu.session_duration/60), 1) as min_session_duration, 
        CASE
         WHEN fnu.download_speed < 50 OR fnu.upload_speed < 30 OR 
fnu.session_duration/60 < 1 THEN true 
            ELSE false 
        END AS technical_issue 
    FROM 
        "airflow"."driven_staging"."fact_network_usage" fnu 
    JOIN 
        "airflow"."driven_staging"."dim_address" da 
    ON 
     fnu.unique_id = da.unique_id 
) 
 
SELECT 
    * 
FROM 
    source_data
  );
  
[0m01:47:37.780569 [debug] [Thread-1 (]: SQL status: SELECT 13860 in 0.076 seconds
[0m01:47:37.784761 [debug] [Thread-1 (]: Using postgres connection "model.dbt_driven_data.trusted_technical_data"
[0m01:47:37.785689 [debug] [Thread-1 (]: On model.dbt_driven_data.trusted_technical_data: /* {"app": "dbt", "dbt_version": "1.8.0", "profile_name": "default", "target_name": "dev", "node_id": "model.dbt_driven_data.trusted_technical_data"} */
alter table "airflow"."driven_trusted"."technical_data" rename to "technical_data__dbt_backup"
[0m01:47:37.787019 [debug] [Thread-1 (]: SQL status: ALTER TABLE in 0.001 seconds
[0m01:47:37.790275 [debug] [Thread-1 (]: Using postgres connection "model.dbt_driven_data.trusted_technical_data"
[0m01:47:37.790975 [debug] [Thread-1 (]: On model.dbt_driven_data.trusted_technical_data: /* {"app": "dbt", "dbt_version": "1.8.0", "profile_name": "default", "target_name": "dev", "node_id": "model.dbt_driven_data.trusted_technical_data"} */
alter table "airflow"."driven_trusted"."technical_data__dbt_tmp" rename to "technical_data"
[0m01:47:37.792184 [debug] [Thread-1 (]: SQL status: ALTER TABLE in 0.000 seconds
[0m01:47:37.795346 [debug] [Thread-1 (]: On model.dbt_driven_data.trusted_technical_data: COMMIT
[0m01:47:37.795917 [debug] [Thread-1 (]: Using postgres connection "model.dbt_driven_data.trusted_technical_data"
[0m01:47:37.796496 [debug] [Thread-1 (]: On model.dbt_driven_data.trusted_technical_data: COMMIT
[0m01:47:37.800181 [debug] [Thread-1 (]: SQL status: COMMIT in 0.003 seconds
[0m01:47:37.803755 [debug] [Thread-1 (]: Applying DROP to: "airflow"."driven_trusted"."technical_data__dbt_backup"
[0m01:47:37.804771 [debug] [Thread-1 (]: Using postgres connection "model.dbt_driven_data.trusted_technical_data"
[0m01:47:37.805255 [debug] [Thread-1 (]: On model.dbt_driven_data.trusted_technical_data: /* {"app": "dbt", "dbt_version": "1.8.0", "profile_name": "default", "target_name": "dev", "node_id": "model.dbt_driven_data.trusted_technical_data"} */
drop table if exists "airflow"."driven_trusted"."technical_data__dbt_backup" cascade
[0m01:47:37.810618 [debug] [Thread-1 (]: SQL status: DROP TABLE in 0.005 seconds
[0m01:47:37.813581 [debug] [Thread-1 (]: On model.dbt_driven_data.trusted_technical_data: Close
[0m01:47:37.814949 [debug] [Thread-1 (]: Sending event: {'category': 'dbt', 'action': 'run_model', 'label': 'ca6540c6-68bc-4efa-a38d-54c67f0e2214', 'context': [<snowplow_tracker.self_describing_json.SelfDescribingJson object at 0x7b86c3a2ab40>]}
[0m01:47:37.815737 [info ] [Thread-1 (]: 4 of 4 OK created sql table model driven_trusted.technical_data ................ [[32mSELECT 13860[0m in 0.14s]
[0m01:47:37.816841 [debug] [Thread-1 (]: Finished running node model.dbt_driven_data.trusted_technical_data
[0m01:47:37.818808 [debug] [MainThread]: Using postgres connection "master"
[0m01:47:37.819397 [debug] [MainThread]: On master: BEGIN
[0m01:47:37.820092 [debug] [MainThread]: Opening a new connection, currently in state closed
[0m01:47:37.825432 [debug] [MainThread]: SQL status: BEGIN in 0.005 seconds
[0m01:47:37.826105 [debug] [MainThread]: On master: COMMIT
[0m01:47:37.826732 [debug] [MainThread]: Using postgres connection "master"
[0m01:47:37.827241 [debug] [MainThread]: On master: COMMIT
[0m01:47:37.827936 [debug] [MainThread]: SQL status: COMMIT in 0.000 seconds
[0m01:47:37.828508 [debug] [MainThread]: On master: Close
[0m01:47:37.829212 [debug] [MainThread]: Connection 'master' was properly closed.
[0m01:47:37.829745 [debug] [MainThread]: Connection 'model.dbt_driven_data.trusted_technical_data' was properly closed.
[0m01:47:37.830320 [info ] [MainThread]: 
[0m01:47:37.831077 [info ] [MainThread]: Finished running 4 table models in 0 hours 0 minutes and 1.96 seconds (1.96s).
[0m01:47:37.832670 [debug] [MainThread]: Command end result
[0m01:47:37.884347 [info ] [MainThread]: 
[0m01:47:37.885636 [info ] [MainThread]: [32mCompleted successfully[0m
[0m01:47:37.886322 [info ] [MainThread]: 
[0m01:47:37.887011 [info ] [MainThread]: Done. PASS=4 WARN=0 ERROR=0 SKIP=0 TOTAL=4
[0m01:47:37.888328 [debug] [MainThread]: Resource report: {"command_name": "run", "command_success": true, "command_wall_clock_time": 2.9584777, "process_user_time": 2.710597, "process_kernel_time": 0.384368, "process_mem_max_rss": "119560", "process_in_blocks": "0", "process_out_blocks": "0"}
[0m01:47:37.889246 [debug] [MainThread]: Command `dbt run` succeeded at 01:47:37.889121 after 2.96 seconds
[0m01:47:37.889905 [debug] [MainThread]: Sending event: {'category': 'dbt', 'action': 'invocation', 'label': 'end', 'context': [<snowplow_tracker.self_describing_json.SelfDescribingJson object at 0x7b86c72e4800>, <snowplow_tracker.self_describing_json.SelfDescribingJson object at 0x7b86c53f3920>, <snowplow_tracker.self_describing_json.SelfDescribingJson object at 0x7b86c4bbb260>]}
[0m01:47:37.890571 [debug] [MainThread]: Flushing usage events
[0m01:47:51.042551 [debug] [MainThread]: Sending event: {'category': 'dbt', 'action': 'invocation', 'label': 'start', 'context': [<snowplow_tracker.self_describing_json.SelfDescribingJson object at 0x759bdedca240>, <snowplow_tracker.self_describing_json.SelfDescribingJson object at 0x759bdedcbe30>, <snowplow_tracker.self_describing_json.SelfDescribingJson object at 0x759bdedcaa80>]}


============================== 01:47:51.048502 | 04ba2d0e-217d-497b-af00-3266412eb407 ==============================
[0m01:47:51.048502 [info ] [MainThread]: Running with dbt=1.8.0
[0m01:47:51.049191 [debug] [MainThread]: running dbt with arguments {'printer_width': '80', 'indirect_selection': 'eager', 'log_cache_events': 'False', 'write_json': 'True', 'partial_parse': 'True', 'cache_selected_only': 'False', 'profiles_dir': '/opt/airflow/dbt', 'debug': 'False', 'version_check': 'True', 'log_path': '/opt/airflow/dbt/logs', 'warn_error': 'None', 'fail_fast': 'False', 'use_colors': 'True', 'use_experimental_parser': 'False', 'no_print': 'None', 'quiet': 'False', 'warn_error_options': 'WarnErrorOptions(include=[], exclude=[])', 'introspect': 'True', 'invocation_command': 'dbt run --select tag:staging', 'static_parser': 'True', 'target_path': 'None', 'log_format': 'default', 'send_anonymous_usage_stats': 'True'}
[0m01:47:51.264766 [debug] [MainThread]: Sending event: {'category': 'dbt', 'action': 'project_id', 'label': '04ba2d0e-217d-497b-af00-3266412eb407', 'context': [<snowplow_tracker.self_describing_json.SelfDescribingJson object at 0x759bde523aa0>]}
[0m01:47:51.321363 [debug] [MainThread]: Sending event: {'category': 'dbt', 'action': 'adapter_info', 'label': '04ba2d0e-217d-497b-af00-3266412eb407', 'context': [<snowplow_tracker.self_describing_json.SelfDescribingJson object at 0x759bdeccd3a0>]}
[0m01:47:51.322469 [info ] [MainThread]: Registered adapter: postgres=1.8.2
[0m01:47:51.451783 [debug] [MainThread]: checksum: dbb12d416fdb55e3665e4828703bbedf40c5c90ed7ca6ff39bbbfb29b12b0a92, vars: {}, profile: , target: , version: 1.8.0
[0m01:47:51.667085 [debug] [MainThread]: Partial parsing enabled: 0 files deleted, 0 files added, 0 files changed.
[0m01:47:51.667724 [debug] [MainThread]: Partial parsing enabled, no changes found, skipping parsing
[0m01:47:51.704865 [debug] [MainThread]: Sending event: {'category': 'dbt', 'action': 'load_project', 'label': '04ba2d0e-217d-497b-af00-3266412eb407', 'context': [<snowplow_tracker.self_describing_json.SelfDescribingJson object at 0x759bddd03e30>]}
[0m01:47:51.838595 [debug] [MainThread]: Sending event: {'category': 'dbt', 'action': 'resource_counts', 'label': '04ba2d0e-217d-497b-af00-3266412eb407', 'context': [<snowplow_tracker.self_describing_json.SelfDescribingJson object at 0x759bdd5383e0>]}
[0m01:47:51.839432 [info ] [MainThread]: Found 9 models, 10 sources, 428 macros
[0m01:47:51.840478 [debug] [MainThread]: Sending event: {'category': 'dbt', 'action': 'runnable_timing', 'label': '04ba2d0e-217d-497b-af00-3266412eb407', 'context': [<snowplow_tracker.self_describing_json.SelfDescribingJson object at 0x759bdec65d30>]}
[0m01:47:51.842793 [info ] [MainThread]: 
[0m01:47:51.843772 [debug] [MainThread]: Acquiring new postgres connection 'master'
[0m01:47:51.848657 [debug] [ThreadPool]: Acquiring new postgres connection 'list_airflow'
[0m01:47:51.894208 [debug] [ThreadPool]: Using postgres connection "list_airflow"
[0m01:47:51.894897 [debug] [ThreadPool]: On list_airflow: /* {"app": "dbt", "dbt_version": "1.8.0", "profile_name": "default", "target_name": "dev", "connection_name": "list_airflow"} */

    select distinct nspname from pg_namespace
  
[0m01:47:51.895361 [debug] [ThreadPool]: Opening a new connection, currently in state init
[0m01:47:51.901661 [debug] [ThreadPool]: SQL status: SELECT 7 in 0.006 seconds
[0m01:47:51.903733 [debug] [ThreadPool]: On list_airflow: Close
[0m01:47:51.906038 [debug] [ThreadPool]: Re-using an available connection from the pool (formerly list_airflow, now list_airflow_driven_trusted)
[0m01:47:51.912468 [debug] [ThreadPool]: Using postgres connection "list_airflow_driven_trusted"
[0m01:47:51.912987 [debug] [ThreadPool]: On list_airflow_driven_trusted: BEGIN
[0m01:47:51.913439 [debug] [ThreadPool]: Opening a new connection, currently in state closed
[0m01:47:51.918349 [debug] [ThreadPool]: SQL status: BEGIN in 0.005 seconds
[0m01:47:51.919311 [debug] [ThreadPool]: Using postgres connection "list_airflow_driven_trusted"
[0m01:47:51.919973 [debug] [ThreadPool]: On list_airflow_driven_trusted: /* {"app": "dbt", "dbt_version": "1.8.0", "profile_name": "default", "target_name": "dev", "connection_name": "list_airflow_driven_trusted"} */
select
      'airflow' as database,
      tablename as name,
      schemaname as schema,
      'table' as type
    from pg_tables
    where schemaname ilike 'driven_trusted'
    union all
    select
      'airflow' as database,
      viewname as name,
      schemaname as schema,
      'view' as type
    from pg_views
    where schemaname ilike 'driven_trusted'
    union all
    select
      'airflow' as database,
      matviewname as name,
      schemaname as schema,
      'materialized_view' as type
    from pg_matviews
    where schemaname ilike 'driven_trusted'
  
[0m01:47:51.923654 [debug] [ThreadPool]: SQL status: SELECT 4 in 0.003 seconds
[0m01:47:51.925523 [debug] [ThreadPool]: On list_airflow_driven_trusted: ROLLBACK
[0m01:47:51.926213 [debug] [ThreadPool]: On list_airflow_driven_trusted: Close
[0m01:47:51.927000 [debug] [ThreadPool]: Re-using an available connection from the pool (formerly list_airflow_driven_trusted, now list_airflow_driven_staging)
[0m01:47:51.931505 [debug] [ThreadPool]: Using postgres connection "list_airflow_driven_staging"
[0m01:47:51.932113 [debug] [ThreadPool]: On list_airflow_driven_staging: BEGIN
[0m01:47:51.932731 [debug] [ThreadPool]: Opening a new connection, currently in state closed
[0m01:47:51.938273 [debug] [ThreadPool]: SQL status: BEGIN in 0.005 seconds
[0m01:47:51.938947 [debug] [ThreadPool]: Using postgres connection "list_airflow_driven_staging"
[0m01:47:51.939649 [debug] [ThreadPool]: On list_airflow_driven_staging: /* {"app": "dbt", "dbt_version": "1.8.0", "profile_name": "default", "target_name": "dev", "connection_name": "list_airflow_driven_staging"} */
select
      'airflow' as database,
      tablename as name,
      schemaname as schema,
      'table' as type
    from pg_tables
    where schemaname ilike 'driven_staging'
    union all
    select
      'airflow' as database,
      viewname as name,
      schemaname as schema,
      'view' as type
    from pg_views
    where schemaname ilike 'driven_staging'
    union all
    select
      'airflow' as database,
      matviewname as name,
      schemaname as schema,
      'materialized_view' as type
    from pg_matviews
    where schemaname ilike 'driven_staging'
  
[0m01:47:51.943278 [debug] [ThreadPool]: SQL status: SELECT 5 in 0.003 seconds
[0m01:47:51.945063 [debug] [ThreadPool]: On list_airflow_driven_staging: ROLLBACK
[0m01:47:51.945970 [debug] [ThreadPool]: On list_airflow_driven_staging: Close
[0m01:47:51.952981 [debug] [MainThread]: Using postgres connection "master"
[0m01:47:51.953614 [debug] [MainThread]: On master: BEGIN
[0m01:47:51.954136 [debug] [MainThread]: Opening a new connection, currently in state init
[0m01:47:51.959723 [debug] [MainThread]: SQL status: BEGIN in 0.006 seconds
[0m01:47:51.960332 [debug] [MainThread]: Using postgres connection "master"
[0m01:47:51.961022 [debug] [MainThread]: On master: /* {"app": "dbt", "dbt_version": "1.8.0", "profile_name": "default", "target_name": "dev", "connection_name": "master"} */
with relation as (
        select
            pg_rewrite.ev_class as class,
            pg_rewrite.oid as id
        from pg_rewrite
    ),
    class as (
        select
            oid as id,
            relname as name,
            relnamespace as schema,
            relkind as kind
        from pg_class
    ),
    dependency as (
        select distinct
            pg_depend.objid as id,
            pg_depend.refobjid as ref
        from pg_depend
    ),
    schema as (
        select
            pg_namespace.oid as id,
            pg_namespace.nspname as name
        from pg_namespace
        where nspname != 'information_schema' and nspname not like 'pg\_%'
    ),
    referenced as (
        select
            relation.id AS id,
            referenced_class.name ,
            referenced_class.schema ,
            referenced_class.kind
        from relation
        join class as referenced_class on relation.class=referenced_class.id
        where referenced_class.kind in ('r', 'v', 'm')
    ),
    relationships as (
        select
            referenced.name as referenced_name,
            referenced.schema as referenced_schema_id,
            dependent_class.name as dependent_name,
            dependent_class.schema as dependent_schema_id,
            referenced.kind as kind
        from referenced
        join dependency on referenced.id=dependency.id
        join class as dependent_class on dependency.ref=dependent_class.id
        where
            (referenced.name != dependent_class.name or
             referenced.schema != dependent_class.schema)
    )

    select
        referenced_schema.name as referenced_schema,
        relationships.referenced_name as referenced_name,
        dependent_schema.name as dependent_schema,
        relationships.dependent_name as dependent_name
    from relationships
    join schema as dependent_schema on relationships.dependent_schema_id=dependent_schema.id
    join schema as referenced_schema on relationships.referenced_schema_id=referenced_schema.id
    group by referenced_schema, referenced_name, dependent_schema, dependent_name
    order by referenced_schema, referenced_name, dependent_schema, dependent_name;
[0m01:47:51.965104 [debug] [MainThread]: SQL status: SELECT 0 in 0.003 seconds
[0m01:47:51.966833 [debug] [MainThread]: Sending event: {'category': 'dbt', 'action': 'runnable_timing', 'label': '04ba2d0e-217d-497b-af00-3266412eb407', 'context': [<snowplow_tracker.self_describing_json.SelfDescribingJson object at 0x759bde520b00>]}
[0m01:47:51.967547 [debug] [MainThread]: On master: ROLLBACK
[0m01:47:51.968200 [debug] [MainThread]: Using postgres connection "master"
[0m01:47:51.968739 [debug] [MainThread]: On master: BEGIN
[0m01:47:51.969997 [debug] [MainThread]: SQL status: BEGIN in 0.000 seconds
[0m01:47:51.970577 [debug] [MainThread]: On master: COMMIT
[0m01:47:51.971194 [debug] [MainThread]: Using postgres connection "master"
[0m01:47:51.971792 [debug] [MainThread]: On master: COMMIT
[0m01:47:51.972541 [debug] [MainThread]: SQL status: COMMIT in 0.000 seconds
[0m01:47:51.973106 [debug] [MainThread]: On master: Close
[0m01:47:51.973829 [info ] [MainThread]: Concurrency: 1 threads (target='dev')
[0m01:47:51.976589 [info ] [MainThread]: 
[0m01:47:51.987391 [debug] [Thread-1 (]: Began running node model.dbt_driven_data.staging_dim_address
[0m01:47:51.988226 [info ] [Thread-1 (]: 1 of 5 START sql table model driven_staging.dim_address ........................ [RUN]
[0m01:47:51.989023 [debug] [Thread-1 (]: Re-using an available connection from the pool (formerly list_airflow_driven_staging, now model.dbt_driven_data.staging_dim_address)
[0m01:47:51.989657 [debug] [Thread-1 (]: Began compiling node model.dbt_driven_data.staging_dim_address
[0m01:47:51.997634 [debug] [Thread-1 (]: Writing injected SQL for node "model.dbt_driven_data.staging_dim_address"
[0m01:47:52.006003 [debug] [Thread-1 (]: Began executing node model.dbt_driven_data.staging_dim_address
[0m01:47:52.045086 [debug] [Thread-1 (]: Writing runtime sql for node "model.dbt_driven_data.staging_dim_address"
[0m01:47:52.052070 [debug] [Thread-1 (]: Using postgres connection "model.dbt_driven_data.staging_dim_address"
[0m01:47:52.052969 [debug] [Thread-1 (]: On model.dbt_driven_data.staging_dim_address: BEGIN
[0m01:47:52.053810 [debug] [Thread-1 (]: Opening a new connection, currently in state closed
[0m01:47:52.059133 [debug] [Thread-1 (]: SQL status: BEGIN in 0.005 seconds
[0m01:47:52.059856 [debug] [Thread-1 (]: Using postgres connection "model.dbt_driven_data.staging_dim_address"
[0m01:47:52.060498 [debug] [Thread-1 (]: On model.dbt_driven_data.staging_dim_address: /* {"app": "dbt", "dbt_version": "1.8.0", "profile_name": "default", "target_name": "dev", "node_id": "model.dbt_driven_data.staging_dim_address"} */

  
    

  create  table "airflow"."driven_staging"."dim_address__dbt_tmp"
  
  
    as
  
  (
     
 
WITH source_data AS ( 
    SELECT 
        unique_id, 
        address, 
        mac_address, 
        ip_address 
    FROM 
        "airflow"."driven_raw"."raw_batch_data" 
) 
 
SELECT 
    * 
FROM 
    source_data
  );
  
[0m01:47:52.093196 [debug] [Thread-1 (]: SQL status: SELECT 21276 in 0.032 seconds
[0m01:47:52.099355 [debug] [Thread-1 (]: Using postgres connection "model.dbt_driven_data.staging_dim_address"
[0m01:47:52.099877 [debug] [Thread-1 (]: On model.dbt_driven_data.staging_dim_address: /* {"app": "dbt", "dbt_version": "1.8.0", "profile_name": "default", "target_name": "dev", "node_id": "model.dbt_driven_data.staging_dim_address"} */
alter table "airflow"."driven_staging"."dim_address" rename to "dim_address__dbt_backup"
[0m01:47:52.100845 [debug] [Thread-1 (]: SQL status: ALTER TABLE in 0.000 seconds
[0m01:47:52.104510 [debug] [Thread-1 (]: Using postgres connection "model.dbt_driven_data.staging_dim_address"
[0m01:47:52.105180 [debug] [Thread-1 (]: On model.dbt_driven_data.staging_dim_address: /* {"app": "dbt", "dbt_version": "1.8.0", "profile_name": "default", "target_name": "dev", "node_id": "model.dbt_driven_data.staging_dim_address"} */
alter table "airflow"."driven_staging"."dim_address__dbt_tmp" rename to "dim_address"
[0m01:47:52.106144 [debug] [Thread-1 (]: SQL status: ALTER TABLE in 0.000 seconds
[0m01:47:52.125932 [debug] [Thread-1 (]: On model.dbt_driven_data.staging_dim_address: COMMIT
[0m01:47:52.126740 [debug] [Thread-1 (]: Using postgres connection "model.dbt_driven_data.staging_dim_address"
[0m01:47:52.127396 [debug] [Thread-1 (]: On model.dbt_driven_data.staging_dim_address: COMMIT
[0m01:47:52.139447 [debug] [Thread-1 (]: SQL status: COMMIT in 0.011 seconds
[0m01:47:52.145578 [debug] [Thread-1 (]: Applying DROP to: "airflow"."driven_staging"."dim_address__dbt_backup"
[0m01:47:52.151045 [debug] [Thread-1 (]: Using postgres connection "model.dbt_driven_data.staging_dim_address"
[0m01:47:52.151564 [debug] [Thread-1 (]: On model.dbt_driven_data.staging_dim_address: /* {"app": "dbt", "dbt_version": "1.8.0", "profile_name": "default", "target_name": "dev", "node_id": "model.dbt_driven_data.staging_dim_address"} */
drop table if exists "airflow"."driven_staging"."dim_address__dbt_backup" cascade
[0m01:47:52.157227 [debug] [Thread-1 (]: SQL status: DROP TABLE in 0.005 seconds
[0m01:47:52.159939 [debug] [Thread-1 (]: On model.dbt_driven_data.staging_dim_address: Close
[0m01:47:52.161494 [debug] [Thread-1 (]: Sending event: {'category': 'dbt', 'action': 'run_model', 'label': '04ba2d0e-217d-497b-af00-3266412eb407', 'context': [<snowplow_tracker.self_describing_json.SelfDescribingJson object at 0x759bdfee6120>]}
[0m01:47:52.162198 [info ] [Thread-1 (]: 1 of 5 OK created sql table model driven_staging.dim_address ................... [[32mSELECT 21276[0m in 0.17s]
[0m01:47:52.163017 [debug] [Thread-1 (]: Finished running node model.dbt_driven_data.staging_dim_address
[0m01:47:52.163740 [debug] [Thread-1 (]: Began running node model.dbt_driven_data.staging_dim_date
[0m01:47:52.164567 [info ] [Thread-1 (]: 2 of 5 START sql table model driven_staging.dim_date ........................... [RUN]
[0m01:47:52.165331 [debug] [Thread-1 (]: Re-using an available connection from the pool (formerly model.dbt_driven_data.staging_dim_address, now model.dbt_driven_data.staging_dim_date)
[0m01:47:52.165814 [debug] [Thread-1 (]: Began compiling node model.dbt_driven_data.staging_dim_date
[0m01:47:52.168863 [debug] [Thread-1 (]: Writing injected SQL for node "model.dbt_driven_data.staging_dim_date"
[0m01:47:52.176721 [debug] [Thread-1 (]: Began executing node model.dbt_driven_data.staging_dim_date
[0m01:47:52.180298 [debug] [Thread-1 (]: Writing runtime sql for node "model.dbt_driven_data.staging_dim_date"
[0m01:47:52.189080 [debug] [Thread-1 (]: Using postgres connection "model.dbt_driven_data.staging_dim_date"
[0m01:47:52.189733 [debug] [Thread-1 (]: On model.dbt_driven_data.staging_dim_date: BEGIN
[0m01:47:52.190297 [debug] [Thread-1 (]: Opening a new connection, currently in state closed
[0m01:47:52.195576 [debug] [Thread-1 (]: SQL status: BEGIN in 0.005 seconds
[0m01:47:52.196747 [debug] [Thread-1 (]: Using postgres connection "model.dbt_driven_data.staging_dim_date"
[0m01:47:52.197403 [debug] [Thread-1 (]: On model.dbt_driven_data.staging_dim_date: /* {"app": "dbt", "dbt_version": "1.8.0", "profile_name": "default", "target_name": "dev", "node_id": "model.dbt_driven_data.staging_dim_date"} */

  
    

  create  table "airflow"."driven_staging"."dim_date__dbt_tmp"
  
  
    as
  
  (
     
 
WITH source_data AS (
     SELECT 
        unique_id, 
        accessed_at 
    FROM 
        "airflow"."driven_raw"."raw_batch_data" 
) 
 
SELECT 
    * 
FROM 
    source_data
  );
  
[0m01:47:52.220328 [debug] [Thread-1 (]: SQL status: SELECT 21276 in 0.022 seconds
[0m01:47:52.224109 [debug] [Thread-1 (]: Using postgres connection "model.dbt_driven_data.staging_dim_date"
[0m01:47:52.224799 [debug] [Thread-1 (]: On model.dbt_driven_data.staging_dim_date: /* {"app": "dbt", "dbt_version": "1.8.0", "profile_name": "default", "target_name": "dev", "node_id": "model.dbt_driven_data.staging_dim_date"} */
alter table "airflow"."driven_staging"."dim_date" rename to "dim_date__dbt_backup"
[0m01:47:52.225721 [debug] [Thread-1 (]: SQL status: ALTER TABLE in 0.000 seconds
[0m01:47:52.228784 [debug] [Thread-1 (]: Using postgres connection "model.dbt_driven_data.staging_dim_date"
[0m01:47:52.229307 [debug] [Thread-1 (]: On model.dbt_driven_data.staging_dim_date: /* {"app": "dbt", "dbt_version": "1.8.0", "profile_name": "default", "target_name": "dev", "node_id": "model.dbt_driven_data.staging_dim_date"} */
alter table "airflow"."driven_staging"."dim_date__dbt_tmp" rename to "dim_date"
[0m01:47:52.230108 [debug] [Thread-1 (]: SQL status: ALTER TABLE in 0.000 seconds
[0m01:47:52.231964 [debug] [Thread-1 (]: On model.dbt_driven_data.staging_dim_date: COMMIT
[0m01:47:52.232524 [debug] [Thread-1 (]: Using postgres connection "model.dbt_driven_data.staging_dim_date"
[0m01:47:52.233061 [debug] [Thread-1 (]: On model.dbt_driven_data.staging_dim_date: COMMIT
[0m01:47:52.236868 [debug] [Thread-1 (]: SQL status: COMMIT in 0.003 seconds
[0m01:47:52.240130 [debug] [Thread-1 (]: Applying DROP to: "airflow"."driven_staging"."dim_date__dbt_backup"
[0m01:47:52.241425 [debug] [Thread-1 (]: Using postgres connection "model.dbt_driven_data.staging_dim_date"
[0m01:47:52.242014 [debug] [Thread-1 (]: On model.dbt_driven_data.staging_dim_date: /* {"app": "dbt", "dbt_version": "1.8.0", "profile_name": "default", "target_name": "dev", "node_id": "model.dbt_driven_data.staging_dim_date"} */
drop table if exists "airflow"."driven_staging"."dim_date__dbt_backup" cascade
[0m01:47:52.247250 [debug] [Thread-1 (]: SQL status: DROP TABLE in 0.004 seconds
[0m01:47:52.249121 [debug] [Thread-1 (]: On model.dbt_driven_data.staging_dim_date: Close
[0m01:47:52.249927 [debug] [Thread-1 (]: Sending event: {'category': 'dbt', 'action': 'run_model', 'label': '04ba2d0e-217d-497b-af00-3266412eb407', 'context': [<snowplow_tracker.self_describing_json.SelfDescribingJson object at 0x759bdb9c1760>]}
[0m01:47:52.250772 [info ] [Thread-1 (]: 2 of 5 OK created sql table model driven_staging.dim_date ...................... [[32mSELECT 21276[0m in 0.08s]
[0m01:47:52.251958 [debug] [Thread-1 (]: Finished running node model.dbt_driven_data.staging_dim_date
[0m01:47:52.253567 [debug] [Thread-1 (]: Began running node model.dbt_driven_data.staging_dim_finance
[0m01:47:52.254422 [info ] [Thread-1 (]: 3 of 5 START sql table model driven_staging.dim_finance ........................ [RUN]
[0m01:47:52.255367 [debug] [Thread-1 (]: Re-using an available connection from the pool (formerly model.dbt_driven_data.staging_dim_date, now model.dbt_driven_data.staging_dim_finance)
[0m01:47:52.255914 [debug] [Thread-1 (]: Began compiling node model.dbt_driven_data.staging_dim_finance
[0m01:47:52.259239 [debug] [Thread-1 (]: Writing injected SQL for node "model.dbt_driven_data.staging_dim_finance"
[0m01:47:52.266818 [debug] [Thread-1 (]: Began executing node model.dbt_driven_data.staging_dim_finance
[0m01:47:52.272036 [debug] [Thread-1 (]: Writing runtime sql for node "model.dbt_driven_data.staging_dim_finance"
[0m01:47:52.278926 [debug] [Thread-1 (]: Using postgres connection "model.dbt_driven_data.staging_dim_finance"
[0m01:47:52.279483 [debug] [Thread-1 (]: On model.dbt_driven_data.staging_dim_finance: BEGIN
[0m01:47:52.279977 [debug] [Thread-1 (]: Opening a new connection, currently in state closed
[0m01:47:52.285182 [debug] [Thread-1 (]: SQL status: BEGIN in 0.005 seconds
[0m01:47:52.286320 [debug] [Thread-1 (]: Using postgres connection "model.dbt_driven_data.staging_dim_finance"
[0m01:47:52.287097 [debug] [Thread-1 (]: On model.dbt_driven_data.staging_dim_finance: /* {"app": "dbt", "dbt_version": "1.8.0", "profile_name": "default", "target_name": "dev", "node_id": "model.dbt_driven_data.staging_dim_finance"} */

  
    

  create  table "airflow"."driven_staging"."dim_finance__dbt_tmp"
  
  
    as
  
  (
     
 
WITH source_data AS ( 
    SELECT 
        unique_id, 
        iban 
    FROM 
        "airflow"."driven_raw"."raw_batch_data" 
) 
 
SELECT 
    * 
FROM 
    source_data
  );
  
[0m01:47:52.309686 [debug] [Thread-1 (]: SQL status: SELECT 21276 in 0.022 seconds
[0m01:47:52.312777 [debug] [Thread-1 (]: Using postgres connection "model.dbt_driven_data.staging_dim_finance"
[0m01:47:52.313320 [debug] [Thread-1 (]: On model.dbt_driven_data.staging_dim_finance: /* {"app": "dbt", "dbt_version": "1.8.0", "profile_name": "default", "target_name": "dev", "node_id": "model.dbt_driven_data.staging_dim_finance"} */
alter table "airflow"."driven_staging"."dim_finance" rename to "dim_finance__dbt_backup"
[0m01:47:52.314132 [debug] [Thread-1 (]: SQL status: ALTER TABLE in 0.000 seconds
[0m01:47:52.316830 [debug] [Thread-1 (]: Using postgres connection "model.dbt_driven_data.staging_dim_finance"
[0m01:47:52.317334 [debug] [Thread-1 (]: On model.dbt_driven_data.staging_dim_finance: /* {"app": "dbt", "dbt_version": "1.8.0", "profile_name": "default", "target_name": "dev", "node_id": "model.dbt_driven_data.staging_dim_finance"} */
alter table "airflow"."driven_staging"."dim_finance__dbt_tmp" rename to "dim_finance"
[0m01:47:52.318020 [debug] [Thread-1 (]: SQL status: ALTER TABLE in 0.000 seconds
[0m01:47:52.320134 [debug] [Thread-1 (]: On model.dbt_driven_data.staging_dim_finance: COMMIT
[0m01:47:52.320830 [debug] [Thread-1 (]: Using postgres connection "model.dbt_driven_data.staging_dim_finance"
[0m01:47:52.321564 [debug] [Thread-1 (]: On model.dbt_driven_data.staging_dim_finance: COMMIT
[0m01:47:52.329989 [debug] [Thread-1 (]: SQL status: COMMIT in 0.008 seconds
[0m01:47:52.332689 [debug] [Thread-1 (]: Applying DROP to: "airflow"."driven_staging"."dim_finance__dbt_backup"
[0m01:47:52.333647 [debug] [Thread-1 (]: Using postgres connection "model.dbt_driven_data.staging_dim_finance"
[0m01:47:52.334146 [debug] [Thread-1 (]: On model.dbt_driven_data.staging_dim_finance: /* {"app": "dbt", "dbt_version": "1.8.0", "profile_name": "default", "target_name": "dev", "node_id": "model.dbt_driven_data.staging_dim_finance"} */
drop table if exists "airflow"."driven_staging"."dim_finance__dbt_backup" cascade
[0m01:47:52.339084 [debug] [Thread-1 (]: SQL status: DROP TABLE in 0.004 seconds
[0m01:47:52.340903 [debug] [Thread-1 (]: On model.dbt_driven_data.staging_dim_finance: Close
[0m01:47:52.341635 [debug] [Thread-1 (]: Sending event: {'category': 'dbt', 'action': 'run_model', 'label': '04ba2d0e-217d-497b-af00-3266412eb407', 'context': [<snowplow_tracker.self_describing_json.SelfDescribingJson object at 0x759bdb840c20>]}
[0m01:47:52.342347 [info ] [Thread-1 (]: 3 of 5 OK created sql table model driven_staging.dim_finance ................... [[32mSELECT 21276[0m in 0.09s]
[0m01:47:52.343432 [debug] [Thread-1 (]: Finished running node model.dbt_driven_data.staging_dim_finance
[0m01:47:52.344022 [debug] [Thread-1 (]: Began running node model.dbt_driven_data.staging_dim_person
[0m01:47:52.344668 [info ] [Thread-1 (]: 4 of 5 START sql table model driven_staging.dim_person ......................... [RUN]
[0m01:47:52.345406 [debug] [Thread-1 (]: Re-using an available connection from the pool (formerly model.dbt_driven_data.staging_dim_finance, now model.dbt_driven_data.staging_dim_person)
[0m01:47:52.346018 [debug] [Thread-1 (]: Began compiling node model.dbt_driven_data.staging_dim_person
[0m01:47:52.349259 [debug] [Thread-1 (]: Writing injected SQL for node "model.dbt_driven_data.staging_dim_person"
[0m01:47:52.357601 [debug] [Thread-1 (]: Began executing node model.dbt_driven_data.staging_dim_person
[0m01:47:52.361296 [debug] [Thread-1 (]: Writing runtime sql for node "model.dbt_driven_data.staging_dim_person"
[0m01:47:52.368187 [debug] [Thread-1 (]: Using postgres connection "model.dbt_driven_data.staging_dim_person"
[0m01:47:52.368870 [debug] [Thread-1 (]: On model.dbt_driven_data.staging_dim_person: BEGIN
[0m01:47:52.369469 [debug] [Thread-1 (]: Opening a new connection, currently in state closed
[0m01:47:52.375353 [debug] [Thread-1 (]: SQL status: BEGIN in 0.006 seconds
[0m01:47:52.376158 [debug] [Thread-1 (]: Using postgres connection "model.dbt_driven_data.staging_dim_person"
[0m01:47:52.376883 [debug] [Thread-1 (]: On model.dbt_driven_data.staging_dim_person: /* {"app": "dbt", "dbt_version": "1.8.0", "profile_name": "default", "target_name": "dev", "node_id": "model.dbt_driven_data.staging_dim_person"} */

  
    

  create  table "airflow"."driven_staging"."dim_person__dbt_tmp"
  
  
    as
  
  (
     
 
WITH source_data AS ( 
    SELECT 
        unique_id, 
        person_name, 
        user_name, 
        email, 
        phone, 
        birth_date, 
        personal_number 
    FROM 
        "airflow"."driven_raw"."raw_batch_data" 
) 
 
SELECT 
    * 
FROM 
    source_data
  );
  
[0m01:47:52.416283 [debug] [Thread-1 (]: SQL status: SELECT 21276 in 0.039 seconds
[0m01:47:52.419712 [debug] [Thread-1 (]: Using postgres connection "model.dbt_driven_data.staging_dim_person"
[0m01:47:52.420526 [debug] [Thread-1 (]: On model.dbt_driven_data.staging_dim_person: /* {"app": "dbt", "dbt_version": "1.8.0", "profile_name": "default", "target_name": "dev", "node_id": "model.dbt_driven_data.staging_dim_person"} */
alter table "airflow"."driven_staging"."dim_person" rename to "dim_person__dbt_backup"
[0m01:47:52.421710 [debug] [Thread-1 (]: SQL status: ALTER TABLE in 0.000 seconds
[0m01:47:52.424842 [debug] [Thread-1 (]: Using postgres connection "model.dbt_driven_data.staging_dim_person"
[0m01:47:52.425388 [debug] [Thread-1 (]: On model.dbt_driven_data.staging_dim_person: /* {"app": "dbt", "dbt_version": "1.8.0", "profile_name": "default", "target_name": "dev", "node_id": "model.dbt_driven_data.staging_dim_person"} */
alter table "airflow"."driven_staging"."dim_person__dbt_tmp" rename to "dim_person"
[0m01:47:52.426326 [debug] [Thread-1 (]: SQL status: ALTER TABLE in 0.000 seconds
[0m01:47:52.428150 [debug] [Thread-1 (]: On model.dbt_driven_data.staging_dim_person: COMMIT
[0m01:47:52.428674 [debug] [Thread-1 (]: Using postgres connection "model.dbt_driven_data.staging_dim_person"
[0m01:47:52.429185 [debug] [Thread-1 (]: On model.dbt_driven_data.staging_dim_person: COMMIT
[0m01:47:52.489104 [debug] [Thread-1 (]: SQL status: COMMIT in 0.059 seconds
[0m01:47:52.491720 [debug] [Thread-1 (]: Applying DROP to: "airflow"."driven_staging"."dim_person__dbt_backup"
[0m01:47:52.492990 [debug] [Thread-1 (]: Using postgres connection "model.dbt_driven_data.staging_dim_person"
[0m01:47:52.493525 [debug] [Thread-1 (]: On model.dbt_driven_data.staging_dim_person: /* {"app": "dbt", "dbt_version": "1.8.0", "profile_name": "default", "target_name": "dev", "node_id": "model.dbt_driven_data.staging_dim_person"} */
drop table if exists "airflow"."driven_staging"."dim_person__dbt_backup" cascade
[0m01:47:52.499228 [debug] [Thread-1 (]: SQL status: DROP TABLE in 0.005 seconds
[0m01:47:52.500767 [debug] [Thread-1 (]: On model.dbt_driven_data.staging_dim_person: Close
[0m01:47:52.501516 [debug] [Thread-1 (]: Sending event: {'category': 'dbt', 'action': 'run_model', 'label': '04ba2d0e-217d-497b-af00-3266412eb407', 'context': [<snowplow_tracker.self_describing_json.SelfDescribingJson object at 0x759bdb843fb0>]}
[0m01:47:52.502776 [info ] [Thread-1 (]: 4 of 5 OK created sql table model driven_staging.dim_person .................... [[32mSELECT 21276[0m in 0.16s]
[0m01:47:52.504108 [debug] [Thread-1 (]: Finished running node model.dbt_driven_data.staging_dim_person
[0m01:47:52.504692 [debug] [Thread-1 (]: Began running node model.dbt_driven_data.staging_fact_network_usage
[0m01:47:52.505431 [info ] [Thread-1 (]: 5 of 5 START sql table model driven_staging.fact_network_usage ................. [RUN]
[0m01:47:52.506265 [debug] [Thread-1 (]: Re-using an available connection from the pool (formerly model.dbt_driven_data.staging_dim_person, now model.dbt_driven_data.staging_fact_network_usage)
[0m01:47:52.506977 [debug] [Thread-1 (]: Began compiling node model.dbt_driven_data.staging_fact_network_usage
[0m01:47:52.510074 [debug] [Thread-1 (]: Writing injected SQL for node "model.dbt_driven_data.staging_fact_network_usage"
[0m01:47:52.516896 [debug] [Thread-1 (]: Began executing node model.dbt_driven_data.staging_fact_network_usage
[0m01:47:52.520829 [debug] [Thread-1 (]: Writing runtime sql for node "model.dbt_driven_data.staging_fact_network_usage"
[0m01:47:52.527922 [debug] [Thread-1 (]: Using postgres connection "model.dbt_driven_data.staging_fact_network_usage"
[0m01:47:52.528522 [debug] [Thread-1 (]: On model.dbt_driven_data.staging_fact_network_usage: BEGIN
[0m01:47:52.529105 [debug] [Thread-1 (]: Opening a new connection, currently in state closed
[0m01:47:52.534425 [debug] [Thread-1 (]: SQL status: BEGIN in 0.005 seconds
[0m01:47:52.535188 [debug] [Thread-1 (]: Using postgres connection "model.dbt_driven_data.staging_fact_network_usage"
[0m01:47:52.536077 [debug] [Thread-1 (]: On model.dbt_driven_data.staging_fact_network_usage: /* {"app": "dbt", "dbt_version": "1.8.0", "profile_name": "default", "target_name": "dev", "node_id": "model.dbt_driven_data.staging_fact_network_usage"} */

  
    

  create  table "airflow"."driven_staging"."fact_network_usage__dbt_tmp"
  
  
    as
  
  (
     
 
WITH source_data AS ( 
    SELECT 
        unique_id, 
        session_duration, 
        download_speed, 
        upload_speed, 
        consumed_traffic 
    FROM 
        "airflow"."driven_raw"."raw_batch_data" 
) 
 
SELECT 
    * 
FROM 
    source_data
  );
  
[0m01:47:52.559266 [debug] [Thread-1 (]: SQL status: SELECT 21276 in 0.022 seconds
[0m01:47:52.563768 [debug] [Thread-1 (]: Using postgres connection "model.dbt_driven_data.staging_fact_network_usage"
[0m01:47:52.564303 [debug] [Thread-1 (]: On model.dbt_driven_data.staging_fact_network_usage: /* {"app": "dbt", "dbt_version": "1.8.0", "profile_name": "default", "target_name": "dev", "node_id": "model.dbt_driven_data.staging_fact_network_usage"} */
alter table "airflow"."driven_staging"."fact_network_usage" rename to "fact_network_usage__dbt_backup"
[0m01:47:52.565202 [debug] [Thread-1 (]: SQL status: ALTER TABLE in 0.000 seconds
[0m01:47:52.567809 [debug] [Thread-1 (]: Using postgres connection "model.dbt_driven_data.staging_fact_network_usage"
[0m01:47:52.568294 [debug] [Thread-1 (]: On model.dbt_driven_data.staging_fact_network_usage: /* {"app": "dbt", "dbt_version": "1.8.0", "profile_name": "default", "target_name": "dev", "node_id": "model.dbt_driven_data.staging_fact_network_usage"} */
alter table "airflow"."driven_staging"."fact_network_usage__dbt_tmp" rename to "fact_network_usage"
[0m01:47:52.569817 [debug] [Thread-1 (]: SQL status: ALTER TABLE in 0.001 seconds
[0m01:47:52.572077 [debug] [Thread-1 (]: On model.dbt_driven_data.staging_fact_network_usage: COMMIT
[0m01:47:52.572654 [debug] [Thread-1 (]: Using postgres connection "model.dbt_driven_data.staging_fact_network_usage"
[0m01:47:52.573219 [debug] [Thread-1 (]: On model.dbt_driven_data.staging_fact_network_usage: COMMIT
[0m01:47:52.581225 [debug] [Thread-1 (]: SQL status: COMMIT in 0.007 seconds
[0m01:47:52.583728 [debug] [Thread-1 (]: Applying DROP to: "airflow"."driven_staging"."fact_network_usage__dbt_backup"
[0m01:47:52.584636 [debug] [Thread-1 (]: Using postgres connection "model.dbt_driven_data.staging_fact_network_usage"
[0m01:47:52.585124 [debug] [Thread-1 (]: On model.dbt_driven_data.staging_fact_network_usage: /* {"app": "dbt", "dbt_version": "1.8.0", "profile_name": "default", "target_name": "dev", "node_id": "model.dbt_driven_data.staging_fact_network_usage"} */
drop table if exists "airflow"."driven_staging"."fact_network_usage__dbt_backup" cascade
[0m01:47:52.590268 [debug] [Thread-1 (]: SQL status: DROP TABLE in 0.004 seconds
[0m01:47:52.592029 [debug] [Thread-1 (]: On model.dbt_driven_data.staging_fact_network_usage: Close
[0m01:47:52.592805 [debug] [Thread-1 (]: Sending event: {'category': 'dbt', 'action': 'run_model', 'label': '04ba2d0e-217d-497b-af00-3266412eb407', 'context': [<snowplow_tracker.self_describing_json.SelfDescribingJson object at 0x759bdb92ffe0>]}
[0m01:47:52.593528 [info ] [Thread-1 (]: 5 of 5 OK created sql table model driven_staging.fact_network_usage ............ [[32mSELECT 21276[0m in 0.09s]
[0m01:47:52.594493 [debug] [Thread-1 (]: Finished running node model.dbt_driven_data.staging_fact_network_usage
[0m01:47:52.596339 [debug] [MainThread]: Using postgres connection "master"
[0m01:47:52.596950 [debug] [MainThread]: On master: BEGIN
[0m01:47:52.597519 [debug] [MainThread]: Opening a new connection, currently in state closed
[0m01:47:52.603055 [debug] [MainThread]: SQL status: BEGIN in 0.005 seconds
[0m01:47:52.604154 [debug] [MainThread]: On master: COMMIT
[0m01:47:52.604795 [debug] [MainThread]: Using postgres connection "master"
[0m01:47:52.605377 [debug] [MainThread]: On master: COMMIT
[0m01:47:52.606303 [debug] [MainThread]: SQL status: COMMIT in 0.000 seconds
[0m01:47:52.606951 [debug] [MainThread]: On master: Close
[0m01:47:52.607747 [debug] [MainThread]: Connection 'master' was properly closed.
[0m01:47:52.608250 [debug] [MainThread]: Connection 'model.dbt_driven_data.staging_fact_network_usage' was properly closed.
[0m01:47:52.608912 [info ] [MainThread]: 
[0m01:47:52.609706 [info ] [MainThread]: Finished running 5 table models in 0 hours 0 minutes and 0.77 seconds (0.77s).
[0m01:47:52.611335 [debug] [MainThread]: Command end result
[0m01:47:52.660193 [info ] [MainThread]: 
[0m01:47:52.661118 [info ] [MainThread]: [32mCompleted successfully[0m
[0m01:47:52.661694 [info ] [MainThread]: 
[0m01:47:52.662264 [info ] [MainThread]: Done. PASS=5 WARN=0 ERROR=0 SKIP=0 TOTAL=5
[0m01:47:52.663529 [debug] [MainThread]: Resource report: {"command_name": "run", "command_success": true, "command_wall_clock_time": 1.6951118, "process_user_time": 2.663687, "process_kernel_time": 0.313848, "process_mem_max_rss": "119928", "process_in_blocks": "0", "process_out_blocks": "0"}
[0m01:47:52.664273 [debug] [MainThread]: Command `dbt run` succeeded at 01:47:52.664157 after 1.70 seconds
[0m01:47:52.664902 [debug] [MainThread]: Sending event: {'category': 'dbt', 'action': 'invocation', 'label': 'end', 'context': [<snowplow_tracker.self_describing_json.SelfDescribingJson object at 0x759bdec67860>, <snowplow_tracker.self_describing_json.SelfDescribingJson object at 0x759bde62e4e0>, <snowplow_tracker.self_describing_json.SelfDescribingJson object at 0x759bdb8506e0>]}
[0m01:47:52.665446 [debug] [MainThread]: Flushing usage events
[0m01:47:56.905223 [debug] [MainThread]: Sending event: {'category': 'dbt', 'action': 'invocation', 'label': 'start', 'context': [<snowplow_tracker.self_describing_json.SelfDescribingJson object at 0x73746e784bf0>, <snowplow_tracker.self_describing_json.SelfDescribingJson object at 0x73746b6f6f30>, <snowplow_tracker.self_describing_json.SelfDescribingJson object at 0x73746b6f4b00>]}


============================== 01:47:56.912134 | b489655b-b126-43fa-85f6-254fe8df385b ==============================
[0m01:47:56.912134 [info ] [MainThread]: Running with dbt=1.8.0
[0m01:47:56.913015 [debug] [MainThread]: running dbt with arguments {'printer_width': '80', 'indirect_selection': 'eager', 'log_cache_events': 'False', 'write_json': 'True', 'partial_parse': 'True', 'cache_selected_only': 'False', 'warn_error': 'None', 'version_check': 'True', 'profiles_dir': '/opt/airflow/dbt', 'log_path': '/opt/airflow/dbt/logs', 'fail_fast': 'False', 'debug': 'False', 'use_colors': 'True', 'use_experimental_parser': 'False', 'no_print': 'None', 'quiet': 'False', 'warn_error_options': 'WarnErrorOptions(include=[], exclude=[])', 'invocation_command': 'dbt run --select tag:trusted', 'log_format': 'default', 'static_parser': 'True', 'target_path': 'None', 'introspect': 'True', 'send_anonymous_usage_stats': 'True'}
[0m01:47:57.146263 [debug] [MainThread]: Sending event: {'category': 'dbt', 'action': 'project_id', 'label': 'b489655b-b126-43fa-85f6-254fe8df385b', 'context': [<snowplow_tracker.self_describing_json.SelfDescribingJson object at 0x73746ac6ffe0>]}
[0m01:47:57.206684 [debug] [MainThread]: Sending event: {'category': 'dbt', 'action': 'adapter_info', 'label': 'b489655b-b126-43fa-85f6-254fe8df385b', 'context': [<snowplow_tracker.self_describing_json.SelfDescribingJson object at 0x73746b225340>]}
[0m01:47:57.207953 [info ] [MainThread]: Registered adapter: postgres=1.8.2
[0m01:47:57.339509 [debug] [MainThread]: checksum: dbb12d416fdb55e3665e4828703bbedf40c5c90ed7ca6ff39bbbfb29b12b0a92, vars: {}, profile: , target: , version: 1.8.0
[0m01:47:57.572671 [debug] [MainThread]: Partial parsing enabled: 0 files deleted, 0 files added, 0 files changed.
[0m01:47:57.573392 [debug] [MainThread]: Partial parsing enabled, no changes found, skipping parsing
[0m01:47:57.609073 [debug] [MainThread]: Sending event: {'category': 'dbt', 'action': 'load_project', 'label': 'b489655b-b126-43fa-85f6-254fe8df385b', 'context': [<snowplow_tracker.self_describing_json.SelfDescribingJson object at 0x73746aced070>]}
[0m01:47:57.727727 [debug] [MainThread]: Sending event: {'category': 'dbt', 'action': 'resource_counts', 'label': 'b489655b-b126-43fa-85f6-254fe8df385b', 'context': [<snowplow_tracker.self_describing_json.SelfDescribingJson object at 0x73746a540860>]}
[0m01:47:57.728651 [info ] [MainThread]: Found 9 models, 10 sources, 428 macros
[0m01:47:57.729350 [debug] [MainThread]: Sending event: {'category': 'dbt', 'action': 'runnable_timing', 'label': 'b489655b-b126-43fa-85f6-254fe8df385b', 'context': [<snowplow_tracker.self_describing_json.SelfDescribingJson object at 0x73746ad376b0>]}
[0m01:47:57.731524 [info ] [MainThread]: 
[0m01:47:57.732558 [debug] [MainThread]: Acquiring new postgres connection 'master'
[0m01:47:57.737506 [debug] [ThreadPool]: Acquiring new postgres connection 'list_airflow'
[0m01:47:57.782278 [debug] [ThreadPool]: Using postgres connection "list_airflow"
[0m01:47:57.783015 [debug] [ThreadPool]: On list_airflow: /* {"app": "dbt", "dbt_version": "1.8.0", "profile_name": "default", "target_name": "dev", "connection_name": "list_airflow"} */

    select distinct nspname from pg_namespace
  
[0m01:47:57.783585 [debug] [ThreadPool]: Opening a new connection, currently in state init
[0m01:47:57.790706 [debug] [ThreadPool]: SQL status: SELECT 7 in 0.007 seconds
[0m01:47:57.792352 [debug] [ThreadPool]: On list_airflow: Close
[0m01:47:57.794555 [debug] [ThreadPool]: Re-using an available connection from the pool (formerly list_airflow, now list_airflow_driven_trusted)
[0m01:47:57.801088 [debug] [ThreadPool]: Using postgres connection "list_airflow_driven_trusted"
[0m01:47:57.801583 [debug] [ThreadPool]: On list_airflow_driven_trusted: BEGIN
[0m01:47:57.802013 [debug] [ThreadPool]: Opening a new connection, currently in state closed
[0m01:47:57.807498 [debug] [ThreadPool]: SQL status: BEGIN in 0.005 seconds
[0m01:47:57.808162 [debug] [ThreadPool]: Using postgres connection "list_airflow_driven_trusted"
[0m01:47:57.808705 [debug] [ThreadPool]: On list_airflow_driven_trusted: /* {"app": "dbt", "dbt_version": "1.8.0", "profile_name": "default", "target_name": "dev", "connection_name": "list_airflow_driven_trusted"} */
select
      'airflow' as database,
      tablename as name,
      schemaname as schema,
      'table' as type
    from pg_tables
    where schemaname ilike 'driven_trusted'
    union all
    select
      'airflow' as database,
      viewname as name,
      schemaname as schema,
      'view' as type
    from pg_views
    where schemaname ilike 'driven_trusted'
    union all
    select
      'airflow' as database,
      matviewname as name,
      schemaname as schema,
      'materialized_view' as type
    from pg_matviews
    where schemaname ilike 'driven_trusted'
  
[0m01:47:57.812182 [debug] [ThreadPool]: SQL status: SELECT 4 in 0.003 seconds
[0m01:47:57.813844 [debug] [ThreadPool]: On list_airflow_driven_trusted: ROLLBACK
[0m01:47:57.814539 [debug] [ThreadPool]: On list_airflow_driven_trusted: Close
[0m01:47:57.815353 [debug] [ThreadPool]: Re-using an available connection from the pool (formerly list_airflow_driven_trusted, now list_airflow_driven_staging)
[0m01:47:57.818230 [debug] [ThreadPool]: Using postgres connection "list_airflow_driven_staging"
[0m01:47:57.818753 [debug] [ThreadPool]: On list_airflow_driven_staging: BEGIN
[0m01:47:57.819760 [debug] [ThreadPool]: Opening a new connection, currently in state closed
[0m01:47:57.825323 [debug] [ThreadPool]: SQL status: BEGIN in 0.005 seconds
[0m01:47:57.826059 [debug] [ThreadPool]: Using postgres connection "list_airflow_driven_staging"
[0m01:47:57.826641 [debug] [ThreadPool]: On list_airflow_driven_staging: /* {"app": "dbt", "dbt_version": "1.8.0", "profile_name": "default", "target_name": "dev", "connection_name": "list_airflow_driven_staging"} */
select
      'airflow' as database,
      tablename as name,
      schemaname as schema,
      'table' as type
    from pg_tables
    where schemaname ilike 'driven_staging'
    union all
    select
      'airflow' as database,
      viewname as name,
      schemaname as schema,
      'view' as type
    from pg_views
    where schemaname ilike 'driven_staging'
    union all
    select
      'airflow' as database,
      matviewname as name,
      schemaname as schema,
      'materialized_view' as type
    from pg_matviews
    where schemaname ilike 'driven_staging'
  
[0m01:47:57.830010 [debug] [ThreadPool]: SQL status: SELECT 5 in 0.003 seconds
[0m01:47:57.831700 [debug] [ThreadPool]: On list_airflow_driven_staging: ROLLBACK
[0m01:47:57.832393 [debug] [ThreadPool]: On list_airflow_driven_staging: Close
[0m01:47:57.839946 [debug] [MainThread]: Using postgres connection "master"
[0m01:47:57.840796 [debug] [MainThread]: On master: BEGIN
[0m01:47:57.841411 [debug] [MainThread]: Opening a new connection, currently in state init
[0m01:47:57.847149 [debug] [MainThread]: SQL status: BEGIN in 0.006 seconds
[0m01:47:57.847938 [debug] [MainThread]: Using postgres connection "master"
[0m01:47:57.848719 [debug] [MainThread]: On master: /* {"app": "dbt", "dbt_version": "1.8.0", "profile_name": "default", "target_name": "dev", "connection_name": "master"} */
with relation as (
        select
            pg_rewrite.ev_class as class,
            pg_rewrite.oid as id
        from pg_rewrite
    ),
    class as (
        select
            oid as id,
            relname as name,
            relnamespace as schema,
            relkind as kind
        from pg_class
    ),
    dependency as (
        select distinct
            pg_depend.objid as id,
            pg_depend.refobjid as ref
        from pg_depend
    ),
    schema as (
        select
            pg_namespace.oid as id,
            pg_namespace.nspname as name
        from pg_namespace
        where nspname != 'information_schema' and nspname not like 'pg\_%'
    ),
    referenced as (
        select
            relation.id AS id,
            referenced_class.name ,
            referenced_class.schema ,
            referenced_class.kind
        from relation
        join class as referenced_class on relation.class=referenced_class.id
        where referenced_class.kind in ('r', 'v', 'm')
    ),
    relationships as (
        select
            referenced.name as referenced_name,
            referenced.schema as referenced_schema_id,
            dependent_class.name as dependent_name,
            dependent_class.schema as dependent_schema_id,
            referenced.kind as kind
        from referenced
        join dependency on referenced.id=dependency.id
        join class as dependent_class on dependency.ref=dependent_class.id
        where
            (referenced.name != dependent_class.name or
             referenced.schema != dependent_class.schema)
    )

    select
        referenced_schema.name as referenced_schema,
        relationships.referenced_name as referenced_name,
        dependent_schema.name as dependent_schema,
        relationships.dependent_name as dependent_name
    from relationships
    join schema as dependent_schema on relationships.dependent_schema_id=dependent_schema.id
    join schema as referenced_schema on relationships.referenced_schema_id=referenced_schema.id
    group by referenced_schema, referenced_name, dependent_schema, dependent_name
    order by referenced_schema, referenced_name, dependent_schema, dependent_name;
[0m01:47:57.853260 [debug] [MainThread]: SQL status: SELECT 0 in 0.004 seconds
[0m01:47:57.855170 [debug] [MainThread]: Sending event: {'category': 'dbt', 'action': 'runnable_timing', 'label': 'b489655b-b126-43fa-85f6-254fe8df385b', 'context': [<snowplow_tracker.self_describing_json.SelfDescribingJson object at 0x73746b331df0>]}
[0m01:47:57.855956 [debug] [MainThread]: On master: ROLLBACK
[0m01:47:57.856782 [debug] [MainThread]: Using postgres connection "master"
[0m01:47:57.857351 [debug] [MainThread]: On master: BEGIN
[0m01:47:57.858415 [debug] [MainThread]: SQL status: BEGIN in 0.000 seconds
[0m01:47:57.859008 [debug] [MainThread]: On master: COMMIT
[0m01:47:57.859642 [debug] [MainThread]: Using postgres connection "master"
[0m01:47:57.860156 [debug] [MainThread]: On master: COMMIT
[0m01:47:57.860983 [debug] [MainThread]: SQL status: COMMIT in 0.000 seconds
[0m01:47:57.861578 [debug] [MainThread]: On master: Close
[0m01:47:57.862365 [info ] [MainThread]: Concurrency: 1 threads (target='dev')
[0m01:47:57.863241 [info ] [MainThread]: 
[0m01:47:57.874997 [debug] [Thread-1 (]: Began running node model.dbt_driven_data.trusted_non_pii_data
[0m01:47:57.875798 [info ] [Thread-1 (]: 1 of 4 START sql table model driven_trusted.non_pii_data ....................... [RUN]
[0m01:47:57.876576 [debug] [Thread-1 (]: Re-using an available connection from the pool (formerly list_airflow_driven_staging, now model.dbt_driven_data.trusted_non_pii_data)
[0m01:47:57.877447 [debug] [Thread-1 (]: Began compiling node model.dbt_driven_data.trusted_non_pii_data
[0m01:47:57.887299 [debug] [Thread-1 (]: Writing injected SQL for node "model.dbt_driven_data.trusted_non_pii_data"
[0m01:47:57.895907 [debug] [Thread-1 (]: Began executing node model.dbt_driven_data.trusted_non_pii_data
[0m01:47:57.937972 [debug] [Thread-1 (]: Writing runtime sql for node "model.dbt_driven_data.trusted_non_pii_data"
[0m01:47:57.945254 [debug] [Thread-1 (]: Using postgres connection "model.dbt_driven_data.trusted_non_pii_data"
[0m01:47:57.945830 [debug] [Thread-1 (]: On model.dbt_driven_data.trusted_non_pii_data: BEGIN
[0m01:47:57.946343 [debug] [Thread-1 (]: Opening a new connection, currently in state closed
[0m01:47:57.951479 [debug] [Thread-1 (]: SQL status: BEGIN in 0.005 seconds
[0m01:47:57.952244 [debug] [Thread-1 (]: Using postgres connection "model.dbt_driven_data.trusted_non_pii_data"
[0m01:47:57.952959 [debug] [Thread-1 (]: On model.dbt_driven_data.trusted_non_pii_data: /* {"app": "dbt", "dbt_version": "1.8.0", "profile_name": "default", "target_name": "dev", "node_id": "model.dbt_driven_data.trusted_non_pii_data"} */

  
    

  create  table "airflow"."driven_trusted"."non_pii_data__dbt_tmp"
  
  
    as
  
  (
     
 
WITH source_data AS ( 
    SELECT 
        '***MASKED***' AS person_name, 
        SUBSTRING(dp.user_name, 1, 5) || '*****'  user_name, 
        SUBSTRING(dp.email, 1, 5) || '*****' AS email, 
        '***MASKED***'  AS personal_number,  
        '***MASKED***' AS birth_date,  
        '***MASKED***' AS address, 
        '***MASKED***'  AS phone,  
        SUBSTRING(da.mac_address, 1, 5) || '*****' AS mac_address, 
        SUBSTRING(da.ip_address, 1, 5) || '*****' AS ip_address, 
        SUBSTRING(df.iban, 1, 5) || '*****' AS iban, 
        dd.accessed_at, 
        fnu.session_duration, 
        fnu.download_speed, 
        fnu.upload_speed, 
        fnu.consumed_traffic, 
        fnu.unique_id 
    FROM
     "airflow"."driven_staging"."fact_network_usage" fnu 
    INNER JOIN 
        "airflow"."driven_staging"."dim_address" da ON 
fnu.unique_id = da.unique_id 
    INNER JOIN 
        "airflow"."driven_staging"."dim_date" dd ON da.unique_id = 
dd.unique_id 
    INNER JOIN 
        "airflow"."driven_staging"."dim_finance" df ON dd.unique_id 
= df.unique_id 
    INNER JOIN 
        "airflow"."driven_staging"."dim_person" dp ON df.unique_id 
= dp.unique_id 
) 
 
SELECT 
    * 
FROM 
    source_data
  );
  
[0m01:47:58.650263 [debug] [Thread-1 (]: SQL status: SELECT 21276 in 0.697 seconds
[0m01:47:58.656880 [debug] [Thread-1 (]: Using postgres connection "model.dbt_driven_data.trusted_non_pii_data"
[0m01:47:58.657523 [debug] [Thread-1 (]: On model.dbt_driven_data.trusted_non_pii_data: /* {"app": "dbt", "dbt_version": "1.8.0", "profile_name": "default", "target_name": "dev", "node_id": "model.dbt_driven_data.trusted_non_pii_data"} */
alter table "airflow"."driven_trusted"."non_pii_data" rename to "non_pii_data__dbt_backup"
[0m01:47:58.658490 [debug] [Thread-1 (]: SQL status: ALTER TABLE in 0.000 seconds
[0m01:47:58.661424 [debug] [Thread-1 (]: Using postgres connection "model.dbt_driven_data.trusted_non_pii_data"
[0m01:47:58.661930 [debug] [Thread-1 (]: On model.dbt_driven_data.trusted_non_pii_data: /* {"app": "dbt", "dbt_version": "1.8.0", "profile_name": "default", "target_name": "dev", "node_id": "model.dbt_driven_data.trusted_non_pii_data"} */
alter table "airflow"."driven_trusted"."non_pii_data__dbt_tmp" rename to "non_pii_data"
[0m01:47:58.662740 [debug] [Thread-1 (]: SQL status: ALTER TABLE in 0.000 seconds
[0m01:47:58.682303 [debug] [Thread-1 (]: On model.dbt_driven_data.trusted_non_pii_data: COMMIT
[0m01:47:58.682974 [debug] [Thread-1 (]: Using postgres connection "model.dbt_driven_data.trusted_non_pii_data"
[0m01:47:58.683575 [debug] [Thread-1 (]: On model.dbt_driven_data.trusted_non_pii_data: COMMIT
[0m01:47:58.693049 [debug] [Thread-1 (]: SQL status: COMMIT in 0.009 seconds
[0m01:47:58.699299 [debug] [Thread-1 (]: Applying DROP to: "airflow"."driven_trusted"."non_pii_data__dbt_backup"
[0m01:47:58.705740 [debug] [Thread-1 (]: Using postgres connection "model.dbt_driven_data.trusted_non_pii_data"
[0m01:47:58.706399 [debug] [Thread-1 (]: On model.dbt_driven_data.trusted_non_pii_data: /* {"app": "dbt", "dbt_version": "1.8.0", "profile_name": "default", "target_name": "dev", "node_id": "model.dbt_driven_data.trusted_non_pii_data"} */
drop table if exists "airflow"."driven_trusted"."non_pii_data__dbt_backup" cascade
[0m01:47:58.712546 [debug] [Thread-1 (]: SQL status: DROP TABLE in 0.005 seconds
[0m01:47:58.715206 [debug] [Thread-1 (]: On model.dbt_driven_data.trusted_non_pii_data: Close
[0m01:47:58.716783 [debug] [Thread-1 (]: Sending event: {'category': 'dbt', 'action': 'run_model', 'label': 'b489655b-b126-43fa-85f6-254fe8df385b', 'context': [<snowplow_tracker.self_describing_json.SelfDescribingJson object at 0x73746cbe1d60>]}
[0m01:47:58.717536 [info ] [Thread-1 (]: 1 of 4 OK created sql table model driven_trusted.non_pii_data .................. [[32mSELECT 21276[0m in 0.84s]
[0m01:47:58.718341 [debug] [Thread-1 (]: Finished running node model.dbt_driven_data.trusted_non_pii_data
[0m01:47:58.718945 [debug] [Thread-1 (]: Began running node model.dbt_driven_data.trusted_payment_data
[0m01:47:58.719817 [info ] [Thread-1 (]: 2 of 4 START sql table model driven_trusted.payment_data ....................... [RUN]
[0m01:47:58.720618 [debug] [Thread-1 (]: Re-using an available connection from the pool (formerly model.dbt_driven_data.trusted_non_pii_data, now model.dbt_driven_data.trusted_payment_data)
[0m01:47:58.721272 [debug] [Thread-1 (]: Began compiling node model.dbt_driven_data.trusted_payment_data
[0m01:47:58.725042 [debug] [Thread-1 (]: Writing injected SQL for node "model.dbt_driven_data.trusted_payment_data"
[0m01:47:58.732312 [debug] [Thread-1 (]: Began executing node model.dbt_driven_data.trusted_payment_data
[0m01:47:58.736322 [debug] [Thread-1 (]: Writing runtime sql for node "model.dbt_driven_data.trusted_payment_data"
[0m01:47:58.743765 [debug] [Thread-1 (]: Using postgres connection "model.dbt_driven_data.trusted_payment_data"
[0m01:47:58.744458 [debug] [Thread-1 (]: On model.dbt_driven_data.trusted_payment_data: BEGIN
[0m01:47:58.745015 [debug] [Thread-1 (]: Opening a new connection, currently in state closed
[0m01:47:58.750047 [debug] [Thread-1 (]: SQL status: BEGIN in 0.005 seconds
[0m01:47:58.750683 [debug] [Thread-1 (]: Using postgres connection "model.dbt_driven_data.trusted_payment_data"
[0m01:47:58.751350 [debug] [Thread-1 (]: On model.dbt_driven_data.trusted_payment_data: /* {"app": "dbt", "dbt_version": "1.8.0", "profile_name": "default", "target_name": "dev", "node_id": "model.dbt_driven_data.trusted_payment_data"} */

  
    

  create  table "airflow"."driven_trusted"."payment_data__dbt_tmp"
  
  
    as
  
  (
     
 
WITH source_data AS ( 
    SELECT 
        fnu.unique_id, 
        df.iban, 
        fnu.download_speed, 
        fnu.upload_speed, 
        fnu.session_duration, 
        fnu.consumed_traffic, 
        ((fnu.download_speed + fnu.upload_speed + 1)/2) + 
(fnu.consumed_traffic / (fnu.session_duration + 1)) AS payment_amount 
    FROM 
        "airflow"."driven_staging"."fact_network_usage" fnu 
    JOIN 
        "airflow"."driven_staging"."dim_finance" df 
    ON 
     fnu.unique_id = df.unique_id 
) 
 
SELECT 
    * 
FROM 
    source_data
  );
  
[0m01:47:58.844844 [debug] [Thread-1 (]: SQL status: SELECT 21276 in 0.093 seconds
[0m01:47:58.848148 [debug] [Thread-1 (]: Using postgres connection "model.dbt_driven_data.trusted_payment_data"
[0m01:47:58.848746 [debug] [Thread-1 (]: On model.dbt_driven_data.trusted_payment_data: /* {"app": "dbt", "dbt_version": "1.8.0", "profile_name": "default", "target_name": "dev", "node_id": "model.dbt_driven_data.trusted_payment_data"} */
alter table "airflow"."driven_trusted"."payment_data" rename to "payment_data__dbt_backup"
[0m01:47:58.849589 [debug] [Thread-1 (]: SQL status: ALTER TABLE in 0.000 seconds
[0m01:47:58.852237 [debug] [Thread-1 (]: Using postgres connection "model.dbt_driven_data.trusted_payment_data"
[0m01:47:58.853079 [debug] [Thread-1 (]: On model.dbt_driven_data.trusted_payment_data: /* {"app": "dbt", "dbt_version": "1.8.0", "profile_name": "default", "target_name": "dev", "node_id": "model.dbt_driven_data.trusted_payment_data"} */
alter table "airflow"."driven_trusted"."payment_data__dbt_tmp" rename to "payment_data"
[0m01:47:58.854214 [debug] [Thread-1 (]: SQL status: ALTER TABLE in 0.000 seconds
[0m01:47:58.856604 [debug] [Thread-1 (]: On model.dbt_driven_data.trusted_payment_data: COMMIT
[0m01:47:58.857476 [debug] [Thread-1 (]: Using postgres connection "model.dbt_driven_data.trusted_payment_data"
[0m01:47:58.858096 [debug] [Thread-1 (]: On model.dbt_driven_data.trusted_payment_data: COMMIT
[0m01:47:58.866464 [debug] [Thread-1 (]: SQL status: COMMIT in 0.008 seconds
[0m01:47:58.869235 [debug] [Thread-1 (]: Applying DROP to: "airflow"."driven_trusted"."payment_data__dbt_backup"
[0m01:47:58.870155 [debug] [Thread-1 (]: Using postgres connection "model.dbt_driven_data.trusted_payment_data"
[0m01:47:58.870675 [debug] [Thread-1 (]: On model.dbt_driven_data.trusted_payment_data: /* {"app": "dbt", "dbt_version": "1.8.0", "profile_name": "default", "target_name": "dev", "node_id": "model.dbt_driven_data.trusted_payment_data"} */
drop table if exists "airflow"."driven_trusted"."payment_data__dbt_backup" cascade
[0m01:47:58.875547 [debug] [Thread-1 (]: SQL status: DROP TABLE in 0.004 seconds
[0m01:47:58.877127 [debug] [Thread-1 (]: On model.dbt_driven_data.trusted_payment_data: Close
[0m01:47:58.877832 [debug] [Thread-1 (]: Sending event: {'category': 'dbt', 'action': 'run_model', 'label': 'b489655b-b126-43fa-85f6-254fe8df385b', 'context': [<snowplow_tracker.self_describing_json.SelfDescribingJson object at 0x737469580e90>]}
[0m01:47:58.878561 [info ] [Thread-1 (]: 2 of 4 OK created sql table model driven_trusted.payment_data .................. [[32mSELECT 21276[0m in 0.16s]
[0m01:47:58.879467 [debug] [Thread-1 (]: Finished running node model.dbt_driven_data.trusted_payment_data
[0m01:47:58.880228 [debug] [Thread-1 (]: Began running node model.dbt_driven_data.trusted_pii_data
[0m01:47:58.880877 [info ] [Thread-1 (]: 3 of 4 START sql table model driven_trusted.pii_data ........................... [RUN]
[0m01:47:58.881574 [debug] [Thread-1 (]: Re-using an available connection from the pool (formerly model.dbt_driven_data.trusted_payment_data, now model.dbt_driven_data.trusted_pii_data)
[0m01:47:58.882141 [debug] [Thread-1 (]: Began compiling node model.dbt_driven_data.trusted_pii_data
[0m01:47:58.886287 [debug] [Thread-1 (]: Writing injected SQL for node "model.dbt_driven_data.trusted_pii_data"
[0m01:47:58.894302 [debug] [Thread-1 (]: Began executing node model.dbt_driven_data.trusted_pii_data
[0m01:47:58.899308 [debug] [Thread-1 (]: Writing runtime sql for node "model.dbt_driven_data.trusted_pii_data"
[0m01:47:58.906890 [debug] [Thread-1 (]: Using postgres connection "model.dbt_driven_data.trusted_pii_data"
[0m01:47:58.907746 [debug] [Thread-1 (]: On model.dbt_driven_data.trusted_pii_data: BEGIN
[0m01:47:58.908296 [debug] [Thread-1 (]: Opening a new connection, currently in state closed
[0m01:47:58.913373 [debug] [Thread-1 (]: SQL status: BEGIN in 0.005 seconds
[0m01:47:58.913993 [debug] [Thread-1 (]: Using postgres connection "model.dbt_driven_data.trusted_pii_data"
[0m01:47:58.914720 [debug] [Thread-1 (]: On model.dbt_driven_data.trusted_pii_data: /* {"app": "dbt", "dbt_version": "1.8.0", "profile_name": "default", "target_name": "dev", "node_id": "model.dbt_driven_data.trusted_pii_data"} */

  
    

  create  table "airflow"."driven_trusted"."pii_data__dbt_tmp"
  
  
    as
  
  (
     
 
WITH source_data AS ( 
    SELECT 
        dp.person_name, 
        dp.user_name, 
        dp.email, 
        dp.personal_number,  
        dp.birth_date,  
        da.address, 
        dp.phone,  
        da.mac_address, 
        da.ip_address, 
        df.iban, 
        dd.accessed_at, 
        fnu.session_duration, 
        fnu.download_speed, 
        fnu.upload_speed,
        fnu.consumed_traffic, 
        fnu.unique_id 
    FROM 
        "airflow"."driven_staging"."fact_network_usage" fnu 
    INNER JOIN 
        "airflow"."driven_staging"."dim_address" da ON 
fnu.unique_id = da.unique_id 
    INNER JOIN 
        "airflow"."driven_staging"."dim_date" dd ON da.unique_id = 
dd.unique_id 
    INNER JOIN 
        "airflow"."driven_staging"."dim_finance" df ON dd.unique_id 
= df.unique_id 
    INNER JOIN 
        "airflow"."driven_staging"."dim_person" dp ON df.unique_id 
= dp.unique_id 
) 
 
SELECT 
    * 
FROM 
    source_data
  );
  
[0m01:47:59.736742 [debug] [Thread-1 (]: SQL status: SELECT 21276 in 0.821 seconds
[0m01:47:59.740157 [debug] [Thread-1 (]: Using postgres connection "model.dbt_driven_data.trusted_pii_data"
[0m01:47:59.740922 [debug] [Thread-1 (]: On model.dbt_driven_data.trusted_pii_data: /* {"app": "dbt", "dbt_version": "1.8.0", "profile_name": "default", "target_name": "dev", "node_id": "model.dbt_driven_data.trusted_pii_data"} */
alter table "airflow"."driven_trusted"."pii_data" rename to "pii_data__dbt_backup"
[0m01:47:59.741830 [debug] [Thread-1 (]: SQL status: ALTER TABLE in 0.000 seconds
[0m01:47:59.744685 [debug] [Thread-1 (]: Using postgres connection "model.dbt_driven_data.trusted_pii_data"
[0m01:47:59.745269 [debug] [Thread-1 (]: On model.dbt_driven_data.trusted_pii_data: /* {"app": "dbt", "dbt_version": "1.8.0", "profile_name": "default", "target_name": "dev", "node_id": "model.dbt_driven_data.trusted_pii_data"} */
alter table "airflow"."driven_trusted"."pii_data__dbt_tmp" rename to "pii_data"
[0m01:47:59.746058 [debug] [Thread-1 (]: SQL status: ALTER TABLE in 0.000 seconds
[0m01:47:59.748030 [debug] [Thread-1 (]: On model.dbt_driven_data.trusted_pii_data: COMMIT
[0m01:47:59.748545 [debug] [Thread-1 (]: Using postgres connection "model.dbt_driven_data.trusted_pii_data"
[0m01:47:59.749164 [debug] [Thread-1 (]: On model.dbt_driven_data.trusted_pii_data: COMMIT
[0m01:47:59.756538 [debug] [Thread-1 (]: SQL status: COMMIT in 0.007 seconds
[0m01:47:59.759143 [debug] [Thread-1 (]: Applying DROP to: "airflow"."driven_trusted"."pii_data__dbt_backup"
[0m01:47:59.760101 [debug] [Thread-1 (]: Using postgres connection "model.dbt_driven_data.trusted_pii_data"
[0m01:47:59.760809 [debug] [Thread-1 (]: On model.dbt_driven_data.trusted_pii_data: /* {"app": "dbt", "dbt_version": "1.8.0", "profile_name": "default", "target_name": "dev", "node_id": "model.dbt_driven_data.trusted_pii_data"} */
drop table if exists "airflow"."driven_trusted"."pii_data__dbt_backup" cascade
[0m01:47:59.767306 [debug] [Thread-1 (]: SQL status: DROP TABLE in 0.006 seconds
[0m01:47:59.768876 [debug] [Thread-1 (]: On model.dbt_driven_data.trusted_pii_data: Close
[0m01:47:59.769857 [debug] [Thread-1 (]: Sending event: {'category': 'dbt', 'action': 'run_model', 'label': 'b489655b-b126-43fa-85f6-254fe8df385b', 'context': [<snowplow_tracker.self_describing_json.SelfDescribingJson object at 0x737468545760>]}
[0m01:47:59.770897 [info ] [Thread-1 (]: 3 of 4 OK created sql table model driven_trusted.pii_data ...................... [[32mSELECT 21276[0m in 0.89s]
[0m01:47:59.771771 [debug] [Thread-1 (]: Finished running node model.dbt_driven_data.trusted_pii_data
[0m01:47:59.772450 [debug] [Thread-1 (]: Began running node model.dbt_driven_data.trusted_technical_data
[0m01:47:59.773145 [info ] [Thread-1 (]: 4 of 4 START sql table model driven_trusted.technical_data ..................... [RUN]
[0m01:47:59.773835 [debug] [Thread-1 (]: Re-using an available connection from the pool (formerly model.dbt_driven_data.trusted_pii_data, now model.dbt_driven_data.trusted_technical_data)
[0m01:47:59.774354 [debug] [Thread-1 (]: Began compiling node model.dbt_driven_data.trusted_technical_data
[0m01:47:59.778034 [debug] [Thread-1 (]: Writing injected SQL for node "model.dbt_driven_data.trusted_technical_data"
[0m01:47:59.787720 [debug] [Thread-1 (]: Began executing node model.dbt_driven_data.trusted_technical_data
[0m01:47:59.791761 [debug] [Thread-1 (]: Writing runtime sql for node "model.dbt_driven_data.trusted_technical_data"
[0m01:47:59.808434 [debug] [Thread-1 (]: Using postgres connection "model.dbt_driven_data.trusted_technical_data"
[0m01:47:59.809137 [debug] [Thread-1 (]: On model.dbt_driven_data.trusted_technical_data: BEGIN
[0m01:47:59.809754 [debug] [Thread-1 (]: Opening a new connection, currently in state closed
[0m01:47:59.815628 [debug] [Thread-1 (]: SQL status: BEGIN in 0.006 seconds
[0m01:47:59.816625 [debug] [Thread-1 (]: Using postgres connection "model.dbt_driven_data.trusted_technical_data"
[0m01:47:59.817674 [debug] [Thread-1 (]: On model.dbt_driven_data.trusted_technical_data: /* {"app": "dbt", "dbt_version": "1.8.0", "profile_name": "default", "target_name": "dev", "node_id": "model.dbt_driven_data.trusted_technical_data"} */

  
    

  create  table "airflow"."driven_trusted"."technical_data__dbt_tmp"
  
  
    as
  
  (
     
 
WITH source_data AS ( 
    SELECT 
        fnu.unique_id, 
        da.address, 
        da.mac_address, 
        da.ip_address, 
        fnu.download_speed, 
        fnu.upload_speed, 
        ROUND((fnu.session_duration/60), 1) as min_session_duration, 
        CASE
         WHEN fnu.download_speed < 50 OR fnu.upload_speed < 30 OR 
fnu.session_duration/60 < 1 THEN true 
            ELSE false 
        END AS technical_issue 
    FROM 
        "airflow"."driven_staging"."fact_network_usage" fnu 
    JOIN 
        "airflow"."driven_staging"."dim_address" da 
    ON 
     fnu.unique_id = da.unique_id 
) 
 
SELECT 
    * 
FROM 
    source_data
  );
  
[0m01:47:59.966032 [debug] [Thread-1 (]: SQL status: SELECT 21276 in 0.148 seconds
[0m01:47:59.969337 [debug] [Thread-1 (]: Using postgres connection "model.dbt_driven_data.trusted_technical_data"
[0m01:47:59.970044 [debug] [Thread-1 (]: On model.dbt_driven_data.trusted_technical_data: /* {"app": "dbt", "dbt_version": "1.8.0", "profile_name": "default", "target_name": "dev", "node_id": "model.dbt_driven_data.trusted_technical_data"} */
alter table "airflow"."driven_trusted"."technical_data" rename to "technical_data__dbt_backup"
[0m01:47:59.971228 [debug] [Thread-1 (]: SQL status: ALTER TABLE in 0.000 seconds
[0m01:47:59.974458 [debug] [Thread-1 (]: Using postgres connection "model.dbt_driven_data.trusted_technical_data"
[0m01:47:59.975055 [debug] [Thread-1 (]: On model.dbt_driven_data.trusted_technical_data: /* {"app": "dbt", "dbt_version": "1.8.0", "profile_name": "default", "target_name": "dev", "node_id": "model.dbt_driven_data.trusted_technical_data"} */
alter table "airflow"."driven_trusted"."technical_data__dbt_tmp" rename to "technical_data"
[0m01:47:59.975888 [debug] [Thread-1 (]: SQL status: ALTER TABLE in 0.000 seconds
[0m01:47:59.977832 [debug] [Thread-1 (]: On model.dbt_driven_data.trusted_technical_data: COMMIT
[0m01:47:59.978358 [debug] [Thread-1 (]: Using postgres connection "model.dbt_driven_data.trusted_technical_data"
[0m01:47:59.979039 [debug] [Thread-1 (]: On model.dbt_driven_data.trusted_technical_data: COMMIT
[0m01:47:59.990799 [debug] [Thread-1 (]: SQL status: COMMIT in 0.011 seconds
[0m01:47:59.993483 [debug] [Thread-1 (]: Applying DROP to: "airflow"."driven_trusted"."technical_data__dbt_backup"
[0m01:47:59.994343 [debug] [Thread-1 (]: Using postgres connection "model.dbt_driven_data.trusted_technical_data"
[0m01:47:59.994952 [debug] [Thread-1 (]: On model.dbt_driven_data.trusted_technical_data: /* {"app": "dbt", "dbt_version": "1.8.0", "profile_name": "default", "target_name": "dev", "node_id": "model.dbt_driven_data.trusted_technical_data"} */
drop table if exists "airflow"."driven_trusted"."technical_data__dbt_backup" cascade
[0m01:48:00.000461 [debug] [Thread-1 (]: SQL status: DROP TABLE in 0.005 seconds
[0m01:48:00.002066 [debug] [Thread-1 (]: On model.dbt_driven_data.trusted_technical_data: Close
[0m01:48:00.003827 [debug] [Thread-1 (]: Sending event: {'category': 'dbt', 'action': 'run_model', 'label': 'b489655b-b126-43fa-85f6-254fe8df385b', 'context': [<snowplow_tracker.self_describing_json.SelfDescribingJson object at 0x737468545760>]}
[0m01:48:00.005030 [info ] [Thread-1 (]: 4 of 4 OK created sql table model driven_trusted.technical_data ................ [[32mSELECT 21276[0m in 0.23s]
[0m01:48:00.006029 [debug] [Thread-1 (]: Finished running node model.dbt_driven_data.trusted_technical_data
[0m01:48:00.008075 [debug] [MainThread]: Using postgres connection "master"
[0m01:48:00.008740 [debug] [MainThread]: On master: BEGIN
[0m01:48:00.009270 [debug] [MainThread]: Opening a new connection, currently in state closed
[0m01:48:00.014511 [debug] [MainThread]: SQL status: BEGIN in 0.005 seconds
[0m01:48:00.015529 [debug] [MainThread]: On master: COMMIT
[0m01:48:00.016173 [debug] [MainThread]: Using postgres connection "master"
[0m01:48:00.016727 [debug] [MainThread]: On master: COMMIT
[0m01:48:00.017516 [debug] [MainThread]: SQL status: COMMIT in 0.000 seconds
[0m01:48:00.018121 [debug] [MainThread]: On master: Close
[0m01:48:00.018863 [debug] [MainThread]: Connection 'master' was properly closed.
[0m01:48:00.022729 [debug] [MainThread]: Connection 'model.dbt_driven_data.trusted_technical_data' was properly closed.
[0m01:48:00.024125 [info ] [MainThread]: 
[0m01:48:00.025062 [info ] [MainThread]: Finished running 4 table models in 0 hours 0 minutes and 2.29 seconds (2.29s).
[0m01:48:00.026850 [debug] [MainThread]: Command end result
[0m01:48:00.083164 [info ] [MainThread]: 
[0m01:48:00.083936 [info ] [MainThread]: [32mCompleted successfully[0m
[0m01:48:00.084696 [info ] [MainThread]: 
[0m01:48:00.085341 [info ] [MainThread]: Done. PASS=4 WARN=0 ERROR=0 SKIP=0 TOTAL=4
[0m01:48:00.087060 [debug] [MainThread]: Resource report: {"command_name": "run", "command_success": true, "command_wall_clock_time": 3.2467024, "process_user_time": 2.727536, "process_kernel_time": 0.399932, "process_mem_max_rss": "119940", "process_in_blocks": "0", "process_out_blocks": "0"}
[0m01:48:00.087956 [debug] [MainThread]: Command `dbt run` succeeded at 01:48:00.087802 after 3.25 seconds
[0m01:48:00.088635 [debug] [MainThread]: Sending event: {'category': 'dbt', 'action': 'invocation', 'label': 'end', 'context': [<snowplow_tracker.self_describing_json.SelfDescribingJson object at 0x73746c596240>, <snowplow_tracker.self_describing_json.SelfDescribingJson object at 0x73746c314ec0>, <snowplow_tracker.self_describing_json.SelfDescribingJson object at 0x73746b980680>]}
[0m01:48:00.089301 [debug] [MainThread]: Flushing usage events
